2026-06-06 15:42:47 | ERROR    | convoy | Cashfree send OTP failed: IP not whitelisted. Your current ip is 122.162.146.188. For IP whitelisting assistance, visit our guide at https://www.cashfree.com/docs/secure-id/get-started/integration/ip-whitelisting-verification.
2026-06-07 22:43:43 | ERROR    | convoy | Error in verify_otp: (sqlalchemy.dialects.postgresql.asyncpg.ProgrammingError) <class 'asyncpg.exceptions.UndefinedColumnError'>: column users.verification_status does not exist
[SQL: SELECT users.id, users.mobile, users.name, users.profile_photo, users.kyc_status, users.account_status, users.created_date, users.push_token, users.verification_status 
FROM users 
WHERE users.mobile = $1::VARCHAR]
[parameters: ('8090364218',)]
(Background on this error at: https://sqlalche.me/e/20/f405)
2026-06-08 10:38:33 | ERROR    | convoy | Cashfree Smart OCR failed: IP not whitelisted. Your current ip is 122.162.146.188. For IP whitelisting assistance, visit our guide at https://www.cashfree.com/docs/secure-id/get-started/integration/ip-whitelisting-verification.
2026-06-08 10:38:33 | ERROR    | convoy | Cashfree Smart OCR failed: IP not whitelisted. Your current ip is 122.162.146.188. For IP whitelisting assistance, visit our guide at https://www.cashfree.com/docs/secure-id/get-started/integration/ip-whitelisting-verification.
2026-07-13 18:12:02 | ERROR    | convoy | Post expiry job failed: (sqlalchemy.dialects.postgresql.asyncpg.Error) <class 'asyncpg.exceptions.ConnectionDoesNotExistError'>: connection was closed in the middle of operation
[SQL: UPDATE truck_routes SET status=$1::VARCHAR WHERE truck_routes.status IN ($3::VARCHAR, $4::VARCHAR) AND truck_routes.expires_at <= $2::TIMESTAMP WITHOUT TIME ZONE]
[parameters: ('expired', datetime.datetime(2026, 7, 13, 12, 41, 43, 930278), 'available', 'active')]
(Background on this error at: https://sqlalche.me/e/20/dbapi)
TimeoutError: [Errno 60] Operation timed out

The above exception was the direct cause of the following exception:

Traceback (most recent call last):
  File "/Users/ankit/Documents/sharkship-others/convoy_prod/.venv/lib/python3.14/site-packages/sqlalchemy/dialects/postgresql/asyncpg.py", line 848, in _start_transaction
    await self._transaction.start()
  File "/Users/ankit/Documents/sharkship-others/convoy_prod/.venv/lib/python3.14/site-packages/asyncpg/transaction.py", line 146, in start
    await self._connection.execute(query)
  File "/Users/ankit/Documents/sharkship-others/convoy_prod/.venv/lib/python3.14/site-packages/asyncpg/connection.py", line 354, in execute
    result = await self._protocol.query(query, timeout)
             ^^^^^^^^^^^^^^^^^^^^^^^^^^^^^^^^^^^^^^^^^^
  File "asyncpg/protocol/protocol.pyx", line 369, in query
asyncpg.exceptions.ConnectionDoesNotExistError: connection was closed in the middle of operation

The above exception was the direct cause of the following exception:

Traceback (most recent call last):
  File "/Users/ankit/Documents/sharkship-others/convoy_prod/.venv/lib/python3.14/site-packages/sqlalchemy/engine/base.py", line 1969, in _exec_single_context
    self.dialect.do_execute(
    ~~~~~~~~~~~~~~~~~~~~~~~^
        cursor, str_statement, effective_parameters, context
        ^^^^^^^^^^^^^^^^^^^^^^^^^^^^^^^^^^^^^^^^^^^^^^^^^^^^
    )
    ^
  File "/Users/ankit/Documents/sharkship-others/convoy_prod/.venv/lib/python3.14/site-packages/sqlalchemy/engine/default.py", line 952, in do_execute
    cursor.execute(statement, parameters)
    ~~~~~~~~~~~~~~^^^^^^^^^^^^^^^^^^^^^^^
  File "/Users/ankit/Documents/sharkship-others/convoy_prod/.venv/lib/python3.14/site-packages/sqlalchemy/dialects/postgresql/asyncpg.py", line 585, in execute
    self._adapt_connection.await_(
    ~~~~~~~~~~~~~~~~~~~~~~~~~~~~~^
        self._prepare_and_execute(operation, parameters)
        ^^^^^^^^^^^^^^^^^^^^^^^^^^^^^^^^^^^^^^^^^^^^^^^^
    )
    ^
  File "/Users/ankit/Documents/sharkship-others/convoy_prod/.venv/lib/python3.14/site-packages/sqlalchemy/util/_concurrency_py3k.py", line 132, in await_only
    return current.parent.switch(awaitable)  # type: ignore[no-any-return,attr-defined] # noqa: E501
           ~~~~~~~~~~~~~~~~~~~~~^^^^^^^^^^^
  File "/Users/ankit/Documents/sharkship-others/convoy_prod/.venv/lib/python3.14/site-packages/sqlalchemy/util/_concurrency_py3k.py", line 196, in greenlet_spawn
    value = await result
            ^^^^^^^^^^^^
  File "/Users/ankit/Documents/sharkship-others/convoy_prod/.venv/lib/python3.14/site-packages/sqlalchemy/dialects/postgresql/asyncpg.py", line 520, in _prepare_and_execute
    await adapt_connection._start_transaction()
  File "/Users/ankit/Documents/sharkship-others/convoy_prod/.venv/lib/python3.14/site-packages/sqlalchemy/dialects/postgresql/asyncpg.py", line 850, in _start_transaction
    self._handle_exception(error)
    ~~~~~~~~~~~~~~~~~~~~~~^^^^^^^
  File "/Users/ankit/Documents/sharkship-others/convoy_prod/.venv/lib/python3.14/site-packages/sqlalchemy/dialects/postgresql/asyncpg.py", line 797, in _handle_exception
    raise translated_error from error
sqlalchemy.dialects.postgresql.asyncpg.AsyncAdapt_asyncpg_dbapi.Error: <class 'asyncpg.exceptions.ConnectionDoesNotExistError'>: connection was closed in the middle of operation

The above exception was the direct cause of the following exception:

Traceback (most recent call last):
  File "/Users/ankit/Documents/sharkship-others/convoy_prod/services/post_expiry.py", line 56, in run_post_expiry_loop
    count = await expire_overdue_posts(session)
            ^^^^^^^^^^^^^^^^^^^^^^^^^^^^^^^^^^^
  File "/Users/ankit/Documents/sharkship-others/convoy_prod/services/post_expiry.py", line 37, in expire_overdue_posts
    result = await session.execute(
             ^^^^^^^^^^^^^^^^^^^^^^
    ...<6 lines>...
    )
    ^
  File "/Users/ankit/Documents/sharkship-others/convoy_prod/.venv/lib/python3.14/site-packages/sqlalchemy/ext/asyncio/session.py", line 448, in execute
    result = await greenlet_spawn(
             ^^^^^^^^^^^^^^^^^^^^^
    ...<6 lines>...
    )
    ^
  File "/Users/ankit/Documents/sharkship-others/convoy_prod/.venv/lib/python3.14/site-packages/sqlalchemy/util/_concurrency_py3k.py", line 203, in greenlet_spawn
    result = context.switch(value)
  File "/Users/ankit/Documents/sharkship-others/convoy_prod/.venv/lib/python3.14/site-packages/sqlalchemy/orm/session.py", line 2373, in execute
    return self._execute_internal(
           ~~~~~~~~~~~~~~~~~~~~~~^
        statement,
        ^^^^^^^^^^
    ...<4 lines>...
        _add_event=_add_event,
        ^^^^^^^^^^^^^^^^^^^^^^
    )
    ^
  File "/Users/ankit/Documents/sharkship-others/convoy_prod/.venv/lib/python3.14/site-packages/sqlalchemy/orm/session.py", line 2271, in _execute_internal
    result: Result[Any] = compile_state_cls.orm_execute_statement(
                          ~~~~~~~~~~~~~~~~~~~~~~~~~~~~~~~~~~~~~~~^
        self,
        ^^^^^
    ...<4 lines>...
        conn,
        ^^^^^
    )
    ^
  File "/Users/ankit/Documents/sharkship-others/convoy_prod/.venv/lib/python3.14/site-packages/sqlalchemy/orm/bulk_persistence.py", line 1660, in orm_execute_statement
    return super().orm_execute_statement(
           ~~~~~~~~~~~~~~~~~~~~~~~~~~~~~^
        session,
        ^^^^^^^^
    ...<4 lines>...
        conn,
        ^^^^^
    )
    ^
  File "/Users/ankit/Documents/sharkship-others/convoy_prod/.venv/lib/python3.14/site-packages/sqlalchemy/orm/context.py", line 306, in orm_execute_statement
    result = conn.execute(
        statement, params or {}, execution_options=execution_options
    )
  File "/Users/ankit/Documents/sharkship-others/convoy_prod/.venv/lib/python3.14/site-packages/sqlalchemy/engine/base.py", line 1421, in execute
    return meth(
        self,
        distilled_parameters,
        execution_options or NO_OPTIONS,
    )
  File "/Users/ankit/Documents/sharkship-others/convoy_prod/.venv/lib/python3.14/site-packages/sqlalchemy/sql/elements.py", line 526, in _execute_on_connection
    return connection._execute_clauseelement(
           ~~~~~~~~~~~~~~~~~~~~~~~~~~~~~~~~~^
        self, distilled_params, execution_options
        ^^^^^^^^^^^^^^^^^^^^^^^^^^^^^^^^^^^^^^^^^
    )
    ^
  File "/Users/ankit/Documents/sharkship-others/convoy_prod/.venv/lib/python3.14/site-packages/sqlalchemy/engine/base.py", line 1643, in _execute_clauseelement
    ret = self._execute_context(
        dialect,
    ...<8 lines>...
        cache_hit=cache_hit,
    )
  File "/Users/ankit/Documents/sharkship-others/convoy_prod/.venv/lib/python3.14/site-packages/sqlalchemy/engine/base.py", line 1848, in _execute_context
    return self._exec_single_context(
           ~~~~~~~~~~~~~~~~~~~~~~~~~^
        dialect, context, statement, parameters
        ^^^^^^^^^^^^^^^^^^^^^^^^^^^^^^^^^^^^^^^
    )
    ^
  File "/Users/ankit/Documents/sharkship-others/convoy_prod/.venv/lib/python3.14/site-packages/sqlalchemy/engine/base.py", line 1988, in _exec_single_context
    self._handle_dbapi_exception(
    ~~~~~~~~~~~~~~~~~~~~~~~~~~~~^
        e, str_statement, effective_parameters, cursor, context
        ^^^^^^^^^^^^^^^^^^^^^^^^^^^^^^^^^^^^^^^^^^^^^^^^^^^^^^^
    )
    ^
  File "/Users/ankit/Documents/sharkship-others/convoy_prod/.venv/lib/python3.14/site-packages/sqlalchemy/engine/base.py", line 2365, in _handle_dbapi_exception
    raise sqlalchemy_exception.with_traceback(exc_info[2]) from e
  File "/Users/ankit/Documents/sharkship-others/convoy_prod/.venv/lib/python3.14/site-packages/sqlalchemy/engine/base.py", line 1969, in _exec_single_context
    self.dialect.do_execute(
    ~~~~~~~~~~~~~~~~~~~~~~~^
        cursor, str_statement, effective_parameters, context
        ^^^^^^^^^^^^^^^^^^^^^^^^^^^^^^^^^^^^^^^^^^^^^^^^^^^^
    )
    ^
  File "/Users/ankit/Documents/sharkship-others/convoy_prod/.venv/lib/python3.14/site-packages/sqlalchemy/engine/default.py", line 952, in do_execute
    cursor.execute(statement, parameters)
    ~~~~~~~~~~~~~~^^^^^^^^^^^^^^^^^^^^^^^
  File "/Users/ankit/Documents/sharkship-others/convoy_prod/.venv/lib/python3.14/site-packages/sqlalchemy/dialects/postgresql/asyncpg.py", line 585, in execute
    self._adapt_connection.await_(
    ~~~~~~~~~~~~~~~~~~~~~~~~~~~~~^
        self._prepare_and_execute(operation, parameters)
        ^^^^^^^^^^^^^^^^^^^^^^^^^^^^^^^^^^^^^^^^^^^^^^^^
    )
    ^
  File "/Users/ankit/Documents/sharkship-others/convoy_prod/.venv/lib/python3.14/site-packages/sqlalchemy/util/_concurrency_py3k.py", line 132, in await_only
    return current.parent.switch(awaitable)  # type: ignore[no-any-return,attr-defined] # noqa: E501
           ~~~~~~~~~~~~~~~~~~~~~^^^^^^^^^^^
  File "/Users/ankit/Documents/sharkship-others/convoy_prod/.venv/lib/python3.14/site-packages/sqlalchemy/util/_concurrency_py3k.py", line 196, in greenlet_spawn
    value = await result
            ^^^^^^^^^^^^
  File "/Users/ankit/Documents/sharkship-others/convoy_prod/.venv/lib/python3.14/site-packages/sqlalchemy/dialects/postgresql/asyncpg.py", line 520, in _prepare_and_execute
    await adapt_connection._start_transaction()
  File "/Users/ankit/Documents/sharkship-others/convoy_prod/.venv/lib/python3.14/site-packages/sqlalchemy/dialects/postgresql/asyncpg.py", line 850, in _start_transaction
    self._handle_exception(error)
    ~~~~~~~~~~~~~~~~~~~~~~^^^^^^^
  File "/Users/ankit/Documents/sharkship-others/convoy_prod/.venv/lib/python3.14/site-packages/sqlalchemy/dialects/postgresql/asyncpg.py", line 797, in _handle_exception
    raise translated_error from error
sqlalchemy.exc.DBAPIError: (sqlalchemy.dialects.postgresql.asyncpg.Error) <class 'asyncpg.exceptions.ConnectionDoesNotExistError'>: connection was closed in the middle of operation
[SQL: UPDATE truck_routes SET status=$1::VARCHAR WHERE truck_routes.status IN ($3::VARCHAR, $4::VARCHAR) AND truck_routes.expires_at <= $2::TIMESTAMP WITHOUT TIME ZONE]
[parameters: ('expired', datetime.datetime(2026, 7, 13, 12, 41, 43, 930278), 'available', 'active')]
(Background on this error at: https://sqlalche.me/e/20/dbapi)
2026-07-13 18:38:10 | ERROR    | convoy | Post expiry job failed: [Errno 8] nodename nor servname provided, or not known
Traceback (most recent call last):
  File "/Users/ankit/Documents/sharkship-others/convoy_prod/services/post_expiry.py", line 56, in run_post_expiry_loop
    count = await expire_overdue_posts(session)
            ^^^^^^^^^^^^^^^^^^^^^^^^^^^^^^^^^^^
  File "/Users/ankit/Documents/sharkship-others/convoy_prod/services/post_expiry.py", line 37, in expire_overdue_posts
    result = await session.execute(
             ^^^^^^^^^^^^^^^^^^^^^^
    ...<6 lines>...
    )
    ^
  File "/Users/ankit/Documents/sharkship-others/convoy_prod/.venv/lib/python3.14/site-packages/sqlalchemy/ext/asyncio/session.py", line 448, in execute
    result = await greenlet_spawn(
             ^^^^^^^^^^^^^^^^^^^^^
    ...<6 lines>...
    )
    ^
  File "/Users/ankit/Documents/sharkship-others/convoy_prod/.venv/lib/python3.14/site-packages/sqlalchemy/util/_concurrency_py3k.py", line 201, in greenlet_spawn
    result = context.throw(*sys.exc_info())
  File "/Users/ankit/Documents/sharkship-others/convoy_prod/.venv/lib/python3.14/site-packages/sqlalchemy/orm/session.py", line 2373, in execute
    return self._execute_internal(
           ~~~~~~~~~~~~~~~~~~~~~~^
        statement,
        ^^^^^^^^^^
    ...<4 lines>...
        _add_event=_add_event,
        ^^^^^^^^^^^^^^^^^^^^^^
    )
    ^
  File "/Users/ankit/Documents/sharkship-others/convoy_prod/.venv/lib/python3.14/site-packages/sqlalchemy/orm/session.py", line 2261, in _execute_internal
    conn = self._connection_for_bind(bind)
  File "/Users/ankit/Documents/sharkship-others/convoy_prod/.venv/lib/python3.14/site-packages/sqlalchemy/orm/session.py", line 2113, in _connection_for_bind
    return trans._connection_for_bind(engine, execution_options)
           ~~~~~~~~~~~~~~~~~~~~~~~~~~^^^^^^^^^^^^^^^^^^^^^^^^^^^
  File "<string>", line 2, in _connection_for_bind
  File "/Users/ankit/Documents/sharkship-others/convoy_prod/.venv/lib/python3.14/site-packages/sqlalchemy/orm/state_changes.py", line 137, in _go
    ret_value = fn(self, *arg, **kw)
  File "/Users/ankit/Documents/sharkship-others/convoy_prod/.venv/lib/python3.14/site-packages/sqlalchemy/orm/session.py", line 1191, in _connection_for_bind
    conn = bind.connect()
  File "/Users/ankit/Documents/sharkship-others/convoy_prod/.venv/lib/python3.14/site-packages/sqlalchemy/engine/base.py", line 3295, in connect
    return self._connection_cls(self)
           ~~~~~~~~~~~~~~~~~~~~^^^^^^
  File "/Users/ankit/Documents/sharkship-others/convoy_prod/.venv/lib/python3.14/site-packages/sqlalchemy/engine/base.py", line 144, in __init__
    self._dbapi_connection = engine.raw_connection()
                             ~~~~~~~~~~~~~~~~~~~~~^^
  File "/Users/ankit/Documents/sharkship-others/convoy_prod/.venv/lib/python3.14/site-packages/sqlalchemy/engine/base.py", line 3319, in raw_connection
    return self.pool.connect()
           ~~~~~~~~~~~~~~~~~^^
  File "/Users/ankit/Documents/sharkship-others/convoy_prod/.venv/lib/python3.14/site-packages/sqlalchemy/pool/base.py", line 448, in connect
    return _ConnectionFairy._checkout(self)
           ~~~~~~~~~~~~~~~~~~~~~~~~~~^^^^^^
  File "/Users/ankit/Documents/sharkship-others/convoy_prod/.venv/lib/python3.14/site-packages/sqlalchemy/pool/base.py", line 1272, in _checkout
    fairy = _ConnectionRecord.checkout(pool)
  File "/Users/ankit/Documents/sharkship-others/convoy_prod/.venv/lib/python3.14/site-packages/sqlalchemy/pool/base.py", line 717, in checkout
    with util.safe_reraise():
         ~~~~~~~~~~~~~~~~~^^
  File "/Users/ankit/Documents/sharkship-others/convoy_prod/.venv/lib/python3.14/site-packages/sqlalchemy/util/langhelpers.py", line 122, in __exit__
    raise exc_value.with_traceback(exc_tb)
  File "/Users/ankit/Documents/sharkship-others/convoy_prod/.venv/lib/python3.14/site-packages/sqlalchemy/pool/base.py", line 715, in checkout
    dbapi_connection = rec.get_connection()
  File "/Users/ankit/Documents/sharkship-others/convoy_prod/.venv/lib/python3.14/site-packages/sqlalchemy/pool/base.py", line 837, in get_connection
    self.__connect()
    ~~~~~~~~~~~~~~^^
  File "/Users/ankit/Documents/sharkship-others/convoy_prod/.venv/lib/python3.14/site-packages/sqlalchemy/pool/base.py", line 900, in __connect
    with util.safe_reraise():
         ~~~~~~~~~~~~~~~~~^^
  File "/Users/ankit/Documents/sharkship-others/convoy_prod/.venv/lib/python3.14/site-packages/sqlalchemy/util/langhelpers.py", line 122, in __exit__
    raise exc_value.with_traceback(exc_tb)
  File "/Users/ankit/Documents/sharkship-others/convoy_prod/.venv/lib/python3.14/site-packages/sqlalchemy/pool/base.py", line 896, in __connect
    self.dbapi_connection = connection = pool._invoke_creator(self)
                                         ~~~~~~~~~~~~~~~~~~~~^^^^^^
  File "/Users/ankit/Documents/sharkship-others/convoy_prod/.venv/lib/python3.14/site-packages/sqlalchemy/engine/create.py", line 667, in connect
    return dialect.connect(*cargs_tup, **cparams)
           ~~~~~~~~~~~~~~~^^^^^^^^^^^^^^^^^^^^^^^
  File "/Users/ankit/Documents/sharkship-others/convoy_prod/.venv/lib/python3.14/site-packages/sqlalchemy/engine/default.py", line 630, in connect
    return self.loaded_dbapi.connect(*cargs, **cparams)  # type: ignore[no-any-return]  # NOQA: E501
           ~~~~~~~~~~~~~~~~~~~~~~~~~^^^^^^^^^^^^^^^^^^^
  File "/Users/ankit/Documents/sharkship-others/convoy_prod/.venv/lib/python3.14/site-packages/sqlalchemy/dialects/postgresql/asyncpg.py", line 955, in connect
    await_only(creator_fn(*arg, **kw)),
    ~~~~~~~~~~^^^^^^^^^^^^^^^^^^^^^^^^
  File "/Users/ankit/Documents/sharkship-others/convoy_prod/.venv/lib/python3.14/site-packages/sqlalchemy/util/_concurrency_py3k.py", line 132, in await_only
    return current.parent.switch(awaitable)  # type: ignore[no-any-return,attr-defined] # noqa: E501
           ~~~~~~~~~~~~~~~~~~~~~^^^^^^^^^^^
  File "/Users/ankit/Documents/sharkship-others/convoy_prod/.venv/lib/python3.14/site-packages/sqlalchemy/util/_concurrency_py3k.py", line 196, in greenlet_spawn
    value = await result
            ^^^^^^^^^^^^
  File "/Users/ankit/Documents/sharkship-others/convoy_prod/.venv/lib/python3.14/site-packages/asyncpg/connection.py", line 2443, in connect
    return await connect_utils._connect(
           ^^^^^^^^^^^^^^^^^^^^^^^^^^^^^
    ...<22 lines>...
    )
    ^
  File "/Users/ankit/Documents/sharkship-others/convoy_prod/.venv/lib/python3.14/site-packages/asyncpg/connect_utils.py", line 1249, in _connect
    raise last_error or exceptions.TargetServerAttributeNotMatched(
    ...<2 lines>...
    )
  File "/Users/ankit/Documents/sharkship-others/convoy_prod/.venv/lib/python3.14/site-packages/asyncpg/connect_utils.py", line 1218, in _connect
    conn = await _connect_addr(
           ^^^^^^^^^^^^^^^^^^^^
    ...<6 lines>...
    )
    ^
  File "/Users/ankit/Documents/sharkship-others/convoy_prod/.venv/lib/python3.14/site-packages/asyncpg/connect_utils.py", line 1054, in _connect_addr
    return await __connect_addr(params, True, *args)
           ^^^^^^^^^^^^^^^^^^^^^^^^^^^^^^^^^^^^^^^^^
  File "/Users/ankit/Documents/sharkship-others/convoy_prod/.venv/lib/python3.14/site-packages/asyncpg/connect_utils.py", line 1099, in __connect_addr
    tr, pr = await connector
             ^^^^^^^^^^^^^^^
  File "/Users/ankit/Documents/sharkship-others/convoy_prod/.venv/lib/python3.14/site-packages/asyncpg/connect_utils.py", line 969, in _create_ssl_connection
    tr, pr = await loop.create_connection(
             ^^^^^^^^^^^^^^^^^^^^^^^^^^^^^
    ...<2 lines>...
        host, port)
        ^^^^^^^^^^^
  File "uvloop/loop.pyx", line 1982, in create_connection
socket.gaierror: [Errno 8] nodename nor servname provided, or not known
2026-07-13 21:02:13 | ERROR    | convoy | Post expiry job failed: (sqlalchemy.dialects.postgresql.asyncpg.Error) <class 'asyncpg.exceptions.ConnectionDoesNotExistError'>: connection was closed in the middle of operation
[SQL: UPDATE truck_routes SET status=$1::VARCHAR WHERE truck_routes.status IN ($3::VARCHAR, $4::VARCHAR) AND truck_routes.expires_at <= $2::TIMESTAMP WITHOUT TIME ZONE]
[parameters: ('expired', datetime.datetime(2026, 7, 13, 15, 31, 54, 177028), 'available', 'active')]
(Background on this error at: https://sqlalche.me/e/20/dbapi)
TimeoutError: [Errno 60] Operation timed out

The above exception was the direct cause of the following exception:

Traceback (most recent call last):
  File "/Users/ankit/Documents/sharkship-others/convoy_prod/.venv/lib/python3.14/site-packages/sqlalchemy/dialects/postgresql/asyncpg.py", line 848, in _start_transaction
    await self._transaction.start()
  File "/Users/ankit/Documents/sharkship-others/convoy_prod/.venv/lib/python3.14/site-packages/asyncpg/transaction.py", line 146, in start
    await self._connection.execute(query)
  File "/Users/ankit/Documents/sharkship-others/convoy_prod/.venv/lib/python3.14/site-packages/asyncpg/connection.py", line 354, in execute
    result = await self._protocol.query(query, timeout)
             ^^^^^^^^^^^^^^^^^^^^^^^^^^^^^^^^^^^^^^^^^^
  File "asyncpg/protocol/protocol.pyx", line 369, in query
asyncpg.exceptions.ConnectionDoesNotExistError: connection was closed in the middle of operation

The above exception was the direct cause of the following exception:

Traceback (most recent call last):
  File "/Users/ankit/Documents/sharkship-others/convoy_prod/.venv/lib/python3.14/site-packages/sqlalchemy/engine/base.py", line 1969, in _exec_single_context
    self.dialect.do_execute(
    ~~~~~~~~~~~~~~~~~~~~~~~^
        cursor, str_statement, effective_parameters, context
        ^^^^^^^^^^^^^^^^^^^^^^^^^^^^^^^^^^^^^^^^^^^^^^^^^^^^
    )
    ^
  File "/Users/ankit/Documents/sharkship-others/convoy_prod/.venv/lib/python3.14/site-packages/sqlalchemy/engine/default.py", line 952, in do_execute
    cursor.execute(statement, parameters)
    ~~~~~~~~~~~~~~^^^^^^^^^^^^^^^^^^^^^^^
  File "/Users/ankit/Documents/sharkship-others/convoy_prod/.venv/lib/python3.14/site-packages/sqlalchemy/dialects/postgresql/asyncpg.py", line 585, in execute
    self._adapt_connection.await_(
    ~~~~~~~~~~~~~~~~~~~~~~~~~~~~~^
        self._prepare_and_execute(operation, parameters)
        ^^^^^^^^^^^^^^^^^^^^^^^^^^^^^^^^^^^^^^^^^^^^^^^^
    )
    ^
  File "/Users/ankit/Documents/sharkship-others/convoy_prod/.venv/lib/python3.14/site-packages/sqlalchemy/util/_concurrency_py3k.py", line 132, in await_only
    return current.parent.switch(awaitable)  # type: ignore[no-any-return,attr-defined] # noqa: E501
           ~~~~~~~~~~~~~~~~~~~~~^^^^^^^^^^^
  File "/Users/ankit/Documents/sharkship-others/convoy_prod/.venv/lib/python3.14/site-packages/sqlalchemy/util/_concurrency_py3k.py", line 196, in greenlet_spawn
    value = await result
            ^^^^^^^^^^^^
  File "/Users/ankit/Documents/sharkship-others/convoy_prod/.venv/lib/python3.14/site-packages/sqlalchemy/dialects/postgresql/asyncpg.py", line 520, in _prepare_and_execute
    await adapt_connection._start_transaction()
  File "/Users/ankit/Documents/sharkship-others/convoy_prod/.venv/lib/python3.14/site-packages/sqlalchemy/dialects/postgresql/asyncpg.py", line 850, in _start_transaction
    self._handle_exception(error)
    ~~~~~~~~~~~~~~~~~~~~~~^^^^^^^
  File "/Users/ankit/Documents/sharkship-others/convoy_prod/.venv/lib/python3.14/site-packages/sqlalchemy/dialects/postgresql/asyncpg.py", line 797, in _handle_exception
    raise translated_error from error
sqlalchemy.dialects.postgresql.asyncpg.AsyncAdapt_asyncpg_dbapi.Error: <class 'asyncpg.exceptions.ConnectionDoesNotExistError'>: connection was closed in the middle of operation

The above exception was the direct cause of the following exception:

Traceback (most recent call last):
  File "/Users/ankit/Documents/sharkship-others/convoy_prod/services/post_expiry.py", line 56, in run_post_expiry_loop
    count = await expire_overdue_posts(session)
            ^^^^^^^^^^^^^^^^^^^^^^^^^^^^^^^^^^^
  File "/Users/ankit/Documents/sharkship-others/convoy_prod/services/post_expiry.py", line 37, in expire_overdue_posts
    result = await session.execute(
             ^^^^^^^^^^^^^^^^^^^^^^
    ...<6 lines>...
    )
    ^
  File "/Users/ankit/Documents/sharkship-others/convoy_prod/.venv/lib/python3.14/site-packages/sqlalchemy/ext/asyncio/session.py", line 448, in execute
    result = await greenlet_spawn(
             ^^^^^^^^^^^^^^^^^^^^^
    ...<6 lines>...
    )
    ^
  File "/Users/ankit/Documents/sharkship-others/convoy_prod/.venv/lib/python3.14/site-packages/sqlalchemy/util/_concurrency_py3k.py", line 203, in greenlet_spawn
    result = context.switch(value)
  File "/Users/ankit/Documents/sharkship-others/convoy_prod/.venv/lib/python3.14/site-packages/sqlalchemy/orm/session.py", line 2373, in execute
    return self._execute_internal(
           ~~~~~~~~~~~~~~~~~~~~~~^
        statement,
        ^^^^^^^^^^
    ...<4 lines>...
        _add_event=_add_event,
        ^^^^^^^^^^^^^^^^^^^^^^
    )
    ^
  File "/Users/ankit/Documents/sharkship-others/convoy_prod/.venv/lib/python3.14/site-packages/sqlalchemy/orm/session.py", line 2271, in _execute_internal
    result: Result[Any] = compile_state_cls.orm_execute_statement(
                          ~~~~~~~~~~~~~~~~~~~~~~~~~~~~~~~~~~~~~~~^
        self,
        ^^^^^
    ...<4 lines>...
        conn,
        ^^^^^
    )
    ^
  File "/Users/ankit/Documents/sharkship-others/convoy_prod/.venv/lib/python3.14/site-packages/sqlalchemy/orm/bulk_persistence.py", line 1660, in orm_execute_statement
    return super().orm_execute_statement(
           ~~~~~~~~~~~~~~~~~~~~~~~~~~~~~^
        session,
        ^^^^^^^^
    ...<4 lines>...
        conn,
        ^^^^^
    )
    ^
  File "/Users/ankit/Documents/sharkship-others/convoy_prod/.venv/lib/python3.14/site-packages/sqlalchemy/orm/context.py", line 306, in orm_execute_statement
    result = conn.execute(
        statement, params or {}, execution_options=execution_options
    )
  File "/Users/ankit/Documents/sharkship-others/convoy_prod/.venv/lib/python3.14/site-packages/sqlalchemy/engine/base.py", line 1421, in execute
    return meth(
        self,
        distilled_parameters,
        execution_options or NO_OPTIONS,
    )
  File "/Users/ankit/Documents/sharkship-others/convoy_prod/.venv/lib/python3.14/site-packages/sqlalchemy/sql/elements.py", line 526, in _execute_on_connection
    return connection._execute_clauseelement(
           ~~~~~~~~~~~~~~~~~~~~~~~~~~~~~~~~~^
        self, distilled_params, execution_options
        ^^^^^^^^^^^^^^^^^^^^^^^^^^^^^^^^^^^^^^^^^
    )
    ^
  File "/Users/ankit/Documents/sharkship-others/convoy_prod/.venv/lib/python3.14/site-packages/sqlalchemy/engine/base.py", line 1643, in _execute_clauseelement
    ret = self._execute_context(
        dialect,
    ...<8 lines>...
        cache_hit=cache_hit,
    )
  File "/Users/ankit/Documents/sharkship-others/convoy_prod/.venv/lib/python3.14/site-packages/sqlalchemy/engine/base.py", line 1848, in _execute_context
    return self._exec_single_context(
           ~~~~~~~~~~~~~~~~~~~~~~~~~^
        dialect, context, statement, parameters
        ^^^^^^^^^^^^^^^^^^^^^^^^^^^^^^^^^^^^^^^
    )
    ^
  File "/Users/ankit/Documents/sharkship-others/convoy_prod/.venv/lib/python3.14/site-packages/sqlalchemy/engine/base.py", line 1988, in _exec_single_context
    self._handle_dbapi_exception(
    ~~~~~~~~~~~~~~~~~~~~~~~~~~~~^
        e, str_statement, effective_parameters, cursor, context
        ^^^^^^^^^^^^^^^^^^^^^^^^^^^^^^^^^^^^^^^^^^^^^^^^^^^^^^^
    )
    ^
  File "/Users/ankit/Documents/sharkship-others/convoy_prod/.venv/lib/python3.14/site-packages/sqlalchemy/engine/base.py", line 2365, in _handle_dbapi_exception
    raise sqlalchemy_exception.with_traceback(exc_info[2]) from e
  File "/Users/ankit/Documents/sharkship-others/convoy_prod/.venv/lib/python3.14/site-packages/sqlalchemy/engine/base.py", line 1969, in _exec_single_context
    self.dialect.do_execute(
    ~~~~~~~~~~~~~~~~~~~~~~~^
        cursor, str_statement, effective_parameters, context
        ^^^^^^^^^^^^^^^^^^^^^^^^^^^^^^^^^^^^^^^^^^^^^^^^^^^^
    )
    ^
  File "/Users/ankit/Documents/sharkship-others/convoy_prod/.venv/lib/python3.14/site-packages/sqlalchemy/engine/default.py", line 952, in do_execute
    cursor.execute(statement, parameters)
    ~~~~~~~~~~~~~~^^^^^^^^^^^^^^^^^^^^^^^
  File "/Users/ankit/Documents/sharkship-others/convoy_prod/.venv/lib/python3.14/site-packages/sqlalchemy/dialects/postgresql/asyncpg.py", line 585, in execute
    self._adapt_connection.await_(
    ~~~~~~~~~~~~~~~~~~~~~~~~~~~~~^
        self._prepare_and_execute(operation, parameters)
        ^^^^^^^^^^^^^^^^^^^^^^^^^^^^^^^^^^^^^^^^^^^^^^^^
    )
    ^
  File "/Users/ankit/Documents/sharkship-others/convoy_prod/.venv/lib/python3.14/site-packages/sqlalchemy/util/_concurrency_py3k.py", line 132, in await_only
    return current.parent.switch(awaitable)  # type: ignore[no-any-return,attr-defined] # noqa: E501
           ~~~~~~~~~~~~~~~~~~~~~^^^^^^^^^^^
  File "/Users/ankit/Documents/sharkship-others/convoy_prod/.venv/lib/python3.14/site-packages/sqlalchemy/util/_concurrency_py3k.py", line 196, in greenlet_spawn
    value = await result
            ^^^^^^^^^^^^
  File "/Users/ankit/Documents/sharkship-others/convoy_prod/.venv/lib/python3.14/site-packages/sqlalchemy/dialects/postgresql/asyncpg.py", line 520, in _prepare_and_execute
    await adapt_connection._start_transaction()
  File "/Users/ankit/Documents/sharkship-others/convoy_prod/.venv/lib/python3.14/site-packages/sqlalchemy/dialects/postgresql/asyncpg.py", line 850, in _start_transaction
    self._handle_exception(error)
    ~~~~~~~~~~~~~~~~~~~~~~^^^^^^^
  File "/Users/ankit/Documents/sharkship-others/convoy_prod/.venv/lib/python3.14/site-packages/sqlalchemy/dialects/postgresql/asyncpg.py", line 797, in _handle_exception
    raise translated_error from error
sqlalchemy.exc.DBAPIError: (sqlalchemy.dialects.postgresql.asyncpg.Error) <class 'asyncpg.exceptions.ConnectionDoesNotExistError'>: connection was closed in the middle of operation
[SQL: UPDATE truck_routes SET status=$1::VARCHAR WHERE truck_routes.status IN ($3::VARCHAR, $4::VARCHAR) AND truck_routes.expires_at <= $2::TIMESTAMP WITHOUT TIME ZONE]
[parameters: ('expired', datetime.datetime(2026, 7, 13, 15, 31, 54, 177028), 'available', 'active')]
(Background on this error at: https://sqlalche.me/e/20/dbapi)
2026-07-13 21:17:52 | ERROR    | convoy | Post expiry job failed: [Errno 8] nodename nor servname provided, or not known
Traceback (most recent call last):
  File "/Users/ankit/Documents/sharkship-others/convoy_prod/services/post_expiry.py", line 56, in run_post_expiry_loop
    count = await expire_overdue_posts(session)
            ^^^^^^^^^^^^^^^^^^^^^^^^^^^^^^^^^^^
  File "/Users/ankit/Documents/sharkship-others/convoy_prod/services/post_expiry.py", line 37, in expire_overdue_posts
    result = await session.execute(
             ^^^^^^^^^^^^^^^^^^^^^^
    ...<6 lines>...
    )
    ^
  File "/Users/ankit/Documents/sharkship-others/convoy_prod/.venv/lib/python3.14/site-packages/sqlalchemy/ext/asyncio/session.py", line 448, in execute
    result = await greenlet_spawn(
             ^^^^^^^^^^^^^^^^^^^^^
    ...<6 lines>...
    )
    ^
  File "/Users/ankit/Documents/sharkship-others/convoy_prod/.venv/lib/python3.14/site-packages/sqlalchemy/util/_concurrency_py3k.py", line 201, in greenlet_spawn
    result = context.throw(*sys.exc_info())
  File "/Users/ankit/Documents/sharkship-others/convoy_prod/.venv/lib/python3.14/site-packages/sqlalchemy/orm/session.py", line 2373, in execute
    return self._execute_internal(
           ~~~~~~~~~~~~~~~~~~~~~~^
        statement,
        ^^^^^^^^^^
    ...<4 lines>...
        _add_event=_add_event,
        ^^^^^^^^^^^^^^^^^^^^^^
    )
    ^
  File "/Users/ankit/Documents/sharkship-others/convoy_prod/.venv/lib/python3.14/site-packages/sqlalchemy/orm/session.py", line 2261, in _execute_internal
    conn = self._connection_for_bind(bind)
  File "/Users/ankit/Documents/sharkship-others/convoy_prod/.venv/lib/python3.14/site-packages/sqlalchemy/orm/session.py", line 2113, in _connection_for_bind
    return trans._connection_for_bind(engine, execution_options)
           ~~~~~~~~~~~~~~~~~~~~~~~~~~^^^^^^^^^^^^^^^^^^^^^^^^^^^
  File "<string>", line 2, in _connection_for_bind
  File "/Users/ankit/Documents/sharkship-others/convoy_prod/.venv/lib/python3.14/site-packages/sqlalchemy/orm/state_changes.py", line 137, in _go
    ret_value = fn(self, *arg, **kw)
  File "/Users/ankit/Documents/sharkship-others/convoy_prod/.venv/lib/python3.14/site-packages/sqlalchemy/orm/session.py", line 1191, in _connection_for_bind
    conn = bind.connect()
  File "/Users/ankit/Documents/sharkship-others/convoy_prod/.venv/lib/python3.14/site-packages/sqlalchemy/engine/base.py", line 3295, in connect
    return self._connection_cls(self)
           ~~~~~~~~~~~~~~~~~~~~^^^^^^
  File "/Users/ankit/Documents/sharkship-others/convoy_prod/.venv/lib/python3.14/site-packages/sqlalchemy/engine/base.py", line 144, in __init__
    self._dbapi_connection = engine.raw_connection()
                             ~~~~~~~~~~~~~~~~~~~~~^^
  File "/Users/ankit/Documents/sharkship-others/convoy_prod/.venv/lib/python3.14/site-packages/sqlalchemy/engine/base.py", line 3319, in raw_connection
    return self.pool.connect()
           ~~~~~~~~~~~~~~~~~^^
  File "/Users/ankit/Documents/sharkship-others/convoy_prod/.venv/lib/python3.14/site-packages/sqlalchemy/pool/base.py", line 448, in connect
    return _ConnectionFairy._checkout(self)
           ~~~~~~~~~~~~~~~~~~~~~~~~~~^^^^^^
  File "/Users/ankit/Documents/sharkship-others/convoy_prod/.venv/lib/python3.14/site-packages/sqlalchemy/pool/base.py", line 1272, in _checkout
    fairy = _ConnectionRecord.checkout(pool)
  File "/Users/ankit/Documents/sharkship-others/convoy_prod/.venv/lib/python3.14/site-packages/sqlalchemy/pool/base.py", line 717, in checkout
    with util.safe_reraise():
         ~~~~~~~~~~~~~~~~~^^
  File "/Users/ankit/Documents/sharkship-others/convoy_prod/.venv/lib/python3.14/site-packages/sqlalchemy/util/langhelpers.py", line 122, in __exit__
    raise exc_value.with_traceback(exc_tb)
  File "/Users/ankit/Documents/sharkship-others/convoy_prod/.venv/lib/python3.14/site-packages/sqlalchemy/pool/base.py", line 715, in checkout
    dbapi_connection = rec.get_connection()
  File "/Users/ankit/Documents/sharkship-others/convoy_prod/.venv/lib/python3.14/site-packages/sqlalchemy/pool/base.py", line 837, in get_connection
    self.__connect()
    ~~~~~~~~~~~~~~^^
  File "/Users/ankit/Documents/sharkship-others/convoy_prod/.venv/lib/python3.14/site-packages/sqlalchemy/pool/base.py", line 900, in __connect
    with util.safe_reraise():
         ~~~~~~~~~~~~~~~~~^^
  File "/Users/ankit/Documents/sharkship-others/convoy_prod/.venv/lib/python3.14/site-packages/sqlalchemy/util/langhelpers.py", line 122, in __exit__
    raise exc_value.with_traceback(exc_tb)
  File "/Users/ankit/Documents/sharkship-others/convoy_prod/.venv/lib/python3.14/site-packages/sqlalchemy/pool/base.py", line 896, in __connect
    self.dbapi_connection = connection = pool._invoke_creator(self)
                                         ~~~~~~~~~~~~~~~~~~~~^^^^^^
  File "/Users/ankit/Documents/sharkship-others/convoy_prod/.venv/lib/python3.14/site-packages/sqlalchemy/engine/create.py", line 667, in connect
    return dialect.connect(*cargs_tup, **cparams)
           ~~~~~~~~~~~~~~~^^^^^^^^^^^^^^^^^^^^^^^
  File "/Users/ankit/Documents/sharkship-others/convoy_prod/.venv/lib/python3.14/site-packages/sqlalchemy/engine/default.py", line 630, in connect
    return self.loaded_dbapi.connect(*cargs, **cparams)  # type: ignore[no-any-return]  # NOQA: E501
           ~~~~~~~~~~~~~~~~~~~~~~~~~^^^^^^^^^^^^^^^^^^^
  File "/Users/ankit/Documents/sharkship-others/convoy_prod/.venv/lib/python3.14/site-packages/sqlalchemy/dialects/postgresql/asyncpg.py", line 955, in connect
    await_only(creator_fn(*arg, **kw)),
    ~~~~~~~~~~^^^^^^^^^^^^^^^^^^^^^^^^
  File "/Users/ankit/Documents/sharkship-others/convoy_prod/.venv/lib/python3.14/site-packages/sqlalchemy/util/_concurrency_py3k.py", line 132, in await_only
    return current.parent.switch(awaitable)  # type: ignore[no-any-return,attr-defined] # noqa: E501
           ~~~~~~~~~~~~~~~~~~~~~^^^^^^^^^^^
  File "/Users/ankit/Documents/sharkship-others/convoy_prod/.venv/lib/python3.14/site-packages/sqlalchemy/util/_concurrency_py3k.py", line 196, in greenlet_spawn
    value = await result
            ^^^^^^^^^^^^
  File "/Users/ankit/Documents/sharkship-others/convoy_prod/.venv/lib/python3.14/site-packages/asyncpg/connection.py", line 2443, in connect
    return await connect_utils._connect(
           ^^^^^^^^^^^^^^^^^^^^^^^^^^^^^
    ...<22 lines>...
    )
    ^
  File "/Users/ankit/Documents/sharkship-others/convoy_prod/.venv/lib/python3.14/site-packages/asyncpg/connect_utils.py", line 1249, in _connect
    raise last_error or exceptions.TargetServerAttributeNotMatched(
    ...<2 lines>...
    )
  File "/Users/ankit/Documents/sharkship-others/convoy_prod/.venv/lib/python3.14/site-packages/asyncpg/connect_utils.py", line 1218, in _connect
    conn = await _connect_addr(
           ^^^^^^^^^^^^^^^^^^^^
    ...<6 lines>...
    )
    ^
  File "/Users/ankit/Documents/sharkship-others/convoy_prod/.venv/lib/python3.14/site-packages/asyncpg/connect_utils.py", line 1054, in _connect_addr
    return await __connect_addr(params, True, *args)
           ^^^^^^^^^^^^^^^^^^^^^^^^^^^^^^^^^^^^^^^^^
  File "/Users/ankit/Documents/sharkship-others/convoy_prod/.venv/lib/python3.14/site-packages/asyncpg/connect_utils.py", line 1099, in __connect_addr
    tr, pr = await connector
             ^^^^^^^^^^^^^^^
  File "/Users/ankit/Documents/sharkship-others/convoy_prod/.venv/lib/python3.14/site-packages/asyncpg/connect_utils.py", line 969, in _create_ssl_connection
    tr, pr = await loop.create_connection(
             ^^^^^^^^^^^^^^^^^^^^^^^^^^^^^
    ...<2 lines>...
        host, port)
        ^^^^^^^^^^^
  File "uvloop/loop.pyx", line 1982, in create_connection
socket.gaierror: [Errno 8] nodename nor servname provided, or not known
2026-07-13 21:24:52 | ERROR    | convoy | Post expiry job failed: [Errno 8] nodename nor servname provided, or not known
Traceback (most recent call last):
  File "/Users/ankit/Documents/sharkship-others/convoy_prod/services/post_expiry.py", line 56, in run_post_expiry_loop
    count = await expire_overdue_posts(session)
            ^^^^^^^^^^^^^^^^^^^^^^^^^^^^^^^^^^^
  File "/Users/ankit/Documents/sharkship-others/convoy_prod/services/post_expiry.py", line 37, in expire_overdue_posts
    result = await session.execute(
             ^^^^^^^^^^^^^^^^^^^^^^
    ...<6 lines>...
    )
    ^
  File "/Users/ankit/Documents/sharkship-others/convoy_prod/.venv/lib/python3.14/site-packages/sqlalchemy/ext/asyncio/session.py", line 448, in execute
    result = await greenlet_spawn(
             ^^^^^^^^^^^^^^^^^^^^^
    ...<6 lines>...
    )
    ^
  File "/Users/ankit/Documents/sharkship-others/convoy_prod/.venv/lib/python3.14/site-packages/sqlalchemy/util/_concurrency_py3k.py", line 201, in greenlet_spawn
    result = context.throw(*sys.exc_info())
  File "/Users/ankit/Documents/sharkship-others/convoy_prod/.venv/lib/python3.14/site-packages/sqlalchemy/orm/session.py", line 2373, in execute
    return self._execute_internal(
           ~~~~~~~~~~~~~~~~~~~~~~^
        statement,
        ^^^^^^^^^^
    ...<4 lines>...
        _add_event=_add_event,
        ^^^^^^^^^^^^^^^^^^^^^^
    )
    ^
  File "/Users/ankit/Documents/sharkship-others/convoy_prod/.venv/lib/python3.14/site-packages/sqlalchemy/orm/session.py", line 2261, in _execute_internal
    conn = self._connection_for_bind(bind)
  File "/Users/ankit/Documents/sharkship-others/convoy_prod/.venv/lib/python3.14/site-packages/sqlalchemy/orm/session.py", line 2113, in _connection_for_bind
    return trans._connection_for_bind(engine, execution_options)
           ~~~~~~~~~~~~~~~~~~~~~~~~~~^^^^^^^^^^^^^^^^^^^^^^^^^^^
  File "<string>", line 2, in _connection_for_bind
  File "/Users/ankit/Documents/sharkship-others/convoy_prod/.venv/lib/python3.14/site-packages/sqlalchemy/orm/state_changes.py", line 137, in _go
    ret_value = fn(self, *arg, **kw)
  File "/Users/ankit/Documents/sharkship-others/convoy_prod/.venv/lib/python3.14/site-packages/sqlalchemy/orm/session.py", line 1191, in _connection_for_bind
    conn = bind.connect()
  File "/Users/ankit/Documents/sharkship-others/convoy_prod/.venv/lib/python3.14/site-packages/sqlalchemy/engine/base.py", line 3295, in connect
    return self._connection_cls(self)
           ~~~~~~~~~~~~~~~~~~~~^^^^^^
  File "/Users/ankit/Documents/sharkship-others/convoy_prod/.venv/lib/python3.14/site-packages/sqlalchemy/engine/base.py", line 144, in __init__
    self._dbapi_connection = engine.raw_connection()
                             ~~~~~~~~~~~~~~~~~~~~~^^
  File "/Users/ankit/Documents/sharkship-others/convoy_prod/.venv/lib/python3.14/site-packages/sqlalchemy/engine/base.py", line 3319, in raw_connection
    return self.pool.connect()
           ~~~~~~~~~~~~~~~~~^^
  File "/Users/ankit/Documents/sharkship-others/convoy_prod/.venv/lib/python3.14/site-packages/sqlalchemy/pool/base.py", line 448, in connect
    return _ConnectionFairy._checkout(self)
           ~~~~~~~~~~~~~~~~~~~~~~~~~~^^^^^^
  File "/Users/ankit/Documents/sharkship-others/convoy_prod/.venv/lib/python3.14/site-packages/sqlalchemy/pool/base.py", line 1272, in _checkout
    fairy = _ConnectionRecord.checkout(pool)
  File "/Users/ankit/Documents/sharkship-others/convoy_prod/.venv/lib/python3.14/site-packages/sqlalchemy/pool/base.py", line 717, in checkout
    with util.safe_reraise():
         ~~~~~~~~~~~~~~~~~^^
  File "/Users/ankit/Documents/sharkship-others/convoy_prod/.venv/lib/python3.14/site-packages/sqlalchemy/util/langhelpers.py", line 122, in __exit__
    raise exc_value.with_traceback(exc_tb)
  File "/Users/ankit/Documents/sharkship-others/convoy_prod/.venv/lib/python3.14/site-packages/sqlalchemy/pool/base.py", line 715, in checkout
    dbapi_connection = rec.get_connection()
  File "/Users/ankit/Documents/sharkship-others/convoy_prod/.venv/lib/python3.14/site-packages/sqlalchemy/pool/base.py", line 837, in get_connection
    self.__connect()
    ~~~~~~~~~~~~~~^^
  File "/Users/ankit/Documents/sharkship-others/convoy_prod/.venv/lib/python3.14/site-packages/sqlalchemy/pool/base.py", line 900, in __connect
    with util.safe_reraise():
         ~~~~~~~~~~~~~~~~~^^
  File "/Users/ankit/Documents/sharkship-others/convoy_prod/.venv/lib/python3.14/site-packages/sqlalchemy/util/langhelpers.py", line 122, in __exit__
    raise exc_value.with_traceback(exc_tb)
  File "/Users/ankit/Documents/sharkship-others/convoy_prod/.venv/lib/python3.14/site-packages/sqlalchemy/pool/base.py", line 896, in __connect
    self.dbapi_connection = connection = pool._invoke_creator(self)
                                         ~~~~~~~~~~~~~~~~~~~~^^^^^^
  File "/Users/ankit/Documents/sharkship-others/convoy_prod/.venv/lib/python3.14/site-packages/sqlalchemy/engine/create.py", line 667, in connect
    return dialect.connect(*cargs_tup, **cparams)
           ~~~~~~~~~~~~~~~^^^^^^^^^^^^^^^^^^^^^^^
  File "/Users/ankit/Documents/sharkship-others/convoy_prod/.venv/lib/python3.14/site-packages/sqlalchemy/engine/default.py", line 630, in connect
    return self.loaded_dbapi.connect(*cargs, **cparams)  # type: ignore[no-any-return]  # NOQA: E501
           ~~~~~~~~~~~~~~~~~~~~~~~~~^^^^^^^^^^^^^^^^^^^
  File "/Users/ankit/Documents/sharkship-others/convoy_prod/.venv/lib/python3.14/site-packages/sqlalchemy/dialects/postgresql/asyncpg.py", line 955, in connect
    await_only(creator_fn(*arg, **kw)),
    ~~~~~~~~~~^^^^^^^^^^^^^^^^^^^^^^^^
  File "/Users/ankit/Documents/sharkship-others/convoy_prod/.venv/lib/python3.14/site-packages/sqlalchemy/util/_concurrency_py3k.py", line 132, in await_only
    return current.parent.switch(awaitable)  # type: ignore[no-any-return,attr-defined] # noqa: E501
           ~~~~~~~~~~~~~~~~~~~~~^^^^^^^^^^^
  File "/Users/ankit/Documents/sharkship-others/convoy_prod/.venv/lib/python3.14/site-packages/sqlalchemy/util/_concurrency_py3k.py", line 196, in greenlet_spawn
    value = await result
            ^^^^^^^^^^^^
  File "/Users/ankit/Documents/sharkship-others/convoy_prod/.venv/lib/python3.14/site-packages/asyncpg/connection.py", line 2443, in connect
    return await connect_utils._connect(
           ^^^^^^^^^^^^^^^^^^^^^^^^^^^^^
    ...<22 lines>...
    )
    ^
  File "/Users/ankit/Documents/sharkship-others/convoy_prod/.venv/lib/python3.14/site-packages/asyncpg/connect_utils.py", line 1249, in _connect
    raise last_error or exceptions.TargetServerAttributeNotMatched(
    ...<2 lines>...
    )
  File "/Users/ankit/Documents/sharkship-others/convoy_prod/.venv/lib/python3.14/site-packages/asyncpg/connect_utils.py", line 1218, in _connect
    conn = await _connect_addr(
           ^^^^^^^^^^^^^^^^^^^^
    ...<6 lines>...
    )
    ^
  File "/Users/ankit/Documents/sharkship-others/convoy_prod/.venv/lib/python3.14/site-packages/asyncpg/connect_utils.py", line 1054, in _connect_addr
    return await __connect_addr(params, True, *args)
           ^^^^^^^^^^^^^^^^^^^^^^^^^^^^^^^^^^^^^^^^^
  File "/Users/ankit/Documents/sharkship-others/convoy_prod/.venv/lib/python3.14/site-packages/asyncpg/connect_utils.py", line 1099, in __connect_addr
    tr, pr = await connector
             ^^^^^^^^^^^^^^^
  File "/Users/ankit/Documents/sharkship-others/convoy_prod/.venv/lib/python3.14/site-packages/asyncpg/connect_utils.py", line 969, in _create_ssl_connection
    tr, pr = await loop.create_connection(
             ^^^^^^^^^^^^^^^^^^^^^^^^^^^^^
    ...<2 lines>...
        host, port)
        ^^^^^^^^^^^
  File "uvloop/loop.pyx", line 1982, in create_connection
socket.gaierror: [Errno 8] nodename nor servname provided, or not known
2026-07-13 21:29:53 | ERROR    | convoy | Post expiry job failed: [Errno 8] nodename nor servname provided, or not known
Traceback (most recent call last):
  File "/Users/ankit/Documents/sharkship-others/convoy_prod/services/post_expiry.py", line 56, in run_post_expiry_loop
    count = await expire_overdue_posts(session)
            ^^^^^^^^^^^^^^^^^^^^^^^^^^^^^^^^^^^
  File "/Users/ankit/Documents/sharkship-others/convoy_prod/services/post_expiry.py", line 37, in expire_overdue_posts
    result = await session.execute(
             ^^^^^^^^^^^^^^^^^^^^^^
    ...<6 lines>...
    )
    ^
  File "/Users/ankit/Documents/sharkship-others/convoy_prod/.venv/lib/python3.14/site-packages/sqlalchemy/ext/asyncio/session.py", line 448, in execute
    result = await greenlet_spawn(
             ^^^^^^^^^^^^^^^^^^^^^
    ...<6 lines>...
    )
    ^
  File "/Users/ankit/Documents/sharkship-others/convoy_prod/.venv/lib/python3.14/site-packages/sqlalchemy/util/_concurrency_py3k.py", line 201, in greenlet_spawn
    result = context.throw(*sys.exc_info())
  File "/Users/ankit/Documents/sharkship-others/convoy_prod/.venv/lib/python3.14/site-packages/sqlalchemy/orm/session.py", line 2373, in execute
    return self._execute_internal(
           ~~~~~~~~~~~~~~~~~~~~~~^
        statement,
        ^^^^^^^^^^
    ...<4 lines>...
        _add_event=_add_event,
        ^^^^^^^^^^^^^^^^^^^^^^
    )
    ^
  File "/Users/ankit/Documents/sharkship-others/convoy_prod/.venv/lib/python3.14/site-packages/sqlalchemy/orm/session.py", line 2261, in _execute_internal
    conn = self._connection_for_bind(bind)
  File "/Users/ankit/Documents/sharkship-others/convoy_prod/.venv/lib/python3.14/site-packages/sqlalchemy/orm/session.py", line 2113, in _connection_for_bind
    return trans._connection_for_bind(engine, execution_options)
           ~~~~~~~~~~~~~~~~~~~~~~~~~~^^^^^^^^^^^^^^^^^^^^^^^^^^^
  File "<string>", line 2, in _connection_for_bind
  File "/Users/ankit/Documents/sharkship-others/convoy_prod/.venv/lib/python3.14/site-packages/sqlalchemy/orm/state_changes.py", line 137, in _go
    ret_value = fn(self, *arg, **kw)
  File "/Users/ankit/Documents/sharkship-others/convoy_prod/.venv/lib/python3.14/site-packages/sqlalchemy/orm/session.py", line 1191, in _connection_for_bind
    conn = bind.connect()
  File "/Users/ankit/Documents/sharkship-others/convoy_prod/.venv/lib/python3.14/site-packages/sqlalchemy/engine/base.py", line 3295, in connect
    return self._connection_cls(self)
           ~~~~~~~~~~~~~~~~~~~~^^^^^^
  File "/Users/ankit/Documents/sharkship-others/convoy_prod/.venv/lib/python3.14/site-packages/sqlalchemy/engine/base.py", line 144, in __init__
    self._dbapi_connection = engine.raw_connection()
                             ~~~~~~~~~~~~~~~~~~~~~^^
  File "/Users/ankit/Documents/sharkship-others/convoy_prod/.venv/lib/python3.14/site-packages/sqlalchemy/engine/base.py", line 3319, in raw_connection
    return self.pool.connect()
           ~~~~~~~~~~~~~~~~~^^
  File "/Users/ankit/Documents/sharkship-others/convoy_prod/.venv/lib/python3.14/site-packages/sqlalchemy/pool/base.py", line 448, in connect
    return _ConnectionFairy._checkout(self)
           ~~~~~~~~~~~~~~~~~~~~~~~~~~^^^^^^
  File "/Users/ankit/Documents/sharkship-others/convoy_prod/.venv/lib/python3.14/site-packages/sqlalchemy/pool/base.py", line 1272, in _checkout
    fairy = _ConnectionRecord.checkout(pool)
  File "/Users/ankit/Documents/sharkship-others/convoy_prod/.venv/lib/python3.14/site-packages/sqlalchemy/pool/base.py", line 717, in checkout
    with util.safe_reraise():
         ~~~~~~~~~~~~~~~~~^^
  File "/Users/ankit/Documents/sharkship-others/convoy_prod/.venv/lib/python3.14/site-packages/sqlalchemy/util/langhelpers.py", line 122, in __exit__
    raise exc_value.with_traceback(exc_tb)
  File "/Users/ankit/Documents/sharkship-others/convoy_prod/.venv/lib/python3.14/site-packages/sqlalchemy/pool/base.py", line 715, in checkout
    dbapi_connection = rec.get_connection()
  File "/Users/ankit/Documents/sharkship-others/convoy_prod/.venv/lib/python3.14/site-packages/sqlalchemy/pool/base.py", line 837, in get_connection
    self.__connect()
    ~~~~~~~~~~~~~~^^
  File "/Users/ankit/Documents/sharkship-others/convoy_prod/.venv/lib/python3.14/site-packages/sqlalchemy/pool/base.py", line 900, in __connect
    with util.safe_reraise():
         ~~~~~~~~~~~~~~~~~^^
  File "/Users/ankit/Documents/sharkship-others/convoy_prod/.venv/lib/python3.14/site-packages/sqlalchemy/util/langhelpers.py", line 122, in __exit__
    raise exc_value.with_traceback(exc_tb)
  File "/Users/ankit/Documents/sharkship-others/convoy_prod/.venv/lib/python3.14/site-packages/sqlalchemy/pool/base.py", line 896, in __connect
    self.dbapi_connection = connection = pool._invoke_creator(self)
                                         ~~~~~~~~~~~~~~~~~~~~^^^^^^
  File "/Users/ankit/Documents/sharkship-others/convoy_prod/.venv/lib/python3.14/site-packages/sqlalchemy/engine/create.py", line 667, in connect
    return dialect.connect(*cargs_tup, **cparams)
           ~~~~~~~~~~~~~~~^^^^^^^^^^^^^^^^^^^^^^^
  File "/Users/ankit/Documents/sharkship-others/convoy_prod/.venv/lib/python3.14/site-packages/sqlalchemy/engine/default.py", line 630, in connect
    return self.loaded_dbapi.connect(*cargs, **cparams)  # type: ignore[no-any-return]  # NOQA: E501
           ~~~~~~~~~~~~~~~~~~~~~~~~~^^^^^^^^^^^^^^^^^^^
  File "/Users/ankit/Documents/sharkship-others/convoy_prod/.venv/lib/python3.14/site-packages/sqlalchemy/dialects/postgresql/asyncpg.py", line 955, in connect
    await_only(creator_fn(*arg, **kw)),
    ~~~~~~~~~~^^^^^^^^^^^^^^^^^^^^^^^^
  File "/Users/ankit/Documents/sharkship-others/convoy_prod/.venv/lib/python3.14/site-packages/sqlalchemy/util/_concurrency_py3k.py", line 132, in await_only
    return current.parent.switch(awaitable)  # type: ignore[no-any-return,attr-defined] # noqa: E501
           ~~~~~~~~~~~~~~~~~~~~~^^^^^^^^^^^
  File "/Users/ankit/Documents/sharkship-others/convoy_prod/.venv/lib/python3.14/site-packages/sqlalchemy/util/_concurrency_py3k.py", line 196, in greenlet_spawn
    value = await result
            ^^^^^^^^^^^^
  File "/Users/ankit/Documents/sharkship-others/convoy_prod/.venv/lib/python3.14/site-packages/asyncpg/connection.py", line 2443, in connect
    return await connect_utils._connect(
           ^^^^^^^^^^^^^^^^^^^^^^^^^^^^^
    ...<22 lines>...
    )
    ^
  File "/Users/ankit/Documents/sharkship-others/convoy_prod/.venv/lib/python3.14/site-packages/asyncpg/connect_utils.py", line 1249, in _connect
    raise last_error or exceptions.TargetServerAttributeNotMatched(
    ...<2 lines>...
    )
  File "/Users/ankit/Documents/sharkship-others/convoy_prod/.venv/lib/python3.14/site-packages/asyncpg/connect_utils.py", line 1218, in _connect
    conn = await _connect_addr(
           ^^^^^^^^^^^^^^^^^^^^
    ...<6 lines>...
    )
    ^
  File "/Users/ankit/Documents/sharkship-others/convoy_prod/.venv/lib/python3.14/site-packages/asyncpg/connect_utils.py", line 1054, in _connect_addr
    return await __connect_addr(params, True, *args)
           ^^^^^^^^^^^^^^^^^^^^^^^^^^^^^^^^^^^^^^^^^
  File "/Users/ankit/Documents/sharkship-others/convoy_prod/.venv/lib/python3.14/site-packages/asyncpg/connect_utils.py", line 1099, in __connect_addr
    tr, pr = await connector
             ^^^^^^^^^^^^^^^
  File "/Users/ankit/Documents/sharkship-others/convoy_prod/.venv/lib/python3.14/site-packages/asyncpg/connect_utils.py", line 969, in _create_ssl_connection
    tr, pr = await loop.create_connection(
             ^^^^^^^^^^^^^^^^^^^^^^^^^^^^^
    ...<2 lines>...
        host, port)
        ^^^^^^^^^^^
  File "uvloop/loop.pyx", line 1982, in create_connection
socket.gaierror: [Errno 8] nodename nor servname provided, or not known
2026-07-13 23:21:52 | ERROR    | convoy | Post expiry job failed: (sqlalchemy.dialects.postgresql.asyncpg.Error) <class 'asyncpg.exceptions.ConnectionDoesNotExistError'>: connection was closed in the middle of operation
[SQL: UPDATE truck_routes SET status=$1::VARCHAR WHERE truck_routes.status IN ($3::VARCHAR, $4::VARCHAR) AND truck_routes.expires_at <= $2::TIMESTAMP WITHOUT TIME ZONE]
[parameters: ('expired', datetime.datetime(2026, 7, 13, 17, 50, 55, 392924), 'available', 'active')]
(Background on this error at: https://sqlalche.me/e/20/dbapi)
ConnectionResetError: [Errno 54] Connection reset by peer

The above exception was the direct cause of the following exception:

Traceback (most recent call last):
  File "/Users/ankit/Documents/sharkship-others/convoy_prod/.venv/lib/python3.14/site-packages/sqlalchemy/dialects/postgresql/asyncpg.py", line 848, in _start_transaction
    await self._transaction.start()
  File "/Users/ankit/Documents/sharkship-others/convoy_prod/.venv/lib/python3.14/site-packages/asyncpg/transaction.py", line 146, in start
    await self._connection.execute(query)
  File "/Users/ankit/Documents/sharkship-others/convoy_prod/.venv/lib/python3.14/site-packages/asyncpg/connection.py", line 354, in execute
    result = await self._protocol.query(query, timeout)
             ^^^^^^^^^^^^^^^^^^^^^^^^^^^^^^^^^^^^^^^^^^
  File "asyncpg/protocol/protocol.pyx", line 369, in query
asyncpg.exceptions.ConnectionDoesNotExistError: connection was closed in the middle of operation

The above exception was the direct cause of the following exception:

Traceback (most recent call last):
  File "/Users/ankit/Documents/sharkship-others/convoy_prod/.venv/lib/python3.14/site-packages/sqlalchemy/engine/base.py", line 1969, in _exec_single_context
    self.dialect.do_execute(
    ~~~~~~~~~~~~~~~~~~~~~~~^
        cursor, str_statement, effective_parameters, context
        ^^^^^^^^^^^^^^^^^^^^^^^^^^^^^^^^^^^^^^^^^^^^^^^^^^^^
    )
    ^
  File "/Users/ankit/Documents/sharkship-others/convoy_prod/.venv/lib/python3.14/site-packages/sqlalchemy/engine/default.py", line 952, in do_execute
    cursor.execute(statement, parameters)
    ~~~~~~~~~~~~~~^^^^^^^^^^^^^^^^^^^^^^^
  File "/Users/ankit/Documents/sharkship-others/convoy_prod/.venv/lib/python3.14/site-packages/sqlalchemy/dialects/postgresql/asyncpg.py", line 585, in execute
    self._adapt_connection.await_(
    ~~~~~~~~~~~~~~~~~~~~~~~~~~~~~^
        self._prepare_and_execute(operation, parameters)
        ^^^^^^^^^^^^^^^^^^^^^^^^^^^^^^^^^^^^^^^^^^^^^^^^
    )
    ^
  File "/Users/ankit/Documents/sharkship-others/convoy_prod/.venv/lib/python3.14/site-packages/sqlalchemy/util/_concurrency_py3k.py", line 132, in await_only
    return current.parent.switch(awaitable)  # type: ignore[no-any-return,attr-defined] # noqa: E501
           ~~~~~~~~~~~~~~~~~~~~~^^^^^^^^^^^
  File "/Users/ankit/Documents/sharkship-others/convoy_prod/.venv/lib/python3.14/site-packages/sqlalchemy/util/_concurrency_py3k.py", line 196, in greenlet_spawn
    value = await result
            ^^^^^^^^^^^^
  File "/Users/ankit/Documents/sharkship-others/convoy_prod/.venv/lib/python3.14/site-packages/sqlalchemy/dialects/postgresql/asyncpg.py", line 520, in _prepare_and_execute
    await adapt_connection._start_transaction()
  File "/Users/ankit/Documents/sharkship-others/convoy_prod/.venv/lib/python3.14/site-packages/sqlalchemy/dialects/postgresql/asyncpg.py", line 850, in _start_transaction
    self._handle_exception(error)
    ~~~~~~~~~~~~~~~~~~~~~~^^^^^^^
  File "/Users/ankit/Documents/sharkship-others/convoy_prod/.venv/lib/python3.14/site-packages/sqlalchemy/dialects/postgresql/asyncpg.py", line 797, in _handle_exception
    raise translated_error from error
sqlalchemy.dialects.postgresql.asyncpg.AsyncAdapt_asyncpg_dbapi.Error: <class 'asyncpg.exceptions.ConnectionDoesNotExistError'>: connection was closed in the middle of operation

The above exception was the direct cause of the following exception:

Traceback (most recent call last):
  File "/Users/ankit/Documents/sharkship-others/convoy_prod/services/post_expiry.py", line 56, in run_post_expiry_loop
    count = await expire_overdue_posts(session)
            ^^^^^^^^^^^^^^^^^^^^^^^^^^^^^^^^^^^
  File "/Users/ankit/Documents/sharkship-others/convoy_prod/services/post_expiry.py", line 37, in expire_overdue_posts
    result = await session.execute(
             ^^^^^^^^^^^^^^^^^^^^^^
    ...<6 lines>...
    )
    ^
  File "/Users/ankit/Documents/sharkship-others/convoy_prod/.venv/lib/python3.14/site-packages/sqlalchemy/ext/asyncio/session.py", line 448, in execute
    result = await greenlet_spawn(
             ^^^^^^^^^^^^^^^^^^^^^
    ...<6 lines>...
    )
    ^
  File "/Users/ankit/Documents/sharkship-others/convoy_prod/.venv/lib/python3.14/site-packages/sqlalchemy/util/_concurrency_py3k.py", line 203, in greenlet_spawn
    result = context.switch(value)
  File "/Users/ankit/Documents/sharkship-others/convoy_prod/.venv/lib/python3.14/site-packages/sqlalchemy/orm/session.py", line 2373, in execute
    return self._execute_internal(
           ~~~~~~~~~~~~~~~~~~~~~~^
        statement,
        ^^^^^^^^^^
    ...<4 lines>...
        _add_event=_add_event,
        ^^^^^^^^^^^^^^^^^^^^^^
    )
    ^
  File "/Users/ankit/Documents/sharkship-others/convoy_prod/.venv/lib/python3.14/site-packages/sqlalchemy/orm/session.py", line 2271, in _execute_internal
    result: Result[Any] = compile_state_cls.orm_execute_statement(
                          ~~~~~~~~~~~~~~~~~~~~~~~~~~~~~~~~~~~~~~~^
        self,
        ^^^^^
    ...<4 lines>...
        conn,
        ^^^^^
    )
    ^
  File "/Users/ankit/Documents/sharkship-others/convoy_prod/.venv/lib/python3.14/site-packages/sqlalchemy/orm/bulk_persistence.py", line 1660, in orm_execute_statement
    return super().orm_execute_statement(
           ~~~~~~~~~~~~~~~~~~~~~~~~~~~~~^
        session,
        ^^^^^^^^
    ...<4 lines>...
        conn,
        ^^^^^
    )
    ^
  File "/Users/ankit/Documents/sharkship-others/convoy_prod/.venv/lib/python3.14/site-packages/sqlalchemy/orm/context.py", line 306, in orm_execute_statement
    result = conn.execute(
        statement, params or {}, execution_options=execution_options
    )
  File "/Users/ankit/Documents/sharkship-others/convoy_prod/.venv/lib/python3.14/site-packages/sqlalchemy/engine/base.py", line 1421, in execute
    return meth(
        self,
        distilled_parameters,
        execution_options or NO_OPTIONS,
    )
  File "/Users/ankit/Documents/sharkship-others/convoy_prod/.venv/lib/python3.14/site-packages/sqlalchemy/sql/elements.py", line 526, in _execute_on_connection
    return connection._execute_clauseelement(
           ~~~~~~~~~~~~~~~~~~~~~~~~~~~~~~~~~^
        self, distilled_params, execution_options
        ^^^^^^^^^^^^^^^^^^^^^^^^^^^^^^^^^^^^^^^^^
    )
    ^
  File "/Users/ankit/Documents/sharkship-others/convoy_prod/.venv/lib/python3.14/site-packages/sqlalchemy/engine/base.py", line 1643, in _execute_clauseelement
    ret = self._execute_context(
        dialect,
    ...<8 lines>...
        cache_hit=cache_hit,
    )
  File "/Users/ankit/Documents/sharkship-others/convoy_prod/.venv/lib/python3.14/site-packages/sqlalchemy/engine/base.py", line 1848, in _execute_context
    return self._exec_single_context(
           ~~~~~~~~~~~~~~~~~~~~~~~~~^
        dialect, context, statement, parameters
        ^^^^^^^^^^^^^^^^^^^^^^^^^^^^^^^^^^^^^^^
    )
    ^
  File "/Users/ankit/Documents/sharkship-others/convoy_prod/.venv/lib/python3.14/site-packages/sqlalchemy/engine/base.py", line 1988, in _exec_single_context
    self._handle_dbapi_exception(
    ~~~~~~~~~~~~~~~~~~~~~~~~~~~~^
        e, str_statement, effective_parameters, cursor, context
        ^^^^^^^^^^^^^^^^^^^^^^^^^^^^^^^^^^^^^^^^^^^^^^^^^^^^^^^
    )
    ^
  File "/Users/ankit/Documents/sharkship-others/convoy_prod/.venv/lib/python3.14/site-packages/sqlalchemy/engine/base.py", line 2365, in _handle_dbapi_exception
    raise sqlalchemy_exception.with_traceback(exc_info[2]) from e
  File "/Users/ankit/Documents/sharkship-others/convoy_prod/.venv/lib/python3.14/site-packages/sqlalchemy/engine/base.py", line 1969, in _exec_single_context
    self.dialect.do_execute(
    ~~~~~~~~~~~~~~~~~~~~~~~^
        cursor, str_statement, effective_parameters, context
        ^^^^^^^^^^^^^^^^^^^^^^^^^^^^^^^^^^^^^^^^^^^^^^^^^^^^
    )
    ^
  File "/Users/ankit/Documents/sharkship-others/convoy_prod/.venv/lib/python3.14/site-packages/sqlalchemy/engine/default.py", line 952, in do_execute
    cursor.execute(statement, parameters)
    ~~~~~~~~~~~~~~^^^^^^^^^^^^^^^^^^^^^^^
  File "/Users/ankit/Documents/sharkship-others/convoy_prod/.venv/lib/python3.14/site-packages/sqlalchemy/dialects/postgresql/asyncpg.py", line 585, in execute
    self._adapt_connection.await_(
    ~~~~~~~~~~~~~~~~~~~~~~~~~~~~~^
        self._prepare_and_execute(operation, parameters)
        ^^^^^^^^^^^^^^^^^^^^^^^^^^^^^^^^^^^^^^^^^^^^^^^^
    )
    ^
  File "/Users/ankit/Documents/sharkship-others/convoy_prod/.venv/lib/python3.14/site-packages/sqlalchemy/util/_concurrency_py3k.py", line 132, in await_only
    return current.parent.switch(awaitable)  # type: ignore[no-any-return,attr-defined] # noqa: E501
           ~~~~~~~~~~~~~~~~~~~~~^^^^^^^^^^^
  File "/Users/ankit/Documents/sharkship-others/convoy_prod/.venv/lib/python3.14/site-packages/sqlalchemy/util/_concurrency_py3k.py", line 196, in greenlet_spawn
    value = await result
            ^^^^^^^^^^^^
  File "/Users/ankit/Documents/sharkship-others/convoy_prod/.venv/lib/python3.14/site-packages/sqlalchemy/dialects/postgresql/asyncpg.py", line 520, in _prepare_and_execute
    await adapt_connection._start_transaction()
  File "/Users/ankit/Documents/sharkship-others/convoy_prod/.venv/lib/python3.14/site-packages/sqlalchemy/dialects/postgresql/asyncpg.py", line 850, in _start_transaction
    self._handle_exception(error)
    ~~~~~~~~~~~~~~~~~~~~~~^^^^^^^
  File "/Users/ankit/Documents/sharkship-others/convoy_prod/.venv/lib/python3.14/site-packages/sqlalchemy/dialects/postgresql/asyncpg.py", line 797, in _handle_exception
    raise translated_error from error
sqlalchemy.exc.DBAPIError: (sqlalchemy.dialects.postgresql.asyncpg.Error) <class 'asyncpg.exceptions.ConnectionDoesNotExistError'>: connection was closed in the middle of operation
[SQL: UPDATE truck_routes SET status=$1::VARCHAR WHERE truck_routes.status IN ($3::VARCHAR, $4::VARCHAR) AND truck_routes.expires_at <= $2::TIMESTAMP WITHOUT TIME ZONE]
[parameters: ('expired', datetime.datetime(2026, 7, 13, 17, 50, 55, 392924), 'available', 'active')]
(Background on this error at: https://sqlalche.me/e/20/dbapi)
2026-07-13 23:31:54 | ERROR    | convoy | Post expiry job failed: (sqlalchemy.dialects.postgresql.asyncpg.InterfaceError) <class 'asyncpg.exceptions._base.InterfaceError'>: connection is closed
[SQL: UPDATE truck_routes SET status=$1::VARCHAR WHERE truck_routes.status IN ($3::VARCHAR, $4::VARCHAR) AND truck_routes.expires_at <= $2::TIMESTAMP WITHOUT TIME ZONE]
[parameters: ('expired', datetime.datetime(2026, 7, 13, 18, 1, 54, 150664), 'available', 'active')]
(Background on this error at: https://sqlalche.me/e/20/rvf5)
Traceback (most recent call last):
  File "/Users/ankit/Documents/sharkship-others/convoy_prod/.venv/lib/python3.14/site-packages/sqlalchemy/dialects/postgresql/asyncpg.py", line 843, in _start_transaction
    self._transaction = self._connection.transaction(
                        ~~~~~~~~~~~~~~~~~~~~~~~~~~~~^
        isolation=self.isolation_level,
        ^^^^^^^^^^^^^^^^^^^^^^^^^^^^^^^
        readonly=self.readonly,
        ^^^^^^^^^^^^^^^^^^^^^^^
        deferrable=self.deferrable,
        ^^^^^^^^^^^^^^^^^^^^^^^^^^^
    )
    ^
  File "/Users/ankit/Documents/sharkship-others/convoy_prod/.venv/lib/python3.14/site-packages/asyncpg/connection.py", line 302, in transaction
    self._check_open()
    ~~~~~~~~~~~~~~~~^^
  File "/Users/ankit/Documents/sharkship-others/convoy_prod/.venv/lib/python3.14/site-packages/asyncpg/connection.py", line 1605, in _check_open
    raise exceptions.InterfaceError('connection is closed')
asyncpg.exceptions._base.InterfaceError: connection is closed

The above exception was the direct cause of the following exception:

Traceback (most recent call last):
  File "/Users/ankit/Documents/sharkship-others/convoy_prod/.venv/lib/python3.14/site-packages/sqlalchemy/engine/base.py", line 1969, in _exec_single_context
    self.dialect.do_execute(
    ~~~~~~~~~~~~~~~~~~~~~~~^
        cursor, str_statement, effective_parameters, context
        ^^^^^^^^^^^^^^^^^^^^^^^^^^^^^^^^^^^^^^^^^^^^^^^^^^^^
    )
    ^
  File "/Users/ankit/Documents/sharkship-others/convoy_prod/.venv/lib/python3.14/site-packages/sqlalchemy/engine/default.py", line 952, in do_execute
    cursor.execute(statement, parameters)
    ~~~~~~~~~~~~~~^^^^^^^^^^^^^^^^^^^^^^^
  File "/Users/ankit/Documents/sharkship-others/convoy_prod/.venv/lib/python3.14/site-packages/sqlalchemy/dialects/postgresql/asyncpg.py", line 585, in execute
    self._adapt_connection.await_(
    ~~~~~~~~~~~~~~~~~~~~~~~~~~~~~^
        self._prepare_and_execute(operation, parameters)
        ^^^^^^^^^^^^^^^^^^^^^^^^^^^^^^^^^^^^^^^^^^^^^^^^
    )
    ^
  File "/Users/ankit/Documents/sharkship-others/convoy_prod/.venv/lib/python3.14/site-packages/sqlalchemy/util/_concurrency_py3k.py", line 132, in await_only
    return current.parent.switch(awaitable)  # type: ignore[no-any-return,attr-defined] # noqa: E501
           ~~~~~~~~~~~~~~~~~~~~~^^^^^^^^^^^
  File "/Users/ankit/Documents/sharkship-others/convoy_prod/.venv/lib/python3.14/site-packages/sqlalchemy/util/_concurrency_py3k.py", line 196, in greenlet_spawn
    value = await result
            ^^^^^^^^^^^^
  File "/Users/ankit/Documents/sharkship-others/convoy_prod/.venv/lib/python3.14/site-packages/sqlalchemy/dialects/postgresql/asyncpg.py", line 520, in _prepare_and_execute
    await adapt_connection._start_transaction()
  File "/Users/ankit/Documents/sharkship-others/convoy_prod/.venv/lib/python3.14/site-packages/sqlalchemy/dialects/postgresql/asyncpg.py", line 850, in _start_transaction
    self._handle_exception(error)
    ~~~~~~~~~~~~~~~~~~~~~~^^^^^^^
  File "/Users/ankit/Documents/sharkship-others/convoy_prod/.venv/lib/python3.14/site-packages/sqlalchemy/dialects/postgresql/asyncpg.py", line 797, in _handle_exception
    raise translated_error from error
sqlalchemy.dialects.postgresql.asyncpg.AsyncAdapt_asyncpg_dbapi.InterfaceError: <class 'asyncpg.exceptions._base.InterfaceError'>: connection is closed

The above exception was the direct cause of the following exception:

Traceback (most recent call last):
  File "/Users/ankit/Documents/sharkship-others/convoy_prod/services/post_expiry.py", line 56, in run_post_expiry_loop
    count = await expire_overdue_posts(session)
            ^^^^^^^^^^^^^^^^^^^^^^^^^^^^^^^^^^^
  File "/Users/ankit/Documents/sharkship-others/convoy_prod/services/post_expiry.py", line 37, in expire_overdue_posts
    result = await session.execute(
             ^^^^^^^^^^^^^^^^^^^^^^
    ...<6 lines>...
    )
    ^
  File "/Users/ankit/Documents/sharkship-others/convoy_prod/.venv/lib/python3.14/site-packages/sqlalchemy/ext/asyncio/session.py", line 448, in execute
    result = await greenlet_spawn(
             ^^^^^^^^^^^^^^^^^^^^^
    ...<6 lines>...
    )
    ^
  File "/Users/ankit/Documents/sharkship-others/convoy_prod/.venv/lib/python3.14/site-packages/sqlalchemy/util/_concurrency_py3k.py", line 203, in greenlet_spawn
    result = context.switch(value)
  File "/Users/ankit/Documents/sharkship-others/convoy_prod/.venv/lib/python3.14/site-packages/sqlalchemy/orm/session.py", line 2373, in execute
    return self._execute_internal(
           ~~~~~~~~~~~~~~~~~~~~~~^
        statement,
        ^^^^^^^^^^
    ...<4 lines>...
        _add_event=_add_event,
        ^^^^^^^^^^^^^^^^^^^^^^
    )
    ^
  File "/Users/ankit/Documents/sharkship-others/convoy_prod/.venv/lib/python3.14/site-packages/sqlalchemy/orm/session.py", line 2271, in _execute_internal
    result: Result[Any] = compile_state_cls.orm_execute_statement(
                          ~~~~~~~~~~~~~~~~~~~~~~~~~~~~~~~~~~~~~~~^
        self,
        ^^^^^
    ...<4 lines>...
        conn,
        ^^^^^
    )
    ^
  File "/Users/ankit/Documents/sharkship-others/convoy_prod/.venv/lib/python3.14/site-packages/sqlalchemy/orm/bulk_persistence.py", line 1660, in orm_execute_statement
    return super().orm_execute_statement(
           ~~~~~~~~~~~~~~~~~~~~~~~~~~~~~^
        session,
        ^^^^^^^^
    ...<4 lines>...
        conn,
        ^^^^^
    )
    ^
  File "/Users/ankit/Documents/sharkship-others/convoy_prod/.venv/lib/python3.14/site-packages/sqlalchemy/orm/context.py", line 306, in orm_execute_statement
    result = conn.execute(
        statement, params or {}, execution_options=execution_options
    )
  File "/Users/ankit/Documents/sharkship-others/convoy_prod/.venv/lib/python3.14/site-packages/sqlalchemy/engine/base.py", line 1421, in execute
    return meth(
        self,
        distilled_parameters,
        execution_options or NO_OPTIONS,
    )
  File "/Users/ankit/Documents/sharkship-others/convoy_prod/.venv/lib/python3.14/site-packages/sqlalchemy/sql/elements.py", line 526, in _execute_on_connection
    return connection._execute_clauseelement(
           ~~~~~~~~~~~~~~~~~~~~~~~~~~~~~~~~~^
        self, distilled_params, execution_options
        ^^^^^^^^^^^^^^^^^^^^^^^^^^^^^^^^^^^^^^^^^
    )
    ^
  File "/Users/ankit/Documents/sharkship-others/convoy_prod/.venv/lib/python3.14/site-packages/sqlalchemy/engine/base.py", line 1643, in _execute_clauseelement
    ret = self._execute_context(
        dialect,
    ...<8 lines>...
        cache_hit=cache_hit,
    )
  File "/Users/ankit/Documents/sharkship-others/convoy_prod/.venv/lib/python3.14/site-packages/sqlalchemy/engine/base.py", line 1848, in _execute_context
    return self._exec_single_context(
           ~~~~~~~~~~~~~~~~~~~~~~~~~^
        dialect, context, statement, parameters
        ^^^^^^^^^^^^^^^^^^^^^^^^^^^^^^^^^^^^^^^
    )
    ^
  File "/Users/ankit/Documents/sharkship-others/convoy_prod/.venv/lib/python3.14/site-packages/sqlalchemy/engine/base.py", line 1988, in _exec_single_context
    self._handle_dbapi_exception(
    ~~~~~~~~~~~~~~~~~~~~~~~~~~~~^
        e, str_statement, effective_parameters, cursor, context
        ^^^^^^^^^^^^^^^^^^^^^^^^^^^^^^^^^^^^^^^^^^^^^^^^^^^^^^^
    )
    ^
  File "/Users/ankit/Documents/sharkship-others/convoy_prod/.venv/lib/python3.14/site-packages/sqlalchemy/engine/base.py", line 2365, in _handle_dbapi_exception
    raise sqlalchemy_exception.with_traceback(exc_info[2]) from e
  File "/Users/ankit/Documents/sharkship-others/convoy_prod/.venv/lib/python3.14/site-packages/sqlalchemy/engine/base.py", line 1969, in _exec_single_context
    self.dialect.do_execute(
    ~~~~~~~~~~~~~~~~~~~~~~~^
        cursor, str_statement, effective_parameters, context
        ^^^^^^^^^^^^^^^^^^^^^^^^^^^^^^^^^^^^^^^^^^^^^^^^^^^^
    )
    ^
  File "/Users/ankit/Documents/sharkship-others/convoy_prod/.venv/lib/python3.14/site-packages/sqlalchemy/engine/default.py", line 952, in do_execute
    cursor.execute(statement, parameters)
    ~~~~~~~~~~~~~~^^^^^^^^^^^^^^^^^^^^^^^
  File "/Users/ankit/Documents/sharkship-others/convoy_prod/.venv/lib/python3.14/site-packages/sqlalchemy/dialects/postgresql/asyncpg.py", line 585, in execute
    self._adapt_connection.await_(
    ~~~~~~~~~~~~~~~~~~~~~~~~~~~~~^
        self._prepare_and_execute(operation, parameters)
        ^^^^^^^^^^^^^^^^^^^^^^^^^^^^^^^^^^^^^^^^^^^^^^^^
    )
    ^
  File "/Users/ankit/Documents/sharkship-others/convoy_prod/.venv/lib/python3.14/site-packages/sqlalchemy/util/_concurrency_py3k.py", line 132, in await_only
    return current.parent.switch(awaitable)  # type: ignore[no-any-return,attr-defined] # noqa: E501
           ~~~~~~~~~~~~~~~~~~~~~^^^^^^^^^^^
  File "/Users/ankit/Documents/sharkship-others/convoy_prod/.venv/lib/python3.14/site-packages/sqlalchemy/util/_concurrency_py3k.py", line 196, in greenlet_spawn
    value = await result
            ^^^^^^^^^^^^
  File "/Users/ankit/Documents/sharkship-others/convoy_prod/.venv/lib/python3.14/site-packages/sqlalchemy/dialects/postgresql/asyncpg.py", line 520, in _prepare_and_execute
    await adapt_connection._start_transaction()
  File "/Users/ankit/Documents/sharkship-others/convoy_prod/.venv/lib/python3.14/site-packages/sqlalchemy/dialects/postgresql/asyncpg.py", line 850, in _start_transaction
    self._handle_exception(error)
    ~~~~~~~~~~~~~~~~~~~~~~^^^^^^^
  File "/Users/ankit/Documents/sharkship-others/convoy_prod/.venv/lib/python3.14/site-packages/sqlalchemy/dialects/postgresql/asyncpg.py", line 797, in _handle_exception
    raise translated_error from error
sqlalchemy.exc.InterfaceError: (sqlalchemy.dialects.postgresql.asyncpg.InterfaceError) <class 'asyncpg.exceptions._base.InterfaceError'>: connection is closed
[SQL: UPDATE truck_routes SET status=$1::VARCHAR WHERE truck_routes.status IN ($3::VARCHAR, $4::VARCHAR) AND truck_routes.expires_at <= $2::TIMESTAMP WITHOUT TIME ZONE]
[parameters: ('expired', datetime.datetime(2026, 7, 13, 18, 1, 54, 150664), 'available', 'active')]
(Background on this error at: https://sqlalche.me/e/20/rvf5)
2026-07-13 23:41:56 | ERROR    | convoy | Post expiry job failed: (sqlalchemy.dialects.postgresql.asyncpg.InterfaceError) <class 'asyncpg.exceptions._base.InterfaceError'>: connection is closed
[SQL: UPDATE truck_routes SET status=$1::VARCHAR WHERE truck_routes.status IN ($3::VARCHAR, $4::VARCHAR) AND truck_routes.expires_at <= $2::TIMESTAMP WITHOUT TIME ZONE]
[parameters: ('expired', datetime.datetime(2026, 7, 13, 18, 11, 56, 125492), 'available', 'active')]
(Background on this error at: https://sqlalche.me/e/20/rvf5)
Traceback (most recent call last):
  File "/Users/ankit/Documents/sharkship-others/convoy_prod/.venv/lib/python3.14/site-packages/sqlalchemy/dialects/postgresql/asyncpg.py", line 843, in _start_transaction
    self._transaction = self._connection.transaction(
                        ~~~~~~~~~~~~~~~~~~~~~~~~~~~~^
        isolation=self.isolation_level,
        ^^^^^^^^^^^^^^^^^^^^^^^^^^^^^^^
        readonly=self.readonly,
        ^^^^^^^^^^^^^^^^^^^^^^^
        deferrable=self.deferrable,
        ^^^^^^^^^^^^^^^^^^^^^^^^^^^
    )
    ^
  File "/Users/ankit/Documents/sharkship-others/convoy_prod/.venv/lib/python3.14/site-packages/asyncpg/connection.py", line 302, in transaction
    self._check_open()
    ~~~~~~~~~~~~~~~~^^
  File "/Users/ankit/Documents/sharkship-others/convoy_prod/.venv/lib/python3.14/site-packages/asyncpg/connection.py", line 1605, in _check_open
    raise exceptions.InterfaceError('connection is closed')
asyncpg.exceptions._base.InterfaceError: connection is closed

The above exception was the direct cause of the following exception:

Traceback (most recent call last):
  File "/Users/ankit/Documents/sharkship-others/convoy_prod/.venv/lib/python3.14/site-packages/sqlalchemy/engine/base.py", line 1969, in _exec_single_context
    self.dialect.do_execute(
    ~~~~~~~~~~~~~~~~~~~~~~~^
        cursor, str_statement, effective_parameters, context
        ^^^^^^^^^^^^^^^^^^^^^^^^^^^^^^^^^^^^^^^^^^^^^^^^^^^^
    )
    ^
  File "/Users/ankit/Documents/sharkship-others/convoy_prod/.venv/lib/python3.14/site-packages/sqlalchemy/engine/default.py", line 952, in do_execute
    cursor.execute(statement, parameters)
    ~~~~~~~~~~~~~~^^^^^^^^^^^^^^^^^^^^^^^
  File "/Users/ankit/Documents/sharkship-others/convoy_prod/.venv/lib/python3.14/site-packages/sqlalchemy/dialects/postgresql/asyncpg.py", line 585, in execute
    self._adapt_connection.await_(
    ~~~~~~~~~~~~~~~~~~~~~~~~~~~~~^
        self._prepare_and_execute(operation, parameters)
        ^^^^^^^^^^^^^^^^^^^^^^^^^^^^^^^^^^^^^^^^^^^^^^^^
    )
    ^
  File "/Users/ankit/Documents/sharkship-others/convoy_prod/.venv/lib/python3.14/site-packages/sqlalchemy/util/_concurrency_py3k.py", line 132, in await_only
    return current.parent.switch(awaitable)  # type: ignore[no-any-return,attr-defined] # noqa: E501
           ~~~~~~~~~~~~~~~~~~~~~^^^^^^^^^^^
  File "/Users/ankit/Documents/sharkship-others/convoy_prod/.venv/lib/python3.14/site-packages/sqlalchemy/util/_concurrency_py3k.py", line 196, in greenlet_spawn
    value = await result
            ^^^^^^^^^^^^
  File "/Users/ankit/Documents/sharkship-others/convoy_prod/.venv/lib/python3.14/site-packages/sqlalchemy/dialects/postgresql/asyncpg.py", line 520, in _prepare_and_execute
    await adapt_connection._start_transaction()
  File "/Users/ankit/Documents/sharkship-others/convoy_prod/.venv/lib/python3.14/site-packages/sqlalchemy/dialects/postgresql/asyncpg.py", line 850, in _start_transaction
    self._handle_exception(error)
    ~~~~~~~~~~~~~~~~~~~~~~^^^^^^^
  File "/Users/ankit/Documents/sharkship-others/convoy_prod/.venv/lib/python3.14/site-packages/sqlalchemy/dialects/postgresql/asyncpg.py", line 797, in _handle_exception
    raise translated_error from error
sqlalchemy.dialects.postgresql.asyncpg.AsyncAdapt_asyncpg_dbapi.InterfaceError: <class 'asyncpg.exceptions._base.InterfaceError'>: connection is closed

The above exception was the direct cause of the following exception:

Traceback (most recent call last):
  File "/Users/ankit/Documents/sharkship-others/convoy_prod/services/post_expiry.py", line 56, in run_post_expiry_loop
    count = await expire_overdue_posts(session)
            ^^^^^^^^^^^^^^^^^^^^^^^^^^^^^^^^^^^
  File "/Users/ankit/Documents/sharkship-others/convoy_prod/services/post_expiry.py", line 37, in expire_overdue_posts
    result = await session.execute(
             ^^^^^^^^^^^^^^^^^^^^^^
    ...<6 lines>...
    )
    ^
  File "/Users/ankit/Documents/sharkship-others/convoy_prod/.venv/lib/python3.14/site-packages/sqlalchemy/ext/asyncio/session.py", line 448, in execute
    result = await greenlet_spawn(
             ^^^^^^^^^^^^^^^^^^^^^
    ...<6 lines>...
    )
    ^
  File "/Users/ankit/Documents/sharkship-others/convoy_prod/.venv/lib/python3.14/site-packages/sqlalchemy/util/_concurrency_py3k.py", line 203, in greenlet_spawn
    result = context.switch(value)
  File "/Users/ankit/Documents/sharkship-others/convoy_prod/.venv/lib/python3.14/site-packages/sqlalchemy/orm/session.py", line 2373, in execute
    return self._execute_internal(
           ~~~~~~~~~~~~~~~~~~~~~~^
        statement,
        ^^^^^^^^^^
    ...<4 lines>...
        _add_event=_add_event,
        ^^^^^^^^^^^^^^^^^^^^^^
    )
    ^
  File "/Users/ankit/Documents/sharkship-others/convoy_prod/.venv/lib/python3.14/site-packages/sqlalchemy/orm/session.py", line 2271, in _execute_internal
    result: Result[Any] = compile_state_cls.orm_execute_statement(
                          ~~~~~~~~~~~~~~~~~~~~~~~~~~~~~~~~~~~~~~~^
        self,
        ^^^^^
    ...<4 lines>...
        conn,
        ^^^^^
    )
    ^
  File "/Users/ankit/Documents/sharkship-others/convoy_prod/.venv/lib/python3.14/site-packages/sqlalchemy/orm/bulk_persistence.py", line 1660, in orm_execute_statement
    return super().orm_execute_statement(
           ~~~~~~~~~~~~~~~~~~~~~~~~~~~~~^
        session,
        ^^^^^^^^
    ...<4 lines>...
        conn,
        ^^^^^
    )
    ^
  File "/Users/ankit/Documents/sharkship-others/convoy_prod/.venv/lib/python3.14/site-packages/sqlalchemy/orm/context.py", line 306, in orm_execute_statement
    result = conn.execute(
        statement, params or {}, execution_options=execution_options
    )
  File "/Users/ankit/Documents/sharkship-others/convoy_prod/.venv/lib/python3.14/site-packages/sqlalchemy/engine/base.py", line 1421, in execute
    return meth(
        self,
        distilled_parameters,
        execution_options or NO_OPTIONS,
    )
  File "/Users/ankit/Documents/sharkship-others/convoy_prod/.venv/lib/python3.14/site-packages/sqlalchemy/sql/elements.py", line 526, in _execute_on_connection
    return connection._execute_clauseelement(
           ~~~~~~~~~~~~~~~~~~~~~~~~~~~~~~~~~^
        self, distilled_params, execution_options
        ^^^^^^^^^^^^^^^^^^^^^^^^^^^^^^^^^^^^^^^^^
    )
    ^
  File "/Users/ankit/Documents/sharkship-others/convoy_prod/.venv/lib/python3.14/site-packages/sqlalchemy/engine/base.py", line 1643, in _execute_clauseelement
    ret = self._execute_context(
        dialect,
    ...<8 lines>...
        cache_hit=cache_hit,
    )
  File "/Users/ankit/Documents/sharkship-others/convoy_prod/.venv/lib/python3.14/site-packages/sqlalchemy/engine/base.py", line 1848, in _execute_context
    return self._exec_single_context(
           ~~~~~~~~~~~~~~~~~~~~~~~~~^
        dialect, context, statement, parameters
        ^^^^^^^^^^^^^^^^^^^^^^^^^^^^^^^^^^^^^^^
    )
    ^
  File "/Users/ankit/Documents/sharkship-others/convoy_prod/.venv/lib/python3.14/site-packages/sqlalchemy/engine/base.py", line 1988, in _exec_single_context
    self._handle_dbapi_exception(
    ~~~~~~~~~~~~~~~~~~~~~~~~~~~~^
        e, str_statement, effective_parameters, cursor, context
        ^^^^^^^^^^^^^^^^^^^^^^^^^^^^^^^^^^^^^^^^^^^^^^^^^^^^^^^
    )
    ^
  File "/Users/ankit/Documents/sharkship-others/convoy_prod/.venv/lib/python3.14/site-packages/sqlalchemy/engine/base.py", line 2365, in _handle_dbapi_exception
    raise sqlalchemy_exception.with_traceback(exc_info[2]) from e
  File "/Users/ankit/Documents/sharkship-others/convoy_prod/.venv/lib/python3.14/site-packages/sqlalchemy/engine/base.py", line 1969, in _exec_single_context
    self.dialect.do_execute(
    ~~~~~~~~~~~~~~~~~~~~~~~^
        cursor, str_statement, effective_parameters, context
        ^^^^^^^^^^^^^^^^^^^^^^^^^^^^^^^^^^^^^^^^^^^^^^^^^^^^
    )
    ^
  File "/Users/ankit/Documents/sharkship-others/convoy_prod/.venv/lib/python3.14/site-packages/sqlalchemy/engine/default.py", line 952, in do_execute
    cursor.execute(statement, parameters)
    ~~~~~~~~~~~~~~^^^^^^^^^^^^^^^^^^^^^^^
  File "/Users/ankit/Documents/sharkship-others/convoy_prod/.venv/lib/python3.14/site-packages/sqlalchemy/dialects/postgresql/asyncpg.py", line 585, in execute
    self._adapt_connection.await_(
    ~~~~~~~~~~~~~~~~~~~~~~~~~~~~~^
        self._prepare_and_execute(operation, parameters)
        ^^^^^^^^^^^^^^^^^^^^^^^^^^^^^^^^^^^^^^^^^^^^^^^^
    )
    ^
  File "/Users/ankit/Documents/sharkship-others/convoy_prod/.venv/lib/python3.14/site-packages/sqlalchemy/util/_concurrency_py3k.py", line 132, in await_only
    return current.parent.switch(awaitable)  # type: ignore[no-any-return,attr-defined] # noqa: E501
           ~~~~~~~~~~~~~~~~~~~~~^^^^^^^^^^^
  File "/Users/ankit/Documents/sharkship-others/convoy_prod/.venv/lib/python3.14/site-packages/sqlalchemy/util/_concurrency_py3k.py", line 196, in greenlet_spawn
    value = await result
            ^^^^^^^^^^^^
  File "/Users/ankit/Documents/sharkship-others/convoy_prod/.venv/lib/python3.14/site-packages/sqlalchemy/dialects/postgresql/asyncpg.py", line 520, in _prepare_and_execute
    await adapt_connection._start_transaction()
  File "/Users/ankit/Documents/sharkship-others/convoy_prod/.venv/lib/python3.14/site-packages/sqlalchemy/dialects/postgresql/asyncpg.py", line 850, in _start_transaction
    self._handle_exception(error)
    ~~~~~~~~~~~~~~~~~~~~~~^^^^^^^
  File "/Users/ankit/Documents/sharkship-others/convoy_prod/.venv/lib/python3.14/site-packages/sqlalchemy/dialects/postgresql/asyncpg.py", line 797, in _handle_exception
    raise translated_error from error
sqlalchemy.exc.InterfaceError: (sqlalchemy.dialects.postgresql.asyncpg.InterfaceError) <class 'asyncpg.exceptions._base.InterfaceError'>: connection is closed
[SQL: UPDATE truck_routes SET status=$1::VARCHAR WHERE truck_routes.status IN ($3::VARCHAR, $4::VARCHAR) AND truck_routes.expires_at <= $2::TIMESTAMP WITHOUT TIME ZONE]
[parameters: ('expired', datetime.datetime(2026, 7, 13, 18, 11, 56, 125492), 'available', 'active')]
(Background on this error at: https://sqlalche.me/e/20/rvf5)
2026-07-13 23:56:22 | ERROR    | convoy | Post expiry job failed: (sqlalchemy.dialects.postgresql.asyncpg.Error) <class 'asyncpg.exceptions.ConnectionDoesNotExistError'>: connection was closed in the middle of operation
[SQL: UPDATE truck_routes SET status=$1::VARCHAR WHERE truck_routes.status IN ($3::VARCHAR, $4::VARCHAR) AND truck_routes.expires_at <= $2::TIMESTAMP WITHOUT TIME ZONE]
[parameters: ('expired', datetime.datetime(2026, 7, 13, 18, 25, 58, 990735), 'available', 'active')]
(Background on this error at: https://sqlalche.me/e/20/dbapi)
ConnectionResetError: [Errno 54] Connection reset by peer

The above exception was the direct cause of the following exception:

Traceback (most recent call last):
  File "/Users/ankit/Documents/sharkship-others/convoy_prod/.venv/lib/python3.14/site-packages/sqlalchemy/dialects/postgresql/asyncpg.py", line 848, in _start_transaction
    await self._transaction.start()
  File "/Users/ankit/Documents/sharkship-others/convoy_prod/.venv/lib/python3.14/site-packages/asyncpg/transaction.py", line 146, in start
    await self._connection.execute(query)
  File "/Users/ankit/Documents/sharkship-others/convoy_prod/.venv/lib/python3.14/site-packages/asyncpg/connection.py", line 354, in execute
    result = await self._protocol.query(query, timeout)
             ^^^^^^^^^^^^^^^^^^^^^^^^^^^^^^^^^^^^^^^^^^
  File "asyncpg/protocol/protocol.pyx", line 369, in query
asyncpg.exceptions.ConnectionDoesNotExistError: connection was closed in the middle of operation

The above exception was the direct cause of the following exception:

Traceback (most recent call last):
  File "/Users/ankit/Documents/sharkship-others/convoy_prod/.venv/lib/python3.14/site-packages/sqlalchemy/engine/base.py", line 1969, in _exec_single_context
    self.dialect.do_execute(
    ~~~~~~~~~~~~~~~~~~~~~~~^
        cursor, str_statement, effective_parameters, context
        ^^^^^^^^^^^^^^^^^^^^^^^^^^^^^^^^^^^^^^^^^^^^^^^^^^^^
    )
    ^
  File "/Users/ankit/Documents/sharkship-others/convoy_prod/.venv/lib/python3.14/site-packages/sqlalchemy/engine/default.py", line 952, in do_execute
    cursor.execute(statement, parameters)
    ~~~~~~~~~~~~~~^^^^^^^^^^^^^^^^^^^^^^^
  File "/Users/ankit/Documents/sharkship-others/convoy_prod/.venv/lib/python3.14/site-packages/sqlalchemy/dialects/postgresql/asyncpg.py", line 585, in execute
    self._adapt_connection.await_(
    ~~~~~~~~~~~~~~~~~~~~~~~~~~~~~^
        self._prepare_and_execute(operation, parameters)
        ^^^^^^^^^^^^^^^^^^^^^^^^^^^^^^^^^^^^^^^^^^^^^^^^
    )
    ^
  File "/Users/ankit/Documents/sharkship-others/convoy_prod/.venv/lib/python3.14/site-packages/sqlalchemy/util/_concurrency_py3k.py", line 132, in await_only
    return current.parent.switch(awaitable)  # type: ignore[no-any-return,attr-defined] # noqa: E501
           ~~~~~~~~~~~~~~~~~~~~~^^^^^^^^^^^
  File "/Users/ankit/Documents/sharkship-others/convoy_prod/.venv/lib/python3.14/site-packages/sqlalchemy/util/_concurrency_py3k.py", line 196, in greenlet_spawn
    value = await result
            ^^^^^^^^^^^^
  File "/Users/ankit/Documents/sharkship-others/convoy_prod/.venv/lib/python3.14/site-packages/sqlalchemy/dialects/postgresql/asyncpg.py", line 520, in _prepare_and_execute
    await adapt_connection._start_transaction()
  File "/Users/ankit/Documents/sharkship-others/convoy_prod/.venv/lib/python3.14/site-packages/sqlalchemy/dialects/postgresql/asyncpg.py", line 850, in _start_transaction
    self._handle_exception(error)
    ~~~~~~~~~~~~~~~~~~~~~~^^^^^^^
  File "/Users/ankit/Documents/sharkship-others/convoy_prod/.venv/lib/python3.14/site-packages/sqlalchemy/dialects/postgresql/asyncpg.py", line 797, in _handle_exception
    raise translated_error from error
sqlalchemy.dialects.postgresql.asyncpg.AsyncAdapt_asyncpg_dbapi.Error: <class 'asyncpg.exceptions.ConnectionDoesNotExistError'>: connection was closed in the middle of operation

The above exception was the direct cause of the following exception:

Traceback (most recent call last):
  File "/Users/ankit/Documents/sharkship-others/convoy_prod/services/post_expiry.py", line 56, in run_post_expiry_loop
    count = await expire_overdue_posts(session)
            ^^^^^^^^^^^^^^^^^^^^^^^^^^^^^^^^^^^
  File "/Users/ankit/Documents/sharkship-others/convoy_prod/services/post_expiry.py", line 37, in expire_overdue_posts
    result = await session.execute(
             ^^^^^^^^^^^^^^^^^^^^^^
    ...<6 lines>...
    )
    ^
  File "/Users/ankit/Documents/sharkship-others/convoy_prod/.venv/lib/python3.14/site-packages/sqlalchemy/ext/asyncio/session.py", line 448, in execute
    result = await greenlet_spawn(
             ^^^^^^^^^^^^^^^^^^^^^
    ...<6 lines>...
    )
    ^
  File "/Users/ankit/Documents/sharkship-others/convoy_prod/.venv/lib/python3.14/site-packages/sqlalchemy/util/_concurrency_py3k.py", line 203, in greenlet_spawn
    result = context.switch(value)
  File "/Users/ankit/Documents/sharkship-others/convoy_prod/.venv/lib/python3.14/site-packages/sqlalchemy/orm/session.py", line 2373, in execute
    return self._execute_internal(
           ~~~~~~~~~~~~~~~~~~~~~~^
        statement,
        ^^^^^^^^^^
    ...<4 lines>...
        _add_event=_add_event,
        ^^^^^^^^^^^^^^^^^^^^^^
    )
    ^
  File "/Users/ankit/Documents/sharkship-others/convoy_prod/.venv/lib/python3.14/site-packages/sqlalchemy/orm/session.py", line 2271, in _execute_internal
    result: Result[Any] = compile_state_cls.orm_execute_statement(
                          ~~~~~~~~~~~~~~~~~~~~~~~~~~~~~~~~~~~~~~~^
        self,
        ^^^^^
    ...<4 lines>...
        conn,
        ^^^^^
    )
    ^
  File "/Users/ankit/Documents/sharkship-others/convoy_prod/.venv/lib/python3.14/site-packages/sqlalchemy/orm/bulk_persistence.py", line 1660, in orm_execute_statement
    return super().orm_execute_statement(
           ~~~~~~~~~~~~~~~~~~~~~~~~~~~~~^
        session,
        ^^^^^^^^
    ...<4 lines>...
        conn,
        ^^^^^
    )
    ^
  File "/Users/ankit/Documents/sharkship-others/convoy_prod/.venv/lib/python3.14/site-packages/sqlalchemy/orm/context.py", line 306, in orm_execute_statement
    result = conn.execute(
        statement, params or {}, execution_options=execution_options
    )
  File "/Users/ankit/Documents/sharkship-others/convoy_prod/.venv/lib/python3.14/site-packages/sqlalchemy/engine/base.py", line 1421, in execute
    return meth(
        self,
        distilled_parameters,
        execution_options or NO_OPTIONS,
    )
  File "/Users/ankit/Documents/sharkship-others/convoy_prod/.venv/lib/python3.14/site-packages/sqlalchemy/sql/elements.py", line 526, in _execute_on_connection
    return connection._execute_clauseelement(
           ~~~~~~~~~~~~~~~~~~~~~~~~~~~~~~~~~^
        self, distilled_params, execution_options
        ^^^^^^^^^^^^^^^^^^^^^^^^^^^^^^^^^^^^^^^^^
    )
    ^
  File "/Users/ankit/Documents/sharkship-others/convoy_prod/.venv/lib/python3.14/site-packages/sqlalchemy/engine/base.py", line 1643, in _execute_clauseelement
    ret = self._execute_context(
        dialect,
    ...<8 lines>...
        cache_hit=cache_hit,
    )
  File "/Users/ankit/Documents/sharkship-others/convoy_prod/.venv/lib/python3.14/site-packages/sqlalchemy/engine/base.py", line 1848, in _execute_context
    return self._exec_single_context(
           ~~~~~~~~~~~~~~~~~~~~~~~~~^
        dialect, context, statement, parameters
        ^^^^^^^^^^^^^^^^^^^^^^^^^^^^^^^^^^^^^^^
    )
    ^
  File "/Users/ankit/Documents/sharkship-others/convoy_prod/.venv/lib/python3.14/site-packages/sqlalchemy/engine/base.py", line 1988, in _exec_single_context
    self._handle_dbapi_exception(
    ~~~~~~~~~~~~~~~~~~~~~~~~~~~~^
        e, str_statement, effective_parameters, cursor, context
        ^^^^^^^^^^^^^^^^^^^^^^^^^^^^^^^^^^^^^^^^^^^^^^^^^^^^^^^
    )
    ^
  File "/Users/ankit/Documents/sharkship-others/convoy_prod/.venv/lib/python3.14/site-packages/sqlalchemy/engine/base.py", line 2365, in _handle_dbapi_exception
    raise sqlalchemy_exception.with_traceback(exc_info[2]) from e
  File "/Users/ankit/Documents/sharkship-others/convoy_prod/.venv/lib/python3.14/site-packages/sqlalchemy/engine/base.py", line 1969, in _exec_single_context
    self.dialect.do_execute(
    ~~~~~~~~~~~~~~~~~~~~~~~^
        cursor, str_statement, effective_parameters, context
        ^^^^^^^^^^^^^^^^^^^^^^^^^^^^^^^^^^^^^^^^^^^^^^^^^^^^
    )
    ^
  File "/Users/ankit/Documents/sharkship-others/convoy_prod/.venv/lib/python3.14/site-packages/sqlalchemy/engine/default.py", line 952, in do_execute
    cursor.execute(statement, parameters)
    ~~~~~~~~~~~~~~^^^^^^^^^^^^^^^^^^^^^^^
  File "/Users/ankit/Documents/sharkship-others/convoy_prod/.venv/lib/python3.14/site-packages/sqlalchemy/dialects/postgresql/asyncpg.py", line 585, in execute
    self._adapt_connection.await_(
    ~~~~~~~~~~~~~~~~~~~~~~~~~~~~~^
        self._prepare_and_execute(operation, parameters)
        ^^^^^^^^^^^^^^^^^^^^^^^^^^^^^^^^^^^^^^^^^^^^^^^^
    )
    ^
  File "/Users/ankit/Documents/sharkship-others/convoy_prod/.venv/lib/python3.14/site-packages/sqlalchemy/util/_concurrency_py3k.py", line 132, in await_only
    return current.parent.switch(awaitable)  # type: ignore[no-any-return,attr-defined] # noqa: E501
           ~~~~~~~~~~~~~~~~~~~~~^^^^^^^^^^^
  File "/Users/ankit/Documents/sharkship-others/convoy_prod/.venv/lib/python3.14/site-packages/sqlalchemy/util/_concurrency_py3k.py", line 196, in greenlet_spawn
    value = await result
            ^^^^^^^^^^^^
  File "/Users/ankit/Documents/sharkship-others/convoy_prod/.venv/lib/python3.14/site-packages/sqlalchemy/dialects/postgresql/asyncpg.py", line 520, in _prepare_and_execute
    await adapt_connection._start_transaction()
  File "/Users/ankit/Documents/sharkship-others/convoy_prod/.venv/lib/python3.14/site-packages/sqlalchemy/dialects/postgresql/asyncpg.py", line 850, in _start_transaction
    self._handle_exception(error)
    ~~~~~~~~~~~~~~~~~~~~~~^^^^^^^
  File "/Users/ankit/Documents/sharkship-others/convoy_prod/.venv/lib/python3.14/site-packages/sqlalchemy/dialects/postgresql/asyncpg.py", line 797, in _handle_exception
    raise translated_error from error
sqlalchemy.exc.DBAPIError: (sqlalchemy.dialects.postgresql.asyncpg.Error) <class 'asyncpg.exceptions.ConnectionDoesNotExistError'>: connection was closed in the middle of operation
[SQL: UPDATE truck_routes SET status=$1::VARCHAR WHERE truck_routes.status IN ($3::VARCHAR, $4::VARCHAR) AND truck_routes.expires_at <= $2::TIMESTAMP WITHOUT TIME ZONE]
[parameters: ('expired', datetime.datetime(2026, 7, 13, 18, 25, 58, 990735), 'available', 'active')]
(Background on this error at: https://sqlalche.me/e/20/dbapi)
2026-07-14 00:06:24 | ERROR    | convoy | Post expiry job failed: (sqlalchemy.dialects.postgresql.asyncpg.InterfaceError) <class 'asyncpg.exceptions._base.InterfaceError'>: connection is closed
[SQL: UPDATE truck_routes SET status=$1::VARCHAR WHERE truck_routes.status IN ($3::VARCHAR, $4::VARCHAR) AND truck_routes.expires_at <= $2::TIMESTAMP WITHOUT TIME ZONE]
[parameters: ('expired', datetime.datetime(2026, 7, 13, 18, 36, 24, 294269), 'available', 'active')]
(Background on this error at: https://sqlalche.me/e/20/rvf5)
Traceback (most recent call last):
  File "/Users/ankit/Documents/sharkship-others/convoy_prod/.venv/lib/python3.14/site-packages/sqlalchemy/dialects/postgresql/asyncpg.py", line 843, in _start_transaction
    self._transaction = self._connection.transaction(
                        ~~~~~~~~~~~~~~~~~~~~~~~~~~~~^
        isolation=self.isolation_level,
        ^^^^^^^^^^^^^^^^^^^^^^^^^^^^^^^
        readonly=self.readonly,
        ^^^^^^^^^^^^^^^^^^^^^^^
        deferrable=self.deferrable,
        ^^^^^^^^^^^^^^^^^^^^^^^^^^^
    )
    ^
  File "/Users/ankit/Documents/sharkship-others/convoy_prod/.venv/lib/python3.14/site-packages/asyncpg/connection.py", line 302, in transaction
    self._check_open()
    ~~~~~~~~~~~~~~~~^^
  File "/Users/ankit/Documents/sharkship-others/convoy_prod/.venv/lib/python3.14/site-packages/asyncpg/connection.py", line 1605, in _check_open
    raise exceptions.InterfaceError('connection is closed')
asyncpg.exceptions._base.InterfaceError: connection is closed

The above exception was the direct cause of the following exception:

Traceback (most recent call last):
  File "/Users/ankit/Documents/sharkship-others/convoy_prod/.venv/lib/python3.14/site-packages/sqlalchemy/engine/base.py", line 1969, in _exec_single_context
    self.dialect.do_execute(
    ~~~~~~~~~~~~~~~~~~~~~~~^
        cursor, str_statement, effective_parameters, context
        ^^^^^^^^^^^^^^^^^^^^^^^^^^^^^^^^^^^^^^^^^^^^^^^^^^^^
    )
    ^
  File "/Users/ankit/Documents/sharkship-others/convoy_prod/.venv/lib/python3.14/site-packages/sqlalchemy/engine/default.py", line 952, in do_execute
    cursor.execute(statement, parameters)
    ~~~~~~~~~~~~~~^^^^^^^^^^^^^^^^^^^^^^^
  File "/Users/ankit/Documents/sharkship-others/convoy_prod/.venv/lib/python3.14/site-packages/sqlalchemy/dialects/postgresql/asyncpg.py", line 585, in execute
    self._adapt_connection.await_(
    ~~~~~~~~~~~~~~~~~~~~~~~~~~~~~^
        self._prepare_and_execute(operation, parameters)
        ^^^^^^^^^^^^^^^^^^^^^^^^^^^^^^^^^^^^^^^^^^^^^^^^
    )
    ^
  File "/Users/ankit/Documents/sharkship-others/convoy_prod/.venv/lib/python3.14/site-packages/sqlalchemy/util/_concurrency_py3k.py", line 132, in await_only
    return current.parent.switch(awaitable)  # type: ignore[no-any-return,attr-defined] # noqa: E501
           ~~~~~~~~~~~~~~~~~~~~~^^^^^^^^^^^
  File "/Users/ankit/Documents/sharkship-others/convoy_prod/.venv/lib/python3.14/site-packages/sqlalchemy/util/_concurrency_py3k.py", line 196, in greenlet_spawn
    value = await result
            ^^^^^^^^^^^^
  File "/Users/ankit/Documents/sharkship-others/convoy_prod/.venv/lib/python3.14/site-packages/sqlalchemy/dialects/postgresql/asyncpg.py", line 520, in _prepare_and_execute
    await adapt_connection._start_transaction()
  File "/Users/ankit/Documents/sharkship-others/convoy_prod/.venv/lib/python3.14/site-packages/sqlalchemy/dialects/postgresql/asyncpg.py", line 850, in _start_transaction
    self._handle_exception(error)
    ~~~~~~~~~~~~~~~~~~~~~~^^^^^^^
  File "/Users/ankit/Documents/sharkship-others/convoy_prod/.venv/lib/python3.14/site-packages/sqlalchemy/dialects/postgresql/asyncpg.py", line 797, in _handle_exception
    raise translated_error from error
sqlalchemy.dialects.postgresql.asyncpg.AsyncAdapt_asyncpg_dbapi.InterfaceError: <class 'asyncpg.exceptions._base.InterfaceError'>: connection is closed

The above exception was the direct cause of the following exception:

Traceback (most recent call last):
  File "/Users/ankit/Documents/sharkship-others/convoy_prod/services/post_expiry.py", line 56, in run_post_expiry_loop
    count = await expire_overdue_posts(session)
            ^^^^^^^^^^^^^^^^^^^^^^^^^^^^^^^^^^^
  File "/Users/ankit/Documents/sharkship-others/convoy_prod/services/post_expiry.py", line 37, in expire_overdue_posts
    result = await session.execute(
             ^^^^^^^^^^^^^^^^^^^^^^
    ...<6 lines>...
    )
    ^
  File "/Users/ankit/Documents/sharkship-others/convoy_prod/.venv/lib/python3.14/site-packages/sqlalchemy/ext/asyncio/session.py", line 448, in execute
    result = await greenlet_spawn(
             ^^^^^^^^^^^^^^^^^^^^^
    ...<6 lines>...
    )
    ^
  File "/Users/ankit/Documents/sharkship-others/convoy_prod/.venv/lib/python3.14/site-packages/sqlalchemy/util/_concurrency_py3k.py", line 203, in greenlet_spawn
    result = context.switch(value)
  File "/Users/ankit/Documents/sharkship-others/convoy_prod/.venv/lib/python3.14/site-packages/sqlalchemy/orm/session.py", line 2373, in execute
    return self._execute_internal(
           ~~~~~~~~~~~~~~~~~~~~~~^
        statement,
        ^^^^^^^^^^
    ...<4 lines>...
        _add_event=_add_event,
        ^^^^^^^^^^^^^^^^^^^^^^
    )
    ^
  File "/Users/ankit/Documents/sharkship-others/convoy_prod/.venv/lib/python3.14/site-packages/sqlalchemy/orm/session.py", line 2271, in _execute_internal
    result: Result[Any] = compile_state_cls.orm_execute_statement(
                          ~~~~~~~~~~~~~~~~~~~~~~~~~~~~~~~~~~~~~~~^
        self,
        ^^^^^
    ...<4 lines>...
        conn,
        ^^^^^
    )
    ^
  File "/Users/ankit/Documents/sharkship-others/convoy_prod/.venv/lib/python3.14/site-packages/sqlalchemy/orm/bulk_persistence.py", line 1660, in orm_execute_statement
    return super().orm_execute_statement(
           ~~~~~~~~~~~~~~~~~~~~~~~~~~~~~^
        session,
        ^^^^^^^^
    ...<4 lines>...
        conn,
        ^^^^^
    )
    ^
  File "/Users/ankit/Documents/sharkship-others/convoy_prod/.venv/lib/python3.14/site-packages/sqlalchemy/orm/context.py", line 306, in orm_execute_statement
    result = conn.execute(
        statement, params or {}, execution_options=execution_options
    )
  File "/Users/ankit/Documents/sharkship-others/convoy_prod/.venv/lib/python3.14/site-packages/sqlalchemy/engine/base.py", line 1421, in execute
    return meth(
        self,
        distilled_parameters,
        execution_options or NO_OPTIONS,
    )
  File "/Users/ankit/Documents/sharkship-others/convoy_prod/.venv/lib/python3.14/site-packages/sqlalchemy/sql/elements.py", line 526, in _execute_on_connection
    return connection._execute_clauseelement(
           ~~~~~~~~~~~~~~~~~~~~~~~~~~~~~~~~~^
        self, distilled_params, execution_options
        ^^^^^^^^^^^^^^^^^^^^^^^^^^^^^^^^^^^^^^^^^
    )
    ^
  File "/Users/ankit/Documents/sharkship-others/convoy_prod/.venv/lib/python3.14/site-packages/sqlalchemy/engine/base.py", line 1643, in _execute_clauseelement
    ret = self._execute_context(
        dialect,
    ...<8 lines>...
        cache_hit=cache_hit,
    )
  File "/Users/ankit/Documents/sharkship-others/convoy_prod/.venv/lib/python3.14/site-packages/sqlalchemy/engine/base.py", line 1848, in _execute_context
    return self._exec_single_context(
           ~~~~~~~~~~~~~~~~~~~~~~~~~^
        dialect, context, statement, parameters
        ^^^^^^^^^^^^^^^^^^^^^^^^^^^^^^^^^^^^^^^
    )
    ^
  File "/Users/ankit/Documents/sharkship-others/convoy_prod/.venv/lib/python3.14/site-packages/sqlalchemy/engine/base.py", line 1988, in _exec_single_context
    self._handle_dbapi_exception(
    ~~~~~~~~~~~~~~~~~~~~~~~~~~~~^
        e, str_statement, effective_parameters, cursor, context
        ^^^^^^^^^^^^^^^^^^^^^^^^^^^^^^^^^^^^^^^^^^^^^^^^^^^^^^^
    )
    ^
  File "/Users/ankit/Documents/sharkship-others/convoy_prod/.venv/lib/python3.14/site-packages/sqlalchemy/engine/base.py", line 2365, in _handle_dbapi_exception
    raise sqlalchemy_exception.with_traceback(exc_info[2]) from e
  File "/Users/ankit/Documents/sharkship-others/convoy_prod/.venv/lib/python3.14/site-packages/sqlalchemy/engine/base.py", line 1969, in _exec_single_context
    self.dialect.do_execute(
    ~~~~~~~~~~~~~~~~~~~~~~~^
        cursor, str_statement, effective_parameters, context
        ^^^^^^^^^^^^^^^^^^^^^^^^^^^^^^^^^^^^^^^^^^^^^^^^^^^^
    )
    ^
  File "/Users/ankit/Documents/sharkship-others/convoy_prod/.venv/lib/python3.14/site-packages/sqlalchemy/engine/default.py", line 952, in do_execute
    cursor.execute(statement, parameters)
    ~~~~~~~~~~~~~~^^^^^^^^^^^^^^^^^^^^^^^
  File "/Users/ankit/Documents/sharkship-others/convoy_prod/.venv/lib/python3.14/site-packages/sqlalchemy/dialects/postgresql/asyncpg.py", line 585, in execute
    self._adapt_connection.await_(
    ~~~~~~~~~~~~~~~~~~~~~~~~~~~~~^
        self._prepare_and_execute(operation, parameters)
        ^^^^^^^^^^^^^^^^^^^^^^^^^^^^^^^^^^^^^^^^^^^^^^^^
    )
    ^
  File "/Users/ankit/Documents/sharkship-others/convoy_prod/.venv/lib/python3.14/site-packages/sqlalchemy/util/_concurrency_py3k.py", line 132, in await_only
    return current.parent.switch(awaitable)  # type: ignore[no-any-return,attr-defined] # noqa: E501
           ~~~~~~~~~~~~~~~~~~~~~^^^^^^^^^^^
  File "/Users/ankit/Documents/sharkship-others/convoy_prod/.venv/lib/python3.14/site-packages/sqlalchemy/util/_concurrency_py3k.py", line 196, in greenlet_spawn
    value = await result
            ^^^^^^^^^^^^
  File "/Users/ankit/Documents/sharkship-others/convoy_prod/.venv/lib/python3.14/site-packages/sqlalchemy/dialects/postgresql/asyncpg.py", line 520, in _prepare_and_execute
    await adapt_connection._start_transaction()
  File "/Users/ankit/Documents/sharkship-others/convoy_prod/.venv/lib/python3.14/site-packages/sqlalchemy/dialects/postgresql/asyncpg.py", line 850, in _start_transaction
    self._handle_exception(error)
    ~~~~~~~~~~~~~~~~~~~~~~^^^^^^^
  File "/Users/ankit/Documents/sharkship-others/convoy_prod/.venv/lib/python3.14/site-packages/sqlalchemy/dialects/postgresql/asyncpg.py", line 797, in _handle_exception
    raise translated_error from error
sqlalchemy.exc.InterfaceError: (sqlalchemy.dialects.postgresql.asyncpg.InterfaceError) <class 'asyncpg.exceptions._base.InterfaceError'>: connection is closed
[SQL: UPDATE truck_routes SET status=$1::VARCHAR WHERE truck_routes.status IN ($3::VARCHAR, $4::VARCHAR) AND truck_routes.expires_at <= $2::TIMESTAMP WITHOUT TIME ZONE]
[parameters: ('expired', datetime.datetime(2026, 7, 13, 18, 36, 24, 294269), 'available', 'active')]
(Background on this error at: https://sqlalche.me/e/20/rvf5)
2026-07-14 00:16:25 | ERROR    | convoy | Post expiry job failed: (sqlalchemy.dialects.postgresql.asyncpg.InterfaceError) <class 'asyncpg.exceptions._base.InterfaceError'>: connection is closed
[SQL: UPDATE truck_routes SET status=$1::VARCHAR WHERE truck_routes.status IN ($3::VARCHAR, $4::VARCHAR) AND truck_routes.expires_at <= $2::TIMESTAMP WITHOUT TIME ZONE]
[parameters: ('expired', datetime.datetime(2026, 7, 13, 18, 46, 25, 858547), 'available', 'active')]
(Background on this error at: https://sqlalche.me/e/20/rvf5)
Traceback (most recent call last):
  File "/Users/ankit/Documents/sharkship-others/convoy_prod/.venv/lib/python3.14/site-packages/sqlalchemy/dialects/postgresql/asyncpg.py", line 843, in _start_transaction
    self._transaction = self._connection.transaction(
                        ~~~~~~~~~~~~~~~~~~~~~~~~~~~~^
        isolation=self.isolation_level,
        ^^^^^^^^^^^^^^^^^^^^^^^^^^^^^^^
        readonly=self.readonly,
        ^^^^^^^^^^^^^^^^^^^^^^^
        deferrable=self.deferrable,
        ^^^^^^^^^^^^^^^^^^^^^^^^^^^
    )
    ^
  File "/Users/ankit/Documents/sharkship-others/convoy_prod/.venv/lib/python3.14/site-packages/asyncpg/connection.py", line 302, in transaction
    self._check_open()
    ~~~~~~~~~~~~~~~~^^
  File "/Users/ankit/Documents/sharkship-others/convoy_prod/.venv/lib/python3.14/site-packages/asyncpg/connection.py", line 1605, in _check_open
    raise exceptions.InterfaceError('connection is closed')
asyncpg.exceptions._base.InterfaceError: connection is closed

The above exception was the direct cause of the following exception:

Traceback (most recent call last):
  File "/Users/ankit/Documents/sharkship-others/convoy_prod/.venv/lib/python3.14/site-packages/sqlalchemy/engine/base.py", line 1969, in _exec_single_context
    self.dialect.do_execute(
    ~~~~~~~~~~~~~~~~~~~~~~~^
        cursor, str_statement, effective_parameters, context
        ^^^^^^^^^^^^^^^^^^^^^^^^^^^^^^^^^^^^^^^^^^^^^^^^^^^^
    )
    ^
  File "/Users/ankit/Documents/sharkship-others/convoy_prod/.venv/lib/python3.14/site-packages/sqlalchemy/engine/default.py", line 952, in do_execute
    cursor.execute(statement, parameters)
    ~~~~~~~~~~~~~~^^^^^^^^^^^^^^^^^^^^^^^
  File "/Users/ankit/Documents/sharkship-others/convoy_prod/.venv/lib/python3.14/site-packages/sqlalchemy/dialects/postgresql/asyncpg.py", line 585, in execute
    self._adapt_connection.await_(
    ~~~~~~~~~~~~~~~~~~~~~~~~~~~~~^
        self._prepare_and_execute(operation, parameters)
        ^^^^^^^^^^^^^^^^^^^^^^^^^^^^^^^^^^^^^^^^^^^^^^^^
    )
    ^
  File "/Users/ankit/Documents/sharkship-others/convoy_prod/.venv/lib/python3.14/site-packages/sqlalchemy/util/_concurrency_py3k.py", line 132, in await_only
    return current.parent.switch(awaitable)  # type: ignore[no-any-return,attr-defined] # noqa: E501
           ~~~~~~~~~~~~~~~~~~~~~^^^^^^^^^^^
  File "/Users/ankit/Documents/sharkship-others/convoy_prod/.venv/lib/python3.14/site-packages/sqlalchemy/util/_concurrency_py3k.py", line 196, in greenlet_spawn
    value = await result
            ^^^^^^^^^^^^
  File "/Users/ankit/Documents/sharkship-others/convoy_prod/.venv/lib/python3.14/site-packages/sqlalchemy/dialects/postgresql/asyncpg.py", line 520, in _prepare_and_execute
    await adapt_connection._start_transaction()
  File "/Users/ankit/Documents/sharkship-others/convoy_prod/.venv/lib/python3.14/site-packages/sqlalchemy/dialects/postgresql/asyncpg.py", line 850, in _start_transaction
    self._handle_exception(error)
    ~~~~~~~~~~~~~~~~~~~~~~^^^^^^^
  File "/Users/ankit/Documents/sharkship-others/convoy_prod/.venv/lib/python3.14/site-packages/sqlalchemy/dialects/postgresql/asyncpg.py", line 797, in _handle_exception
    raise translated_error from error
sqlalchemy.dialects.postgresql.asyncpg.AsyncAdapt_asyncpg_dbapi.InterfaceError: <class 'asyncpg.exceptions._base.InterfaceError'>: connection is closed

The above exception was the direct cause of the following exception:

Traceback (most recent call last):
  File "/Users/ankit/Documents/sharkship-others/convoy_prod/services/post_expiry.py", line 56, in run_post_expiry_loop
    count = await expire_overdue_posts(session)
            ^^^^^^^^^^^^^^^^^^^^^^^^^^^^^^^^^^^
  File "/Users/ankit/Documents/sharkship-others/convoy_prod/services/post_expiry.py", line 37, in expire_overdue_posts
    result = await session.execute(
             ^^^^^^^^^^^^^^^^^^^^^^
    ...<6 lines>...
    )
    ^
  File "/Users/ankit/Documents/sharkship-others/convoy_prod/.venv/lib/python3.14/site-packages/sqlalchemy/ext/asyncio/session.py", line 448, in execute
    result = await greenlet_spawn(
             ^^^^^^^^^^^^^^^^^^^^^
    ...<6 lines>...
    )
    ^
  File "/Users/ankit/Documents/sharkship-others/convoy_prod/.venv/lib/python3.14/site-packages/sqlalchemy/util/_concurrency_py3k.py", line 203, in greenlet_spawn
    result = context.switch(value)
  File "/Users/ankit/Documents/sharkship-others/convoy_prod/.venv/lib/python3.14/site-packages/sqlalchemy/orm/session.py", line 2373, in execute
    return self._execute_internal(
           ~~~~~~~~~~~~~~~~~~~~~~^
        statement,
        ^^^^^^^^^^
    ...<4 lines>...
        _add_event=_add_event,
        ^^^^^^^^^^^^^^^^^^^^^^
    )
    ^
  File "/Users/ankit/Documents/sharkship-others/convoy_prod/.venv/lib/python3.14/site-packages/sqlalchemy/orm/session.py", line 2271, in _execute_internal
    result: Result[Any] = compile_state_cls.orm_execute_statement(
                          ~~~~~~~~~~~~~~~~~~~~~~~~~~~~~~~~~~~~~~~^
        self,
        ^^^^^
    ...<4 lines>...
        conn,
        ^^^^^
    )
    ^
  File "/Users/ankit/Documents/sharkship-others/convoy_prod/.venv/lib/python3.14/site-packages/sqlalchemy/orm/bulk_persistence.py", line 1660, in orm_execute_statement
    return super().orm_execute_statement(
           ~~~~~~~~~~~~~~~~~~~~~~~~~~~~~^
        session,
        ^^^^^^^^
    ...<4 lines>...
        conn,
        ^^^^^
    )
    ^
  File "/Users/ankit/Documents/sharkship-others/convoy_prod/.venv/lib/python3.14/site-packages/sqlalchemy/orm/context.py", line 306, in orm_execute_statement
    result = conn.execute(
        statement, params or {}, execution_options=execution_options
    )
  File "/Users/ankit/Documents/sharkship-others/convoy_prod/.venv/lib/python3.14/site-packages/sqlalchemy/engine/base.py", line 1421, in execute
    return meth(
        self,
        distilled_parameters,
        execution_options or NO_OPTIONS,
    )
  File "/Users/ankit/Documents/sharkship-others/convoy_prod/.venv/lib/python3.14/site-packages/sqlalchemy/sql/elements.py", line 526, in _execute_on_connection
    return connection._execute_clauseelement(
           ~~~~~~~~~~~~~~~~~~~~~~~~~~~~~~~~~^
        self, distilled_params, execution_options
        ^^^^^^^^^^^^^^^^^^^^^^^^^^^^^^^^^^^^^^^^^
    )
    ^
  File "/Users/ankit/Documents/sharkship-others/convoy_prod/.venv/lib/python3.14/site-packages/sqlalchemy/engine/base.py", line 1643, in _execute_clauseelement
    ret = self._execute_context(
        dialect,
    ...<8 lines>...
        cache_hit=cache_hit,
    )
  File "/Users/ankit/Documents/sharkship-others/convoy_prod/.venv/lib/python3.14/site-packages/sqlalchemy/engine/base.py", line 1848, in _execute_context
    return self._exec_single_context(
           ~~~~~~~~~~~~~~~~~~~~~~~~~^
        dialect, context, statement, parameters
        ^^^^^^^^^^^^^^^^^^^^^^^^^^^^^^^^^^^^^^^
    )
    ^
  File "/Users/ankit/Documents/sharkship-others/convoy_prod/.venv/lib/python3.14/site-packages/sqlalchemy/engine/base.py", line 1988, in _exec_single_context
    self._handle_dbapi_exception(
    ~~~~~~~~~~~~~~~~~~~~~~~~~~~~^
        e, str_statement, effective_parameters, cursor, context
        ^^^^^^^^^^^^^^^^^^^^^^^^^^^^^^^^^^^^^^^^^^^^^^^^^^^^^^^
    )
    ^
  File "/Users/ankit/Documents/sharkship-others/convoy_prod/.venv/lib/python3.14/site-packages/sqlalchemy/engine/base.py", line 2365, in _handle_dbapi_exception
    raise sqlalchemy_exception.with_traceback(exc_info[2]) from e
  File "/Users/ankit/Documents/sharkship-others/convoy_prod/.venv/lib/python3.14/site-packages/sqlalchemy/engine/base.py", line 1969, in _exec_single_context
    self.dialect.do_execute(
    ~~~~~~~~~~~~~~~~~~~~~~~^
        cursor, str_statement, effective_parameters, context
        ^^^^^^^^^^^^^^^^^^^^^^^^^^^^^^^^^^^^^^^^^^^^^^^^^^^^
    )
    ^
  File "/Users/ankit/Documents/sharkship-others/convoy_prod/.venv/lib/python3.14/site-packages/sqlalchemy/engine/default.py", line 952, in do_execute
    cursor.execute(statement, parameters)
    ~~~~~~~~~~~~~~^^^^^^^^^^^^^^^^^^^^^^^
  File "/Users/ankit/Documents/sharkship-others/convoy_prod/.venv/lib/python3.14/site-packages/sqlalchemy/dialects/postgresql/asyncpg.py", line 585, in execute
    self._adapt_connection.await_(
    ~~~~~~~~~~~~~~~~~~~~~~~~~~~~~^
        self._prepare_and_execute(operation, parameters)
        ^^^^^^^^^^^^^^^^^^^^^^^^^^^^^^^^^^^^^^^^^^^^^^^^
    )
    ^
  File "/Users/ankit/Documents/sharkship-others/convoy_prod/.venv/lib/python3.14/site-packages/sqlalchemy/util/_concurrency_py3k.py", line 132, in await_only
    return current.parent.switch(awaitable)  # type: ignore[no-any-return,attr-defined] # noqa: E501
           ~~~~~~~~~~~~~~~~~~~~~^^^^^^^^^^^
  File "/Users/ankit/Documents/sharkship-others/convoy_prod/.venv/lib/python3.14/site-packages/sqlalchemy/util/_concurrency_py3k.py", line 196, in greenlet_spawn
    value = await result
            ^^^^^^^^^^^^
  File "/Users/ankit/Documents/sharkship-others/convoy_prod/.venv/lib/python3.14/site-packages/sqlalchemy/dialects/postgresql/asyncpg.py", line 520, in _prepare_and_execute
    await adapt_connection._start_transaction()
  File "/Users/ankit/Documents/sharkship-others/convoy_prod/.venv/lib/python3.14/site-packages/sqlalchemy/dialects/postgresql/asyncpg.py", line 850, in _start_transaction
    self._handle_exception(error)
    ~~~~~~~~~~~~~~~~~~~~~~^^^^^^^
  File "/Users/ankit/Documents/sharkship-others/convoy_prod/.venv/lib/python3.14/site-packages/sqlalchemy/dialects/postgresql/asyncpg.py", line 797, in _handle_exception
    raise translated_error from error
sqlalchemy.exc.InterfaceError: (sqlalchemy.dialects.postgresql.asyncpg.InterfaceError) <class 'asyncpg.exceptions._base.InterfaceError'>: connection is closed
[SQL: UPDATE truck_routes SET status=$1::VARCHAR WHERE truck_routes.status IN ($3::VARCHAR, $4::VARCHAR) AND truck_routes.expires_at <= $2::TIMESTAMP WITHOUT TIME ZONE]
[parameters: ('expired', datetime.datetime(2026, 7, 13, 18, 46, 25, 858547), 'available', 'active')]
(Background on this error at: https://sqlalche.me/e/20/rvf5)
2026-07-14 01:57:56 | ERROR    | convoy | Post expiry job failed: (sqlalchemy.dialects.postgresql.asyncpg.Error) <class 'asyncpg.exceptions.ConnectionDoesNotExistError'>: connection was closed in the middle of operation
[SQL: UPDATE truck_routes SET status=$1::VARCHAR WHERE truck_routes.status IN ($3::VARCHAR, $4::VARCHAR) AND truck_routes.expires_at <= $2::TIMESTAMP WITHOUT TIME ZONE]
[parameters: ('expired', datetime.datetime(2026, 7, 13, 18, 57, 43, 978276), 'available', 'active')]
(Background on this error at: https://sqlalche.me/e/20/dbapi)
OSError: [Errno 49] Can't assign requested address

The above exception was the direct cause of the following exception:

Traceback (most recent call last):
  File "/Users/ankit/Documents/sharkship-others/convoy_prod/.venv/lib/python3.14/site-packages/sqlalchemy/dialects/postgresql/asyncpg.py", line 848, in _start_transaction
    await self._transaction.start()
  File "/Users/ankit/Documents/sharkship-others/convoy_prod/.venv/lib/python3.14/site-packages/asyncpg/transaction.py", line 146, in start
    await self._connection.execute(query)
  File "/Users/ankit/Documents/sharkship-others/convoy_prod/.venv/lib/python3.14/site-packages/asyncpg/connection.py", line 354, in execute
    result = await self._protocol.query(query, timeout)
             ^^^^^^^^^^^^^^^^^^^^^^^^^^^^^^^^^^^^^^^^^^
  File "asyncpg/protocol/protocol.pyx", line 369, in query
asyncpg.exceptions.ConnectionDoesNotExistError: connection was closed in the middle of operation

The above exception was the direct cause of the following exception:

Traceback (most recent call last):
  File "/Users/ankit/Documents/sharkship-others/convoy_prod/.venv/lib/python3.14/site-packages/sqlalchemy/engine/base.py", line 1969, in _exec_single_context
    self.dialect.do_execute(
    ~~~~~~~~~~~~~~~~~~~~~~~^
        cursor, str_statement, effective_parameters, context
        ^^^^^^^^^^^^^^^^^^^^^^^^^^^^^^^^^^^^^^^^^^^^^^^^^^^^
    )
    ^
  File "/Users/ankit/Documents/sharkship-others/convoy_prod/.venv/lib/python3.14/site-packages/sqlalchemy/engine/default.py", line 952, in do_execute
    cursor.execute(statement, parameters)
    ~~~~~~~~~~~~~~^^^^^^^^^^^^^^^^^^^^^^^
  File "/Users/ankit/Documents/sharkship-others/convoy_prod/.venv/lib/python3.14/site-packages/sqlalchemy/dialects/postgresql/asyncpg.py", line 585, in execute
    self._adapt_connection.await_(
    ~~~~~~~~~~~~~~~~~~~~~~~~~~~~~^
        self._prepare_and_execute(operation, parameters)
        ^^^^^^^^^^^^^^^^^^^^^^^^^^^^^^^^^^^^^^^^^^^^^^^^
    )
    ^
  File "/Users/ankit/Documents/sharkship-others/convoy_prod/.venv/lib/python3.14/site-packages/sqlalchemy/util/_concurrency_py3k.py", line 132, in await_only
    return current.parent.switch(awaitable)  # type: ignore[no-any-return,attr-defined] # noqa: E501
           ~~~~~~~~~~~~~~~~~~~~~^^^^^^^^^^^
  File "/Users/ankit/Documents/sharkship-others/convoy_prod/.venv/lib/python3.14/site-packages/sqlalchemy/util/_concurrency_py3k.py", line 196, in greenlet_spawn
    value = await result
            ^^^^^^^^^^^^
  File "/Users/ankit/Documents/sharkship-others/convoy_prod/.venv/lib/python3.14/site-packages/sqlalchemy/dialects/postgresql/asyncpg.py", line 520, in _prepare_and_execute
    await adapt_connection._start_transaction()
  File "/Users/ankit/Documents/sharkship-others/convoy_prod/.venv/lib/python3.14/site-packages/sqlalchemy/dialects/postgresql/asyncpg.py", line 850, in _start_transaction
    self._handle_exception(error)
    ~~~~~~~~~~~~~~~~~~~~~~^^^^^^^
  File "/Users/ankit/Documents/sharkship-others/convoy_prod/.venv/lib/python3.14/site-packages/sqlalchemy/dialects/postgresql/asyncpg.py", line 797, in _handle_exception
    raise translated_error from error
sqlalchemy.dialects.postgresql.asyncpg.AsyncAdapt_asyncpg_dbapi.Error: <class 'asyncpg.exceptions.ConnectionDoesNotExistError'>: connection was closed in the middle of operation

The above exception was the direct cause of the following exception:

Traceback (most recent call last):
  File "/Users/ankit/Documents/sharkship-others/convoy_prod/services/post_expiry.py", line 56, in run_post_expiry_loop
    count = await expire_overdue_posts(session)
            ^^^^^^^^^^^^^^^^^^^^^^^^^^^^^^^^^^^
  File "/Users/ankit/Documents/sharkship-others/convoy_prod/services/post_expiry.py", line 37, in expire_overdue_posts
    result = await session.execute(
             ^^^^^^^^^^^^^^^^^^^^^^
    ...<6 lines>...
    )
    ^
  File "/Users/ankit/Documents/sharkship-others/convoy_prod/.venv/lib/python3.14/site-packages/sqlalchemy/ext/asyncio/session.py", line 448, in execute
    result = await greenlet_spawn(
             ^^^^^^^^^^^^^^^^^^^^^
    ...<6 lines>...
    )
    ^
  File "/Users/ankit/Documents/sharkship-others/convoy_prod/.venv/lib/python3.14/site-packages/sqlalchemy/util/_concurrency_py3k.py", line 203, in greenlet_spawn
    result = context.switch(value)
  File "/Users/ankit/Documents/sharkship-others/convoy_prod/.venv/lib/python3.14/site-packages/sqlalchemy/orm/session.py", line 2373, in execute
    return self._execute_internal(
           ~~~~~~~~~~~~~~~~~~~~~~^
        statement,
        ^^^^^^^^^^
    ...<4 lines>...
        _add_event=_add_event,
        ^^^^^^^^^^^^^^^^^^^^^^
    )
    ^
  File "/Users/ankit/Documents/sharkship-others/convoy_prod/.venv/lib/python3.14/site-packages/sqlalchemy/orm/session.py", line 2271, in _execute_internal
    result: Result[Any] = compile_state_cls.orm_execute_statement(
                          ~~~~~~~~~~~~~~~~~~~~~~~~~~~~~~~~~~~~~~~^
        self,
        ^^^^^
    ...<4 lines>...
        conn,
        ^^^^^
    )
    ^
  File "/Users/ankit/Documents/sharkship-others/convoy_prod/.venv/lib/python3.14/site-packages/sqlalchemy/orm/bulk_persistence.py", line 1660, in orm_execute_statement
    return super().orm_execute_statement(
           ~~~~~~~~~~~~~~~~~~~~~~~~~~~~~^
        session,
        ^^^^^^^^
    ...<4 lines>...
        conn,
        ^^^^^
    )
    ^
  File "/Users/ankit/Documents/sharkship-others/convoy_prod/.venv/lib/python3.14/site-packages/sqlalchemy/orm/context.py", line 306, in orm_execute_statement
    result = conn.execute(
        statement, params or {}, execution_options=execution_options
    )
  File "/Users/ankit/Documents/sharkship-others/convoy_prod/.venv/lib/python3.14/site-packages/sqlalchemy/engine/base.py", line 1421, in execute
    return meth(
        self,
        distilled_parameters,
        execution_options or NO_OPTIONS,
    )
  File "/Users/ankit/Documents/sharkship-others/convoy_prod/.venv/lib/python3.14/site-packages/sqlalchemy/sql/elements.py", line 526, in _execute_on_connection
    return connection._execute_clauseelement(
           ~~~~~~~~~~~~~~~~~~~~~~~~~~~~~~~~~^
        self, distilled_params, execution_options
        ^^^^^^^^^^^^^^^^^^^^^^^^^^^^^^^^^^^^^^^^^
    )
    ^
  File "/Users/ankit/Documents/sharkship-others/convoy_prod/.venv/lib/python3.14/site-packages/sqlalchemy/engine/base.py", line 1643, in _execute_clauseelement
    ret = self._execute_context(
        dialect,
    ...<8 lines>...
        cache_hit=cache_hit,
    )
  File "/Users/ankit/Documents/sharkship-others/convoy_prod/.venv/lib/python3.14/site-packages/sqlalchemy/engine/base.py", line 1848, in _execute_context
    return self._exec_single_context(
           ~~~~~~~~~~~~~~~~~~~~~~~~~^
        dialect, context, statement, parameters
        ^^^^^^^^^^^^^^^^^^^^^^^^^^^^^^^^^^^^^^^
    )
    ^
  File "/Users/ankit/Documents/sharkship-others/convoy_prod/.venv/lib/python3.14/site-packages/sqlalchemy/engine/base.py", line 1988, in _exec_single_context
    self._handle_dbapi_exception(
    ~~~~~~~~~~~~~~~~~~~~~~~~~~~~^
        e, str_statement, effective_parameters, cursor, context
        ^^^^^^^^^^^^^^^^^^^^^^^^^^^^^^^^^^^^^^^^^^^^^^^^^^^^^^^
    )
    ^
  File "/Users/ankit/Documents/sharkship-others/convoy_prod/.venv/lib/python3.14/site-packages/sqlalchemy/engine/base.py", line 2365, in _handle_dbapi_exception
    raise sqlalchemy_exception.with_traceback(exc_info[2]) from e
  File "/Users/ankit/Documents/sharkship-others/convoy_prod/.venv/lib/python3.14/site-packages/sqlalchemy/engine/base.py", line 1969, in _exec_single_context
    self.dialect.do_execute(
    ~~~~~~~~~~~~~~~~~~~~~~~^
        cursor, str_statement, effective_parameters, context
        ^^^^^^^^^^^^^^^^^^^^^^^^^^^^^^^^^^^^^^^^^^^^^^^^^^^^
    )
    ^
  File "/Users/ankit/Documents/sharkship-others/convoy_prod/.venv/lib/python3.14/site-packages/sqlalchemy/engine/default.py", line 952, in do_execute
    cursor.execute(statement, parameters)
    ~~~~~~~~~~~~~~^^^^^^^^^^^^^^^^^^^^^^^
  File "/Users/ankit/Documents/sharkship-others/convoy_prod/.venv/lib/python3.14/site-packages/sqlalchemy/dialects/postgresql/asyncpg.py", line 585, in execute
    self._adapt_connection.await_(
    ~~~~~~~~~~~~~~~~~~~~~~~~~~~~~^
        self._prepare_and_execute(operation, parameters)
        ^^^^^^^^^^^^^^^^^^^^^^^^^^^^^^^^^^^^^^^^^^^^^^^^
    )
    ^
  File "/Users/ankit/Documents/sharkship-others/convoy_prod/.venv/lib/python3.14/site-packages/sqlalchemy/util/_concurrency_py3k.py", line 132, in await_only
    return current.parent.switch(awaitable)  # type: ignore[no-any-return,attr-defined] # noqa: E501
           ~~~~~~~~~~~~~~~~~~~~~^^^^^^^^^^^
  File "/Users/ankit/Documents/sharkship-others/convoy_prod/.venv/lib/python3.14/site-packages/sqlalchemy/util/_concurrency_py3k.py", line 196, in greenlet_spawn
    value = await result
            ^^^^^^^^^^^^
  File "/Users/ankit/Documents/sharkship-others/convoy_prod/.venv/lib/python3.14/site-packages/sqlalchemy/dialects/postgresql/asyncpg.py", line 520, in _prepare_and_execute
    await adapt_connection._start_transaction()
  File "/Users/ankit/Documents/sharkship-others/convoy_prod/.venv/lib/python3.14/site-packages/sqlalchemy/dialects/postgresql/asyncpg.py", line 850, in _start_transaction
    self._handle_exception(error)
    ~~~~~~~~~~~~~~~~~~~~~~^^^^^^^
  File "/Users/ankit/Documents/sharkship-others/convoy_prod/.venv/lib/python3.14/site-packages/sqlalchemy/dialects/postgresql/asyncpg.py", line 797, in _handle_exception
    raise translated_error from error
sqlalchemy.exc.DBAPIError: (sqlalchemy.dialects.postgresql.asyncpg.Error) <class 'asyncpg.exceptions.ConnectionDoesNotExistError'>: connection was closed in the middle of operation
[SQL: UPDATE truck_routes SET status=$1::VARCHAR WHERE truck_routes.status IN ($3::VARCHAR, $4::VARCHAR) AND truck_routes.expires_at <= $2::TIMESTAMP WITHOUT TIME ZONE]
[parameters: ('expired', datetime.datetime(2026, 7, 13, 18, 57, 43, 978276), 'available', 'active')]
(Background on this error at: https://sqlalche.me/e/20/dbapi)
2026-07-14 05:30:50 | ERROR    | convoy | Post expiry job failed: (sqlalchemy.dialects.postgresql.asyncpg.Error) <class 'asyncpg.exceptions.ConnectionDoesNotExistError'>: connection was closed in the middle of operation
[SQL: UPDATE truck_routes SET status=$1::VARCHAR WHERE truck_routes.status IN ($3::VARCHAR, $4::VARCHAR) AND truck_routes.expires_at <= $2::TIMESTAMP WITHOUT TIME ZONE]
[parameters: ('expired', datetime.datetime(2026, 7, 13, 22, 14, 25, 157498), 'available', 'active')]
(Background on this error at: https://sqlalche.me/e/20/dbapi)
TimeoutError: [Errno 60] Operation timed out

The above exception was the direct cause of the following exception:

Traceback (most recent call last):
  File "/Users/ankit/Documents/sharkship-others/convoy_prod/.venv/lib/python3.14/site-packages/sqlalchemy/dialects/postgresql/asyncpg.py", line 848, in _start_transaction
    await self._transaction.start()
  File "/Users/ankit/Documents/sharkship-others/convoy_prod/.venv/lib/python3.14/site-packages/asyncpg/transaction.py", line 146, in start
    await self._connection.execute(query)
  File "/Users/ankit/Documents/sharkship-others/convoy_prod/.venv/lib/python3.14/site-packages/asyncpg/connection.py", line 354, in execute
    result = await self._protocol.query(query, timeout)
             ^^^^^^^^^^^^^^^^^^^^^^^^^^^^^^^^^^^^^^^^^^
  File "asyncpg/protocol/protocol.pyx", line 369, in query
asyncpg.exceptions.ConnectionDoesNotExistError: connection was closed in the middle of operation

The above exception was the direct cause of the following exception:

Traceback (most recent call last):
  File "/Users/ankit/Documents/sharkship-others/convoy_prod/.venv/lib/python3.14/site-packages/sqlalchemy/engine/base.py", line 1969, in _exec_single_context
    self.dialect.do_execute(
    ~~~~~~~~~~~~~~~~~~~~~~~^
        cursor, str_statement, effective_parameters, context
        ^^^^^^^^^^^^^^^^^^^^^^^^^^^^^^^^^^^^^^^^^^^^^^^^^^^^
    )
    ^
  File "/Users/ankit/Documents/sharkship-others/convoy_prod/.venv/lib/python3.14/site-packages/sqlalchemy/engine/default.py", line 952, in do_execute
    cursor.execute(statement, parameters)
    ~~~~~~~~~~~~~~^^^^^^^^^^^^^^^^^^^^^^^
  File "/Users/ankit/Documents/sharkship-others/convoy_prod/.venv/lib/python3.14/site-packages/sqlalchemy/dialects/postgresql/asyncpg.py", line 585, in execute
    self._adapt_connection.await_(
    ~~~~~~~~~~~~~~~~~~~~~~~~~~~~~^
        self._prepare_and_execute(operation, parameters)
        ^^^^^^^^^^^^^^^^^^^^^^^^^^^^^^^^^^^^^^^^^^^^^^^^
    )
    ^
  File "/Users/ankit/Documents/sharkship-others/convoy_prod/.venv/lib/python3.14/site-packages/sqlalchemy/util/_concurrency_py3k.py", line 132, in await_only
    return current.parent.switch(awaitable)  # type: ignore[no-any-return,attr-defined] # noqa: E501
           ~~~~~~~~~~~~~~~~~~~~~^^^^^^^^^^^
  File "/Users/ankit/Documents/sharkship-others/convoy_prod/.venv/lib/python3.14/site-packages/sqlalchemy/util/_concurrency_py3k.py", line 196, in greenlet_spawn
    value = await result
            ^^^^^^^^^^^^
  File "/Users/ankit/Documents/sharkship-others/convoy_prod/.venv/lib/python3.14/site-packages/sqlalchemy/dialects/postgresql/asyncpg.py", line 520, in _prepare_and_execute
    await adapt_connection._start_transaction()
  File "/Users/ankit/Documents/sharkship-others/convoy_prod/.venv/lib/python3.14/site-packages/sqlalchemy/dialects/postgresql/asyncpg.py", line 850, in _start_transaction
    self._handle_exception(error)
    ~~~~~~~~~~~~~~~~~~~~~~^^^^^^^
  File "/Users/ankit/Documents/sharkship-others/convoy_prod/.venv/lib/python3.14/site-packages/sqlalchemy/dialects/postgresql/asyncpg.py", line 797, in _handle_exception
    raise translated_error from error
sqlalchemy.dialects.postgresql.asyncpg.AsyncAdapt_asyncpg_dbapi.Error: <class 'asyncpg.exceptions.ConnectionDoesNotExistError'>: connection was closed in the middle of operation

The above exception was the direct cause of the following exception:

Traceback (most recent call last):
  File "/Users/ankit/Documents/sharkship-others/convoy_prod/services/post_expiry.py", line 56, in run_post_expiry_loop
    count = await expire_overdue_posts(session)
            ^^^^^^^^^^^^^^^^^^^^^^^^^^^^^^^^^^^
  File "/Users/ankit/Documents/sharkship-others/convoy_prod/services/post_expiry.py", line 37, in expire_overdue_posts
    result = await session.execute(
             ^^^^^^^^^^^^^^^^^^^^^^
    ...<6 lines>...
    )
    ^
  File "/Users/ankit/Documents/sharkship-others/convoy_prod/.venv/lib/python3.14/site-packages/sqlalchemy/ext/asyncio/session.py", line 448, in execute
    result = await greenlet_spawn(
             ^^^^^^^^^^^^^^^^^^^^^
    ...<6 lines>...
    )
    ^
  File "/Users/ankit/Documents/sharkship-others/convoy_prod/.venv/lib/python3.14/site-packages/sqlalchemy/util/_concurrency_py3k.py", line 203, in greenlet_spawn
    result = context.switch(value)
  File "/Users/ankit/Documents/sharkship-others/convoy_prod/.venv/lib/python3.14/site-packages/sqlalchemy/orm/session.py", line 2373, in execute
    return self._execute_internal(
           ~~~~~~~~~~~~~~~~~~~~~~^
        statement,
        ^^^^^^^^^^
    ...<4 lines>...
        _add_event=_add_event,
        ^^^^^^^^^^^^^^^^^^^^^^
    )
    ^
  File "/Users/ankit/Documents/sharkship-others/convoy_prod/.venv/lib/python3.14/site-packages/sqlalchemy/orm/session.py", line 2271, in _execute_internal
    result: Result[Any] = compile_state_cls.orm_execute_statement(
                          ~~~~~~~~~~~~~~~~~~~~~~~~~~~~~~~~~~~~~~~^
        self,
        ^^^^^
    ...<4 lines>...
        conn,
        ^^^^^
    )
    ^
  File "/Users/ankit/Documents/sharkship-others/convoy_prod/.venv/lib/python3.14/site-packages/sqlalchemy/orm/bulk_persistence.py", line 1660, in orm_execute_statement
    return super().orm_execute_statement(
           ~~~~~~~~~~~~~~~~~~~~~~~~~~~~~^
        session,
        ^^^^^^^^
    ...<4 lines>...
        conn,
        ^^^^^
    )
    ^
  File "/Users/ankit/Documents/sharkship-others/convoy_prod/.venv/lib/python3.14/site-packages/sqlalchemy/orm/context.py", line 306, in orm_execute_statement
    result = conn.execute(
        statement, params or {}, execution_options=execution_options
    )
  File "/Users/ankit/Documents/sharkship-others/convoy_prod/.venv/lib/python3.14/site-packages/sqlalchemy/engine/base.py", line 1421, in execute
    return meth(
        self,
        distilled_parameters,
        execution_options or NO_OPTIONS,
    )
  File "/Users/ankit/Documents/sharkship-others/convoy_prod/.venv/lib/python3.14/site-packages/sqlalchemy/sql/elements.py", line 526, in _execute_on_connection
    return connection._execute_clauseelement(
           ~~~~~~~~~~~~~~~~~~~~~~~~~~~~~~~~~^
        self, distilled_params, execution_options
        ^^^^^^^^^^^^^^^^^^^^^^^^^^^^^^^^^^^^^^^^^
    )
    ^
  File "/Users/ankit/Documents/sharkship-others/convoy_prod/.venv/lib/python3.14/site-packages/sqlalchemy/engine/base.py", line 1643, in _execute_clauseelement
    ret = self._execute_context(
        dialect,
    ...<8 lines>...
        cache_hit=cache_hit,
    )
  File "/Users/ankit/Documents/sharkship-others/convoy_prod/.venv/lib/python3.14/site-packages/sqlalchemy/engine/base.py", line 1848, in _execute_context
    return self._exec_single_context(
           ~~~~~~~~~~~~~~~~~~~~~~~~~^
        dialect, context, statement, parameters
        ^^^^^^^^^^^^^^^^^^^^^^^^^^^^^^^^^^^^^^^
    )
    ^
  File "/Users/ankit/Documents/sharkship-others/convoy_prod/.venv/lib/python3.14/site-packages/sqlalchemy/engine/base.py", line 1988, in _exec_single_context
    self._handle_dbapi_exception(
    ~~~~~~~~~~~~~~~~~~~~~~~~~~~~^
        e, str_statement, effective_parameters, cursor, context
        ^^^^^^^^^^^^^^^^^^^^^^^^^^^^^^^^^^^^^^^^^^^^^^^^^^^^^^^
    )
    ^
  File "/Users/ankit/Documents/sharkship-others/convoy_prod/.venv/lib/python3.14/site-packages/sqlalchemy/engine/base.py", line 2365, in _handle_dbapi_exception
    raise sqlalchemy_exception.with_traceback(exc_info[2]) from e
  File "/Users/ankit/Documents/sharkship-others/convoy_prod/.venv/lib/python3.14/site-packages/sqlalchemy/engine/base.py", line 1969, in _exec_single_context
    self.dialect.do_execute(
    ~~~~~~~~~~~~~~~~~~~~~~~^
        cursor, str_statement, effective_parameters, context
        ^^^^^^^^^^^^^^^^^^^^^^^^^^^^^^^^^^^^^^^^^^^^^^^^^^^^
    )
    ^
  File "/Users/ankit/Documents/sharkship-others/convoy_prod/.venv/lib/python3.14/site-packages/sqlalchemy/engine/default.py", line 952, in do_execute
    cursor.execute(statement, parameters)
    ~~~~~~~~~~~~~~^^^^^^^^^^^^^^^^^^^^^^^
  File "/Users/ankit/Documents/sharkship-others/convoy_prod/.venv/lib/python3.14/site-packages/sqlalchemy/dialects/postgresql/asyncpg.py", line 585, in execute
    self._adapt_connection.await_(
    ~~~~~~~~~~~~~~~~~~~~~~~~~~~~~^
        self._prepare_and_execute(operation, parameters)
        ^^^^^^^^^^^^^^^^^^^^^^^^^^^^^^^^^^^^^^^^^^^^^^^^
    )
    ^
  File "/Users/ankit/Documents/sharkship-others/convoy_prod/.venv/lib/python3.14/site-packages/sqlalchemy/util/_concurrency_py3k.py", line 132, in await_only
    return current.parent.switch(awaitable)  # type: ignore[no-any-return,attr-defined] # noqa: E501
           ~~~~~~~~~~~~~~~~~~~~~^^^^^^^^^^^
  File "/Users/ankit/Documents/sharkship-others/convoy_prod/.venv/lib/python3.14/site-packages/sqlalchemy/util/_concurrency_py3k.py", line 196, in greenlet_spawn
    value = await result
            ^^^^^^^^^^^^
  File "/Users/ankit/Documents/sharkship-others/convoy_prod/.venv/lib/python3.14/site-packages/sqlalchemy/dialects/postgresql/asyncpg.py", line 520, in _prepare_and_execute
    await adapt_connection._start_transaction()
  File "/Users/ankit/Documents/sharkship-others/convoy_prod/.venv/lib/python3.14/site-packages/sqlalchemy/dialects/postgresql/asyncpg.py", line 850, in _start_transaction
    self._handle_exception(error)
    ~~~~~~~~~~~~~~~~~~~~~~^^^^^^^
  File "/Users/ankit/Documents/sharkship-others/convoy_prod/.venv/lib/python3.14/site-packages/sqlalchemy/dialects/postgresql/asyncpg.py", line 797, in _handle_exception
    raise translated_error from error
sqlalchemy.exc.DBAPIError: (sqlalchemy.dialects.postgresql.asyncpg.Error) <class 'asyncpg.exceptions.ConnectionDoesNotExistError'>: connection was closed in the middle of operation
[SQL: UPDATE truck_routes SET status=$1::VARCHAR WHERE truck_routes.status IN ($3::VARCHAR, $4::VARCHAR) AND truck_routes.expires_at <= $2::TIMESTAMP WITHOUT TIME ZONE]
[parameters: ('expired', datetime.datetime(2026, 7, 13, 22, 14, 25, 157498), 'available', 'active')]
(Background on this error at: https://sqlalche.me/e/20/dbapi)
2026-07-14 07:39:47 | ERROR    | convoy | Post expiry job failed: (sqlalchemy.dialects.postgresql.asyncpg.Error) <class 'asyncpg.exceptions.ConnectionDoesNotExistError'>: connection was closed in the middle of operation
[SQL: UPDATE truck_routes SET status=$1::VARCHAR WHERE truck_routes.status IN ($3::VARCHAR, $4::VARCHAR) AND truck_routes.expires_at <= $2::TIMESTAMP WITHOUT TIME ZONE]
[parameters: ('expired', datetime.datetime(2026, 7, 14, 1, 42, 46, 12632), 'available', 'active')]
(Background on this error at: https://sqlalche.me/e/20/dbapi)
TimeoutError: [Errno 60] Operation timed out

The above exception was the direct cause of the following exception:

Traceback (most recent call last):
  File "/Users/ankit/Documents/sharkship-others/convoy_prod/.venv/lib/python3.14/site-packages/sqlalchemy/dialects/postgresql/asyncpg.py", line 848, in _start_transaction
    await self._transaction.start()
  File "/Users/ankit/Documents/sharkship-others/convoy_prod/.venv/lib/python3.14/site-packages/asyncpg/transaction.py", line 146, in start
    await self._connection.execute(query)
  File "/Users/ankit/Documents/sharkship-others/convoy_prod/.venv/lib/python3.14/site-packages/asyncpg/connection.py", line 354, in execute
    result = await self._protocol.query(query, timeout)
             ^^^^^^^^^^^^^^^^^^^^^^^^^^^^^^^^^^^^^^^^^^
  File "asyncpg/protocol/protocol.pyx", line 369, in query
asyncpg.exceptions.ConnectionDoesNotExistError: connection was closed in the middle of operation

The above exception was the direct cause of the following exception:

Traceback (most recent call last):
  File "/Users/ankit/Documents/sharkship-others/convoy_prod/.venv/lib/python3.14/site-packages/sqlalchemy/engine/base.py", line 1969, in _exec_single_context
    self.dialect.do_execute(
    ~~~~~~~~~~~~~~~~~~~~~~~^
        cursor, str_statement, effective_parameters, context
        ^^^^^^^^^^^^^^^^^^^^^^^^^^^^^^^^^^^^^^^^^^^^^^^^^^^^
    )
    ^
  File "/Users/ankit/Documents/sharkship-others/convoy_prod/.venv/lib/python3.14/site-packages/sqlalchemy/engine/default.py", line 952, in do_execute
    cursor.execute(statement, parameters)
    ~~~~~~~~~~~~~~^^^^^^^^^^^^^^^^^^^^^^^
  File "/Users/ankit/Documents/sharkship-others/convoy_prod/.venv/lib/python3.14/site-packages/sqlalchemy/dialects/postgresql/asyncpg.py", line 585, in execute
    self._adapt_connection.await_(
    ~~~~~~~~~~~~~~~~~~~~~~~~~~~~~^
        self._prepare_and_execute(operation, parameters)
        ^^^^^^^^^^^^^^^^^^^^^^^^^^^^^^^^^^^^^^^^^^^^^^^^
    )
    ^
  File "/Users/ankit/Documents/sharkship-others/convoy_prod/.venv/lib/python3.14/site-packages/sqlalchemy/util/_concurrency_py3k.py", line 132, in await_only
    return current.parent.switch(awaitable)  # type: ignore[no-any-return,attr-defined] # noqa: E501
           ~~~~~~~~~~~~~~~~~~~~~^^^^^^^^^^^
  File "/Users/ankit/Documents/sharkship-others/convoy_prod/.venv/lib/python3.14/site-packages/sqlalchemy/util/_concurrency_py3k.py", line 196, in greenlet_spawn
    value = await result
            ^^^^^^^^^^^^
  File "/Users/ankit/Documents/sharkship-others/convoy_prod/.venv/lib/python3.14/site-packages/sqlalchemy/dialects/postgresql/asyncpg.py", line 520, in _prepare_and_execute
    await adapt_connection._start_transaction()
  File "/Users/ankit/Documents/sharkship-others/convoy_prod/.venv/lib/python3.14/site-packages/sqlalchemy/dialects/postgresql/asyncpg.py", line 850, in _start_transaction
    self._handle_exception(error)
    ~~~~~~~~~~~~~~~~~~~~~~^^^^^^^
  File "/Users/ankit/Documents/sharkship-others/convoy_prod/.venv/lib/python3.14/site-packages/sqlalchemy/dialects/postgresql/asyncpg.py", line 797, in _handle_exception
    raise translated_error from error
sqlalchemy.dialects.postgresql.asyncpg.AsyncAdapt_asyncpg_dbapi.Error: <class 'asyncpg.exceptions.ConnectionDoesNotExistError'>: connection was closed in the middle of operation

The above exception was the direct cause of the following exception:

Traceback (most recent call last):
  File "/Users/ankit/Documents/sharkship-others/convoy_prod/services/post_expiry.py", line 56, in run_post_expiry_loop
    count = await expire_overdue_posts(session)
            ^^^^^^^^^^^^^^^^^^^^^^^^^^^^^^^^^^^
  File "/Users/ankit/Documents/sharkship-others/convoy_prod/services/post_expiry.py", line 37, in expire_overdue_posts
    result = await session.execute(
             ^^^^^^^^^^^^^^^^^^^^^^
    ...<6 lines>...
    )
    ^
  File "/Users/ankit/Documents/sharkship-others/convoy_prod/.venv/lib/python3.14/site-packages/sqlalchemy/ext/asyncio/session.py", line 448, in execute
    result = await greenlet_spawn(
             ^^^^^^^^^^^^^^^^^^^^^
    ...<6 lines>...
    )
    ^
  File "/Users/ankit/Documents/sharkship-others/convoy_prod/.venv/lib/python3.14/site-packages/sqlalchemy/util/_concurrency_py3k.py", line 203, in greenlet_spawn
    result = context.switch(value)
  File "/Users/ankit/Documents/sharkship-others/convoy_prod/.venv/lib/python3.14/site-packages/sqlalchemy/orm/session.py", line 2373, in execute
    return self._execute_internal(
           ~~~~~~~~~~~~~~~~~~~~~~^
        statement,
        ^^^^^^^^^^
    ...<4 lines>...
        _add_event=_add_event,
        ^^^^^^^^^^^^^^^^^^^^^^
    )
    ^
  File "/Users/ankit/Documents/sharkship-others/convoy_prod/.venv/lib/python3.14/site-packages/sqlalchemy/orm/session.py", line 2271, in _execute_internal
    result: Result[Any] = compile_state_cls.orm_execute_statement(
                          ~~~~~~~~~~~~~~~~~~~~~~~~~~~~~~~~~~~~~~~^
        self,
        ^^^^^
    ...<4 lines>...
        conn,
        ^^^^^
    )
    ^
  File "/Users/ankit/Documents/sharkship-others/convoy_prod/.venv/lib/python3.14/site-packages/sqlalchemy/orm/bulk_persistence.py", line 1660, in orm_execute_statement
    return super().orm_execute_statement(
           ~~~~~~~~~~~~~~~~~~~~~~~~~~~~~^
        session,
        ^^^^^^^^
    ...<4 lines>...
        conn,
        ^^^^^
    )
    ^
  File "/Users/ankit/Documents/sharkship-others/convoy_prod/.venv/lib/python3.14/site-packages/sqlalchemy/orm/context.py", line 306, in orm_execute_statement
    result = conn.execute(
        statement, params or {}, execution_options=execution_options
    )
  File "/Users/ankit/Documents/sharkship-others/convoy_prod/.venv/lib/python3.14/site-packages/sqlalchemy/engine/base.py", line 1421, in execute
    return meth(
        self,
        distilled_parameters,
        execution_options or NO_OPTIONS,
    )
  File "/Users/ankit/Documents/sharkship-others/convoy_prod/.venv/lib/python3.14/site-packages/sqlalchemy/sql/elements.py", line 526, in _execute_on_connection
    return connection._execute_clauseelement(
           ~~~~~~~~~~~~~~~~~~~~~~~~~~~~~~~~~^
        self, distilled_params, execution_options
        ^^^^^^^^^^^^^^^^^^^^^^^^^^^^^^^^^^^^^^^^^
    )
    ^
  File "/Users/ankit/Documents/sharkship-others/convoy_prod/.venv/lib/python3.14/site-packages/sqlalchemy/engine/base.py", line 1643, in _execute_clauseelement
    ret = self._execute_context(
        dialect,
    ...<8 lines>...
        cache_hit=cache_hit,
    )
  File "/Users/ankit/Documents/sharkship-others/convoy_prod/.venv/lib/python3.14/site-packages/sqlalchemy/engine/base.py", line 1848, in _execute_context
    return self._exec_single_context(
           ~~~~~~~~~~~~~~~~~~~~~~~~~^
        dialect, context, statement, parameters
        ^^^^^^^^^^^^^^^^^^^^^^^^^^^^^^^^^^^^^^^
    )
    ^
  File "/Users/ankit/Documents/sharkship-others/convoy_prod/.venv/lib/python3.14/site-packages/sqlalchemy/engine/base.py", line 1988, in _exec_single_context
    self._handle_dbapi_exception(
    ~~~~~~~~~~~~~~~~~~~~~~~~~~~~^
        e, str_statement, effective_parameters, cursor, context
        ^^^^^^^^^^^^^^^^^^^^^^^^^^^^^^^^^^^^^^^^^^^^^^^^^^^^^^^
    )
    ^
  File "/Users/ankit/Documents/sharkship-others/convoy_prod/.venv/lib/python3.14/site-packages/sqlalchemy/engine/base.py", line 2365, in _handle_dbapi_exception
    raise sqlalchemy_exception.with_traceback(exc_info[2]) from e
  File "/Users/ankit/Documents/sharkship-others/convoy_prod/.venv/lib/python3.14/site-packages/sqlalchemy/engine/base.py", line 1969, in _exec_single_context
    self.dialect.do_execute(
    ~~~~~~~~~~~~~~~~~~~~~~~^
        cursor, str_statement, effective_parameters, context
        ^^^^^^^^^^^^^^^^^^^^^^^^^^^^^^^^^^^^^^^^^^^^^^^^^^^^
    )
    ^
  File "/Users/ankit/Documents/sharkship-others/convoy_prod/.venv/lib/python3.14/site-packages/sqlalchemy/engine/default.py", line 952, in do_execute
    cursor.execute(statement, parameters)
    ~~~~~~~~~~~~~~^^^^^^^^^^^^^^^^^^^^^^^
  File "/Users/ankit/Documents/sharkship-others/convoy_prod/.venv/lib/python3.14/site-packages/sqlalchemy/dialects/postgresql/asyncpg.py", line 585, in execute
    self._adapt_connection.await_(
    ~~~~~~~~~~~~~~~~~~~~~~~~~~~~~^
        self._prepare_and_execute(operation, parameters)
        ^^^^^^^^^^^^^^^^^^^^^^^^^^^^^^^^^^^^^^^^^^^^^^^^
    )
    ^
  File "/Users/ankit/Documents/sharkship-others/convoy_prod/.venv/lib/python3.14/site-packages/sqlalchemy/util/_concurrency_py3k.py", line 132, in await_only
    return current.parent.switch(awaitable)  # type: ignore[no-any-return,attr-defined] # noqa: E501
           ~~~~~~~~~~~~~~~~~~~~~^^^^^^^^^^^
  File "/Users/ankit/Documents/sharkship-others/convoy_prod/.venv/lib/python3.14/site-packages/sqlalchemy/util/_concurrency_py3k.py", line 196, in greenlet_spawn
    value = await result
            ^^^^^^^^^^^^
  File "/Users/ankit/Documents/sharkship-others/convoy_prod/.venv/lib/python3.14/site-packages/sqlalchemy/dialects/postgresql/asyncpg.py", line 520, in _prepare_and_execute
    await adapt_connection._start_transaction()
  File "/Users/ankit/Documents/sharkship-others/convoy_prod/.venv/lib/python3.14/site-packages/sqlalchemy/dialects/postgresql/asyncpg.py", line 850, in _start_transaction
    self._handle_exception(error)
    ~~~~~~~~~~~~~~~~~~~~~~^^^^^^^
  File "/Users/ankit/Documents/sharkship-others/convoy_prod/.venv/lib/python3.14/site-packages/sqlalchemy/dialects/postgresql/asyncpg.py", line 797, in _handle_exception
    raise translated_error from error
sqlalchemy.exc.DBAPIError: (sqlalchemy.dialects.postgresql.asyncpg.Error) <class 'asyncpg.exceptions.ConnectionDoesNotExistError'>: connection was closed in the middle of operation
[SQL: UPDATE truck_routes SET status=$1::VARCHAR WHERE truck_routes.status IN ($3::VARCHAR, $4::VARCHAR) AND truck_routes.expires_at <= $2::TIMESTAMP WITHOUT TIME ZONE]
[parameters: ('expired', datetime.datetime(2026, 7, 14, 1, 42, 46, 12632), 'available', 'active')]
(Background on this error at: https://sqlalche.me/e/20/dbapi)
2026-07-14 08:55:32 | ERROR    | convoy | Post expiry job failed: (sqlalchemy.dialects.postgresql.asyncpg.Error) <class 'asyncpg.exceptions.ConnectionDoesNotExistError'>: connection was closed in the middle of operation
[SQL: UPDATE truck_routes SET status=$1::VARCHAR WHERE truck_routes.status IN ($3::VARCHAR, $4::VARCHAR) AND truck_routes.expires_at <= $2::TIMESTAMP WITHOUT TIME ZONE]
[parameters: ('expired', datetime.datetime(2026, 7, 14, 2, 49, 25, 994128), 'available', 'active')]
(Background on this error at: https://sqlalche.me/e/20/dbapi)
TimeoutError: [Errno 60] Operation timed out

The above exception was the direct cause of the following exception:

Traceback (most recent call last):
  File "/Users/ankit/Documents/sharkship-others/convoy_prod/.venv/lib/python3.14/site-packages/sqlalchemy/dialects/postgresql/asyncpg.py", line 848, in _start_transaction
    await self._transaction.start()
  File "/Users/ankit/Documents/sharkship-others/convoy_prod/.venv/lib/python3.14/site-packages/asyncpg/transaction.py", line 146, in start
    await self._connection.execute(query)
  File "/Users/ankit/Documents/sharkship-others/convoy_prod/.venv/lib/python3.14/site-packages/asyncpg/connection.py", line 354, in execute
    result = await self._protocol.query(query, timeout)
             ^^^^^^^^^^^^^^^^^^^^^^^^^^^^^^^^^^^^^^^^^^
  File "asyncpg/protocol/protocol.pyx", line 369, in query
asyncpg.exceptions.ConnectionDoesNotExistError: connection was closed in the middle of operation

The above exception was the direct cause of the following exception:

Traceback (most recent call last):
  File "/Users/ankit/Documents/sharkship-others/convoy_prod/.venv/lib/python3.14/site-packages/sqlalchemy/engine/base.py", line 1969, in _exec_single_context
    self.dialect.do_execute(
    ~~~~~~~~~~~~~~~~~~~~~~~^
        cursor, str_statement, effective_parameters, context
        ^^^^^^^^^^^^^^^^^^^^^^^^^^^^^^^^^^^^^^^^^^^^^^^^^^^^
    )
    ^
  File "/Users/ankit/Documents/sharkship-others/convoy_prod/.venv/lib/python3.14/site-packages/sqlalchemy/engine/default.py", line 952, in do_execute
    cursor.execute(statement, parameters)
    ~~~~~~~~~~~~~~^^^^^^^^^^^^^^^^^^^^^^^
  File "/Users/ankit/Documents/sharkship-others/convoy_prod/.venv/lib/python3.14/site-packages/sqlalchemy/dialects/postgresql/asyncpg.py", line 585, in execute
    self._adapt_connection.await_(
    ~~~~~~~~~~~~~~~~~~~~~~~~~~~~~^
        self._prepare_and_execute(operation, parameters)
        ^^^^^^^^^^^^^^^^^^^^^^^^^^^^^^^^^^^^^^^^^^^^^^^^
    )
    ^
  File "/Users/ankit/Documents/sharkship-others/convoy_prod/.venv/lib/python3.14/site-packages/sqlalchemy/util/_concurrency_py3k.py", line 132, in await_only
    return current.parent.switch(awaitable)  # type: ignore[no-any-return,attr-defined] # noqa: E501
           ~~~~~~~~~~~~~~~~~~~~~^^^^^^^^^^^
  File "/Users/ankit/Documents/sharkship-others/convoy_prod/.venv/lib/python3.14/site-packages/sqlalchemy/util/_concurrency_py3k.py", line 196, in greenlet_spawn
    value = await result
            ^^^^^^^^^^^^
  File "/Users/ankit/Documents/sharkship-others/convoy_prod/.venv/lib/python3.14/site-packages/sqlalchemy/dialects/postgresql/asyncpg.py", line 520, in _prepare_and_execute
    await adapt_connection._start_transaction()
  File "/Users/ankit/Documents/sharkship-others/convoy_prod/.venv/lib/python3.14/site-packages/sqlalchemy/dialects/postgresql/asyncpg.py", line 850, in _start_transaction
    self._handle_exception(error)
    ~~~~~~~~~~~~~~~~~~~~~~^^^^^^^
  File "/Users/ankit/Documents/sharkship-others/convoy_prod/.venv/lib/python3.14/site-packages/sqlalchemy/dialects/postgresql/asyncpg.py", line 797, in _handle_exception
    raise translated_error from error
sqlalchemy.dialects.postgresql.asyncpg.AsyncAdapt_asyncpg_dbapi.Error: <class 'asyncpg.exceptions.ConnectionDoesNotExistError'>: connection was closed in the middle of operation

The above exception was the direct cause of the following exception:

Traceback (most recent call last):
  File "/Users/ankit/Documents/sharkship-others/convoy_prod/services/post_expiry.py", line 56, in run_post_expiry_loop
    count = await expire_overdue_posts(session)
            ^^^^^^^^^^^^^^^^^^^^^^^^^^^^^^^^^^^
  File "/Users/ankit/Documents/sharkship-others/convoy_prod/services/post_expiry.py", line 37, in expire_overdue_posts
    result = await session.execute(
             ^^^^^^^^^^^^^^^^^^^^^^
    ...<6 lines>...
    )
    ^
  File "/Users/ankit/Documents/sharkship-others/convoy_prod/.venv/lib/python3.14/site-packages/sqlalchemy/ext/asyncio/session.py", line 448, in execute
    result = await greenlet_spawn(
             ^^^^^^^^^^^^^^^^^^^^^
    ...<6 lines>...
    )
    ^
  File "/Users/ankit/Documents/sharkship-others/convoy_prod/.venv/lib/python3.14/site-packages/sqlalchemy/util/_concurrency_py3k.py", line 203, in greenlet_spawn
    result = context.switch(value)
  File "/Users/ankit/Documents/sharkship-others/convoy_prod/.venv/lib/python3.14/site-packages/sqlalchemy/orm/session.py", line 2373, in execute
    return self._execute_internal(
           ~~~~~~~~~~~~~~~~~~~~~~^
        statement,
        ^^^^^^^^^^
    ...<4 lines>...
        _add_event=_add_event,
        ^^^^^^^^^^^^^^^^^^^^^^
    )
    ^
  File "/Users/ankit/Documents/sharkship-others/convoy_prod/.venv/lib/python3.14/site-packages/sqlalchemy/orm/session.py", line 2271, in _execute_internal
    result: Result[Any] = compile_state_cls.orm_execute_statement(
                          ~~~~~~~~~~~~~~~~~~~~~~~~~~~~~~~~~~~~~~~^
        self,
        ^^^^^
    ...<4 lines>...
        conn,
        ^^^^^
    )
    ^
  File "/Users/ankit/Documents/sharkship-others/convoy_prod/.venv/lib/python3.14/site-packages/sqlalchemy/orm/bulk_persistence.py", line 1660, in orm_execute_statement
    return super().orm_execute_statement(
           ~~~~~~~~~~~~~~~~~~~~~~~~~~~~~^
        session,
        ^^^^^^^^
    ...<4 lines>...
        conn,
        ^^^^^
    )
    ^
  File "/Users/ankit/Documents/sharkship-others/convoy_prod/.venv/lib/python3.14/site-packages/sqlalchemy/orm/context.py", line 306, in orm_execute_statement
    result = conn.execute(
        statement, params or {}, execution_options=execution_options
    )
  File "/Users/ankit/Documents/sharkship-others/convoy_prod/.venv/lib/python3.14/site-packages/sqlalchemy/engine/base.py", line 1421, in execute
    return meth(
        self,
        distilled_parameters,
        execution_options or NO_OPTIONS,
    )
  File "/Users/ankit/Documents/sharkship-others/convoy_prod/.venv/lib/python3.14/site-packages/sqlalchemy/sql/elements.py", line 526, in _execute_on_connection
    return connection._execute_clauseelement(
           ~~~~~~~~~~~~~~~~~~~~~~~~~~~~~~~~~^
        self, distilled_params, execution_options
        ^^^^^^^^^^^^^^^^^^^^^^^^^^^^^^^^^^^^^^^^^
    )
    ^
  File "/Users/ankit/Documents/sharkship-others/convoy_prod/.venv/lib/python3.14/site-packages/sqlalchemy/engine/base.py", line 1643, in _execute_clauseelement
    ret = self._execute_context(
        dialect,
    ...<8 lines>...
        cache_hit=cache_hit,
    )
  File "/Users/ankit/Documents/sharkship-others/convoy_prod/.venv/lib/python3.14/site-packages/sqlalchemy/engine/base.py", line 1848, in _execute_context
    return self._exec_single_context(
           ~~~~~~~~~~~~~~~~~~~~~~~~~^
        dialect, context, statement, parameters
        ^^^^^^^^^^^^^^^^^^^^^^^^^^^^^^^^^^^^^^^
    )
    ^
  File "/Users/ankit/Documents/sharkship-others/convoy_prod/.venv/lib/python3.14/site-packages/sqlalchemy/engine/base.py", line 1988, in _exec_single_context
    self._handle_dbapi_exception(
    ~~~~~~~~~~~~~~~~~~~~~~~~~~~~^
        e, str_statement, effective_parameters, cursor, context
        ^^^^^^^^^^^^^^^^^^^^^^^^^^^^^^^^^^^^^^^^^^^^^^^^^^^^^^^
    )
    ^
  File "/Users/ankit/Documents/sharkship-others/convoy_prod/.venv/lib/python3.14/site-packages/sqlalchemy/engine/base.py", line 2365, in _handle_dbapi_exception
    raise sqlalchemy_exception.with_traceback(exc_info[2]) from e
  File "/Users/ankit/Documents/sharkship-others/convoy_prod/.venv/lib/python3.14/site-packages/sqlalchemy/engine/base.py", line 1969, in _exec_single_context
    self.dialect.do_execute(
    ~~~~~~~~~~~~~~~~~~~~~~~^
        cursor, str_statement, effective_parameters, context
        ^^^^^^^^^^^^^^^^^^^^^^^^^^^^^^^^^^^^^^^^^^^^^^^^^^^^
    )
    ^
  File "/Users/ankit/Documents/sharkship-others/convoy_prod/.venv/lib/python3.14/site-packages/sqlalchemy/engine/default.py", line 952, in do_execute
    cursor.execute(statement, parameters)
    ~~~~~~~~~~~~~~^^^^^^^^^^^^^^^^^^^^^^^
  File "/Users/ankit/Documents/sharkship-others/convoy_prod/.venv/lib/python3.14/site-packages/sqlalchemy/dialects/postgresql/asyncpg.py", line 585, in execute
    self._adapt_connection.await_(
    ~~~~~~~~~~~~~~~~~~~~~~~~~~~~~^
        self._prepare_and_execute(operation, parameters)
        ^^^^^^^^^^^^^^^^^^^^^^^^^^^^^^^^^^^^^^^^^^^^^^^^
    )
    ^
  File "/Users/ankit/Documents/sharkship-others/convoy_prod/.venv/lib/python3.14/site-packages/sqlalchemy/util/_concurrency_py3k.py", line 132, in await_only
    return current.parent.switch(awaitable)  # type: ignore[no-any-return,attr-defined] # noqa: E501
           ~~~~~~~~~~~~~~~~~~~~~^^^^^^^^^^^
  File "/Users/ankit/Documents/sharkship-others/convoy_prod/.venv/lib/python3.14/site-packages/sqlalchemy/util/_concurrency_py3k.py", line 196, in greenlet_spawn
    value = await result
            ^^^^^^^^^^^^
  File "/Users/ankit/Documents/sharkship-others/convoy_prod/.venv/lib/python3.14/site-packages/sqlalchemy/dialects/postgresql/asyncpg.py", line 520, in _prepare_and_execute
    await adapt_connection._start_transaction()
  File "/Users/ankit/Documents/sharkship-others/convoy_prod/.venv/lib/python3.14/site-packages/sqlalchemy/dialects/postgresql/asyncpg.py", line 850, in _start_transaction
    self._handle_exception(error)
    ~~~~~~~~~~~~~~~~~~~~~~^^^^^^^
  File "/Users/ankit/Documents/sharkship-others/convoy_prod/.venv/lib/python3.14/site-packages/sqlalchemy/dialects/postgresql/asyncpg.py", line 797, in _handle_exception
    raise translated_error from error
sqlalchemy.exc.DBAPIError: (sqlalchemy.dialects.postgresql.asyncpg.Error) <class 'asyncpg.exceptions.ConnectionDoesNotExistError'>: connection was closed in the middle of operation
[SQL: UPDATE truck_routes SET status=$1::VARCHAR WHERE truck_routes.status IN ($3::VARCHAR, $4::VARCHAR) AND truck_routes.expires_at <= $2::TIMESTAMP WITHOUT TIME ZONE]
[parameters: ('expired', datetime.datetime(2026, 7, 14, 2, 49, 25, 994128), 'available', 'active')]
(Background on this error at: https://sqlalche.me/e/20/dbapi)
2026-07-14 09:33:19 | ERROR    | convoy | Post expiry job failed: (sqlalchemy.dialects.postgresql.asyncpg.Error) <class 'asyncpg.exceptions.ConnectionDoesNotExistError'>: connection was closed in the middle of operation
[SQL: UPDATE truck_routes SET status=$1::VARCHAR WHERE truck_routes.status IN ($3::VARCHAR, $4::VARCHAR) AND truck_routes.expires_at <= $2::TIMESTAMP WITHOUT TIME ZONE]
[parameters: ('expired', datetime.datetime(2026, 7, 14, 3, 52, 16, 887336), 'available', 'active')]
(Background on this error at: https://sqlalche.me/e/20/dbapi)
TimeoutError: [Errno 60] Operation timed out

The above exception was the direct cause of the following exception:

Traceback (most recent call last):
  File "/Users/ankit/Documents/sharkship-others/convoy_prod/.venv/lib/python3.14/site-packages/sqlalchemy/dialects/postgresql/asyncpg.py", line 848, in _start_transaction
    await self._transaction.start()
  File "/Users/ankit/Documents/sharkship-others/convoy_prod/.venv/lib/python3.14/site-packages/asyncpg/transaction.py", line 146, in start
    await self._connection.execute(query)
  File "/Users/ankit/Documents/sharkship-others/convoy_prod/.venv/lib/python3.14/site-packages/asyncpg/connection.py", line 354, in execute
    result = await self._protocol.query(query, timeout)
             ^^^^^^^^^^^^^^^^^^^^^^^^^^^^^^^^^^^^^^^^^^
  File "asyncpg/protocol/protocol.pyx", line 369, in query
asyncpg.exceptions.ConnectionDoesNotExistError: connection was closed in the middle of operation

The above exception was the direct cause of the following exception:

Traceback (most recent call last):
  File "/Users/ankit/Documents/sharkship-others/convoy_prod/.venv/lib/python3.14/site-packages/sqlalchemy/engine/base.py", line 1969, in _exec_single_context
    self.dialect.do_execute(
    ~~~~~~~~~~~~~~~~~~~~~~~^
        cursor, str_statement, effective_parameters, context
        ^^^^^^^^^^^^^^^^^^^^^^^^^^^^^^^^^^^^^^^^^^^^^^^^^^^^
    )
    ^
  File "/Users/ankit/Documents/sharkship-others/convoy_prod/.venv/lib/python3.14/site-packages/sqlalchemy/engine/default.py", line 952, in do_execute
    cursor.execute(statement, parameters)
    ~~~~~~~~~~~~~~^^^^^^^^^^^^^^^^^^^^^^^
  File "/Users/ankit/Documents/sharkship-others/convoy_prod/.venv/lib/python3.14/site-packages/sqlalchemy/dialects/postgresql/asyncpg.py", line 585, in execute
    self._adapt_connection.await_(
    ~~~~~~~~~~~~~~~~~~~~~~~~~~~~~^
        self._prepare_and_execute(operation, parameters)
        ^^^^^^^^^^^^^^^^^^^^^^^^^^^^^^^^^^^^^^^^^^^^^^^^
    )
    ^
  File "/Users/ankit/Documents/sharkship-others/convoy_prod/.venv/lib/python3.14/site-packages/sqlalchemy/util/_concurrency_py3k.py", line 132, in await_only
    return current.parent.switch(awaitable)  # type: ignore[no-any-return,attr-defined] # noqa: E501
           ~~~~~~~~~~~~~~~~~~~~~^^^^^^^^^^^
  File "/Users/ankit/Documents/sharkship-others/convoy_prod/.venv/lib/python3.14/site-packages/sqlalchemy/util/_concurrency_py3k.py", line 196, in greenlet_spawn
    value = await result
            ^^^^^^^^^^^^
  File "/Users/ankit/Documents/sharkship-others/convoy_prod/.venv/lib/python3.14/site-packages/sqlalchemy/dialects/postgresql/asyncpg.py", line 520, in _prepare_and_execute
    await adapt_connection._start_transaction()
  File "/Users/ankit/Documents/sharkship-others/convoy_prod/.venv/lib/python3.14/site-packages/sqlalchemy/dialects/postgresql/asyncpg.py", line 850, in _start_transaction
    self._handle_exception(error)
    ~~~~~~~~~~~~~~~~~~~~~~^^^^^^^
  File "/Users/ankit/Documents/sharkship-others/convoy_prod/.venv/lib/python3.14/site-packages/sqlalchemy/dialects/postgresql/asyncpg.py", line 797, in _handle_exception
    raise translated_error from error
sqlalchemy.dialects.postgresql.asyncpg.AsyncAdapt_asyncpg_dbapi.Error: <class 'asyncpg.exceptions.ConnectionDoesNotExistError'>: connection was closed in the middle of operation

The above exception was the direct cause of the following exception:

Traceback (most recent call last):
  File "/Users/ankit/Documents/sharkship-others/convoy_prod/services/post_expiry.py", line 56, in run_post_expiry_loop
    count = await expire_overdue_posts(session)
            ^^^^^^^^^^^^^^^^^^^^^^^^^^^^^^^^^^^
  File "/Users/ankit/Documents/sharkship-others/convoy_prod/services/post_expiry.py", line 37, in expire_overdue_posts
    result = await session.execute(
             ^^^^^^^^^^^^^^^^^^^^^^
    ...<6 lines>...
    )
    ^
  File "/Users/ankit/Documents/sharkship-others/convoy_prod/.venv/lib/python3.14/site-packages/sqlalchemy/ext/asyncio/session.py", line 448, in execute
    result = await greenlet_spawn(
             ^^^^^^^^^^^^^^^^^^^^^
    ...<6 lines>...
    )
    ^
  File "/Users/ankit/Documents/sharkship-others/convoy_prod/.venv/lib/python3.14/site-packages/sqlalchemy/util/_concurrency_py3k.py", line 203, in greenlet_spawn
    result = context.switch(value)
  File "/Users/ankit/Documents/sharkship-others/convoy_prod/.venv/lib/python3.14/site-packages/sqlalchemy/orm/session.py", line 2373, in execute
    return self._execute_internal(
           ~~~~~~~~~~~~~~~~~~~~~~^
        statement,
        ^^^^^^^^^^
    ...<4 lines>...
        _add_event=_add_event,
        ^^^^^^^^^^^^^^^^^^^^^^
    )
    ^
  File "/Users/ankit/Documents/sharkship-others/convoy_prod/.venv/lib/python3.14/site-packages/sqlalchemy/orm/session.py", line 2271, in _execute_internal
    result: Result[Any] = compile_state_cls.orm_execute_statement(
                          ~~~~~~~~~~~~~~~~~~~~~~~~~~~~~~~~~~~~~~~^
        self,
        ^^^^^
    ...<4 lines>...
        conn,
        ^^^^^
    )
    ^
  File "/Users/ankit/Documents/sharkship-others/convoy_prod/.venv/lib/python3.14/site-packages/sqlalchemy/orm/bulk_persistence.py", line 1660, in orm_execute_statement
    return super().orm_execute_statement(
           ~~~~~~~~~~~~~~~~~~~~~~~~~~~~~^
        session,
        ^^^^^^^^
    ...<4 lines>...
        conn,
        ^^^^^
    )
    ^
  File "/Users/ankit/Documents/sharkship-others/convoy_prod/.venv/lib/python3.14/site-packages/sqlalchemy/orm/context.py", line 306, in orm_execute_statement
    result = conn.execute(
        statement, params or {}, execution_options=execution_options
    )
  File "/Users/ankit/Documents/sharkship-others/convoy_prod/.venv/lib/python3.14/site-packages/sqlalchemy/engine/base.py", line 1421, in execute
    return meth(
        self,
        distilled_parameters,
        execution_options or NO_OPTIONS,
    )
  File "/Users/ankit/Documents/sharkship-others/convoy_prod/.venv/lib/python3.14/site-packages/sqlalchemy/sql/elements.py", line 526, in _execute_on_connection
    return connection._execute_clauseelement(
           ~~~~~~~~~~~~~~~~~~~~~~~~~~~~~~~~~^
        self, distilled_params, execution_options
        ^^^^^^^^^^^^^^^^^^^^^^^^^^^^^^^^^^^^^^^^^
    )
    ^
  File "/Users/ankit/Documents/sharkship-others/convoy_prod/.venv/lib/python3.14/site-packages/sqlalchemy/engine/base.py", line 1643, in _execute_clauseelement
    ret = self._execute_context(
        dialect,
    ...<8 lines>...
        cache_hit=cache_hit,
    )
  File "/Users/ankit/Documents/sharkship-others/convoy_prod/.venv/lib/python3.14/site-packages/sqlalchemy/engine/base.py", line 1848, in _execute_context
    return self._exec_single_context(
           ~~~~~~~~~~~~~~~~~~~~~~~~~^
        dialect, context, statement, parameters
        ^^^^^^^^^^^^^^^^^^^^^^^^^^^^^^^^^^^^^^^
    )
    ^
  File "/Users/ankit/Documents/sharkship-others/convoy_prod/.venv/lib/python3.14/site-packages/sqlalchemy/engine/base.py", line 1988, in _exec_single_context
    self._handle_dbapi_exception(
    ~~~~~~~~~~~~~~~~~~~~~~~~~~~~^
        e, str_statement, effective_parameters, cursor, context
        ^^^^^^^^^^^^^^^^^^^^^^^^^^^^^^^^^^^^^^^^^^^^^^^^^^^^^^^
    )
    ^
  File "/Users/ankit/Documents/sharkship-others/convoy_prod/.venv/lib/python3.14/site-packages/sqlalchemy/engine/base.py", line 2365, in _handle_dbapi_exception
    raise sqlalchemy_exception.with_traceback(exc_info[2]) from e
  File "/Users/ankit/Documents/sharkship-others/convoy_prod/.venv/lib/python3.14/site-packages/sqlalchemy/engine/base.py", line 1969, in _exec_single_context
    self.dialect.do_execute(
    ~~~~~~~~~~~~~~~~~~~~~~~^
        cursor, str_statement, effective_parameters, context
        ^^^^^^^^^^^^^^^^^^^^^^^^^^^^^^^^^^^^^^^^^^^^^^^^^^^^
    )
    ^
  File "/Users/ankit/Documents/sharkship-others/convoy_prod/.venv/lib/python3.14/site-packages/sqlalchemy/engine/default.py", line 952, in do_execute
    cursor.execute(statement, parameters)
    ~~~~~~~~~~~~~~^^^^^^^^^^^^^^^^^^^^^^^
  File "/Users/ankit/Documents/sharkship-others/convoy_prod/.venv/lib/python3.14/site-packages/sqlalchemy/dialects/postgresql/asyncpg.py", line 585, in execute
    self._adapt_connection.await_(
    ~~~~~~~~~~~~~~~~~~~~~~~~~~~~~^
        self._prepare_and_execute(operation, parameters)
        ^^^^^^^^^^^^^^^^^^^^^^^^^^^^^^^^^^^^^^^^^^^^^^^^
    )
    ^
  File "/Users/ankit/Documents/sharkship-others/convoy_prod/.venv/lib/python3.14/site-packages/sqlalchemy/util/_concurrency_py3k.py", line 132, in await_only
    return current.parent.switch(awaitable)  # type: ignore[no-any-return,attr-defined] # noqa: E501
           ~~~~~~~~~~~~~~~~~~~~~^^^^^^^^^^^
  File "/Users/ankit/Documents/sharkship-others/convoy_prod/.venv/lib/python3.14/site-packages/sqlalchemy/util/_concurrency_py3k.py", line 196, in greenlet_spawn
    value = await result
            ^^^^^^^^^^^^
  File "/Users/ankit/Documents/sharkship-others/convoy_prod/.venv/lib/python3.14/site-packages/sqlalchemy/dialects/postgresql/asyncpg.py", line 520, in _prepare_and_execute
    await adapt_connection._start_transaction()
  File "/Users/ankit/Documents/sharkship-others/convoy_prod/.venv/lib/python3.14/site-packages/sqlalchemy/dialects/postgresql/asyncpg.py", line 850, in _start_transaction
    self._handle_exception(error)
    ~~~~~~~~~~~~~~~~~~~~~~^^^^^^^
  File "/Users/ankit/Documents/sharkship-others/convoy_prod/.venv/lib/python3.14/site-packages/sqlalchemy/dialects/postgresql/asyncpg.py", line 797, in _handle_exception
    raise translated_error from error
sqlalchemy.exc.DBAPIError: (sqlalchemy.dialects.postgresql.asyncpg.Error) <class 'asyncpg.exceptions.ConnectionDoesNotExistError'>: connection was closed in the middle of operation
[SQL: UPDATE truck_routes SET status=$1::VARCHAR WHERE truck_routes.status IN ($3::VARCHAR, $4::VARCHAR) AND truck_routes.expires_at <= $2::TIMESTAMP WITHOUT TIME ZONE]
[parameters: ('expired', datetime.datetime(2026, 7, 14, 3, 52, 16, 887336), 'available', 'active')]
(Background on this error at: https://sqlalche.me/e/20/dbapi)
2026-07-14 10:23:36 | ERROR    | convoy | Error in create_truck_post: badly formed hexadecimal UUID string
2026-07-14 11:10:38 | ERROR    | convoy | Cashfree send OTP failed: IP not whitelisted. Your current ip is 122.162.147.87. For IP whitelisting assistance, visit our guide at https://www.cashfree.com/docs/secure-id/get-started/integration/ip-whitelisting-verification.
2026-07-14 11:15:07 | ERROR    | convoy | Cashfree send OTP failed: IP not whitelisted. Your current ip is 122.162.147.87. For IP whitelisting assistance, visit our guide at https://www.cashfree.com/docs/secure-id/get-started/integration/ip-whitelisting-verification.
2026-07-14 13:34:41 | ERROR    | convoy | Error in search_trucks: (sqlalchemy.dialects.postgresql.asyncpg.ProgrammingError) <class 'asyncpg.exceptions.PostgresSyntaxError'>: syntax error at or near ":"
[SQL: SELECT COUNT(*) FROM (
        SELECT * FROM (
            SELECT DISTINCT ON (tr.id)
                tr.id,
                tr.truck_id,
                tr.user_id,
                tr.truck_number,
                tr.truck_type,
                tr.capacity,
                tr.origin_name,
                tr.origin,
                tr.current_location,
                tr.available_date,
                tr.status,
                tr.created_at,
                tr.expires_at,
                ST_Distance(tr.origin_location, ST_GeogFromText(:origin_point::text)) / 1000.0 AS origin_distance_km,
                d.id AS matched_destination_id,
                d.destination AS matched_destination,
                ST_Distance(d.destination_location, ST_GeogFromText(:dest_point::text)) / 1000.0 AS destination_distance_km
            FROM truck_routes tr
            JOIN truck_route_destinations d ON d.truck_route_id = tr.id
            WHERE tr.status IN ('available', 'active')
              AND tr.available_date >= $1
              AND tr.expires_at > NOW()
              AND ST_DWithin(tr.origin_location, ST_GeogFromText(:origin_point::text), $2)
              AND ST_DWithin(d.destination_location, ST_GeogFromText(:dest_point::text), $2)
              AND tr.truck_type = $3
              
            ORDER BY tr.id, ST_Distance(d.destination_location, ST_GeogFromText(:dest_point::text)), d.position
        ) matched
        ORDER BY origin_distance_km + destination_distance_km
        LIMIT $4
    ) capped]
[parameters: (datetime.date(2026, 7, 14), 150000.0, 'Container', 1000)]
(Background on this error at: https://sqlalche.me/e/20/f405)
2026-07-14 13:34:41 | ERROR    | convoy | Error in search_trucks: (sqlalchemy.dialects.postgresql.asyncpg.ProgrammingError) <class 'asyncpg.exceptions.PostgresSyntaxError'>: syntax error at or near ":"
[SQL: SELECT COUNT(*) FROM (
        SELECT * FROM (
            SELECT DISTINCT ON (tr.id)
                tr.id,
                tr.truck_id,
                tr.user_id,
                tr.truck_number,
                tr.truck_type,
                tr.capacity,
                tr.origin_name,
                tr.origin,
                tr.current_location,
                tr.available_date,
                tr.status,
                tr.created_at,
                tr.expires_at,
                ST_Distance(tr.origin_location, ST_GeogFromText(:origin_point::text)) / 1000.0 AS origin_distance_km,
                d.id AS matched_destination_id,
                d.destination AS matched_destination,
                ST_Distance(d.destination_location, ST_GeogFromText(:dest_point::text)) / 1000.0 AS destination_distance_km
            FROM truck_routes tr
            JOIN truck_route_destinations d ON d.truck_route_id = tr.id
            WHERE tr.status IN ('available', 'active')
              AND tr.available_date >= $1
              AND tr.expires_at > NOW()
              AND ST_DWithin(tr.origin_location, ST_GeogFromText(:origin_point::text), $2)
              
              AND tr.truck_type = $3
              
            ORDER BY tr.id, ST_Distance(d.destination_location, ST_GeogFromText(:dest_point::text)), d.position
        ) matched
        ORDER BY origin_distance_km
        LIMIT $4
    ) capped]
[parameters: (datetime.date(2026, 7, 14), 150000.0, 'Container', 1000)]
(Background on this error at: https://sqlalche.me/e/20/f405)
2026-07-14 13:34:41 | ERROR    | convoy | Error in search_trucks: (sqlalchemy.dialects.postgresql.asyncpg.ProgrammingError) <class 'asyncpg.exceptions.PostgresSyntaxError'>: syntax error at or near ":"
[SQL: SELECT COUNT(*) FROM (
        SELECT * FROM (
            SELECT DISTINCT ON (tr.id)
                tr.id,
                tr.truck_id,
                tr.user_id,
                tr.truck_number,
                tr.truck_type,
                tr.capacity,
                tr.origin_name,
                tr.origin,
                tr.current_location,
                tr.available_date,
                tr.status,
                tr.created_at,
                tr.expires_at,
                ST_Distance(tr.origin_location, ST_GeogFromText(:origin_point::text)) / 1000.0 AS origin_distance_km,
                d.id AS matched_destination_id,
                d.destination AS matched_destination,
                ST_Distance(d.destination_location, ST_GeogFromText(:dest_point::text)) / 1000.0 AS destination_distance_km
            FROM truck_routes tr
            JOIN truck_route_destinations d ON d.truck_route_id = tr.id
            WHERE tr.status IN ('available', 'active')
              AND tr.available_date >= $1
              AND tr.expires_at > NOW()
              
              AND ST_DWithin(d.destination_location, ST_GeogFromText(:dest_point::text), $2)
              AND tr.truck_type = $3
              
            ORDER BY tr.id, ST_Distance(d.destination_location, ST_GeogFromText(:dest_point::text)), d.position
        ) matched
        ORDER BY destination_distance_km
        LIMIT $4
    ) capped]
[parameters: (datetime.date(2026, 7, 14), 150000.0, 'Container', 1000)]
(Background on this error at: https://sqlalche.me/e/20/f405)
2026-07-14 13:34:53 | ERROR    | convoy | Error in search_trucks: (sqlalchemy.dialects.postgresql.asyncpg.ProgrammingError) <class 'asyncpg.exceptions.PostgresSyntaxError'>: syntax error at or near ":"
[SQL: SELECT COUNT(*) FROM (
        SELECT * FROM (
            SELECT DISTINCT ON (tr.id)
                tr.id,
                tr.truck_id,
                tr.user_id,
                tr.truck_number,
                tr.truck_type,
                tr.capacity,
                tr.origin_name,
                tr.origin,
                tr.current_location,
                tr.available_date,
                tr.status,
                tr.created_at,
                tr.expires_at,
                ST_Distance(tr.origin_location, ST_GeogFromText(:origin_point::text)) / 1000.0 AS origin_distance_km,
                d.id AS matched_destination_id,
                d.destination AS matched_destination,
                ST_Distance(d.destination_location, ST_GeogFromText(:dest_point::text)) / 1000.0 AS destination_distance_km
            FROM truck_routes tr
            JOIN truck_route_destinations d ON d.truck_route_id = tr.id
            WHERE tr.status IN ('available', 'active')
              AND tr.available_date >= $1
              AND tr.expires_at > NOW()
              AND ST_DWithin(tr.origin_location, ST_GeogFromText(:origin_point::text), $2)
              AND ST_DWithin(d.destination_location, ST_GeogFromText(:dest_point::text), $2)
              AND tr.truck_type = $3
              
            ORDER BY tr.id, ST_Distance(d.destination_location, ST_GeogFromText(:dest_point::text)), d.position
        ) matched
        ORDER BY origin_distance_km + destination_distance_km
        LIMIT $4
    ) capped]
[parameters: (datetime.date(2026, 7, 14), 150000.0, 'Container', 1000)]
(Background on this error at: https://sqlalche.me/e/20/f405)
2026-07-14 14:28:50 | ERROR    | convoy | Cashfree send OTP failed: IP not whitelisted. Your current ip is 122.162.147.87. For IP whitelisting assistance, visit our guide at https://www.cashfree.com/docs/secure-id/get-started/integration/ip-whitelisting-verification.
2026-07-14 15:35:53 | ERROR    | convoy | Cashfree send OTP failed: IP not whitelisted. Your current ip is 122.162.147.87. For IP whitelisting assistance, visit our guide at https://www.cashfree.com/docs/secure-id/get-started/integration/ip-whitelisting-verification.
2026-07-14 16:34:30 | ERROR    | convoy | ULIP vehicle verification failed: HTTPSConnectionPool(host='www.ulip.dpiit.gov.in', port=443): Read timed out. (read timeout=30)
2026-07-14 16:35:26 | ERROR    | convoy | Error in remove_vehicle: badly formed hexadecimal UUID string
2026-07-14 18:23:19 | ERROR    | convoy | Post expiry job failed: (sqlalchemy.dialects.postgresql.asyncpg.Error) <class 'asyncpg.exceptions.ConnectionDoesNotExistError'>: connection was closed in the middle of operation
[SQL: UPDATE truck_routes SET status=$1::VARCHAR WHERE truck_routes.status IN ($3::VARCHAR, $4::VARCHAR) AND truck_routes.expires_at <= $2::TIMESTAMP WITHOUT TIME ZONE]
[parameters: ('expired', datetime.datetime(2026, 7, 14, 12, 45, 33, 198316), 'available', 'active')]
(Background on this error at: https://sqlalche.me/e/20/dbapi)
OSError: [Errno 49] Can't assign requested address

The above exception was the direct cause of the following exception:

Traceback (most recent call last):
  File "/Users/ankit/Documents/sharkship-others/convoy_prod/.venv/lib/python3.14/site-packages/sqlalchemy/dialects/postgresql/asyncpg.py", line 848, in _start_transaction
    await self._transaction.start()
  File "/Users/ankit/Documents/sharkship-others/convoy_prod/.venv/lib/python3.14/site-packages/asyncpg/transaction.py", line 146, in start
    await self._connection.execute(query)
  File "/Users/ankit/Documents/sharkship-others/convoy_prod/.venv/lib/python3.14/site-packages/asyncpg/connection.py", line 354, in execute
    result = await self._protocol.query(query, timeout)
             ^^^^^^^^^^^^^^^^^^^^^^^^^^^^^^^^^^^^^^^^^^
  File "asyncpg/protocol/protocol.pyx", line 369, in query
asyncpg.exceptions.ConnectionDoesNotExistError: connection was closed in the middle of operation

The above exception was the direct cause of the following exception:

Traceback (most recent call last):
  File "/Users/ankit/Documents/sharkship-others/convoy_prod/.venv/lib/python3.14/site-packages/sqlalchemy/engine/base.py", line 1969, in _exec_single_context
    self.dialect.do_execute(
    ~~~~~~~~~~~~~~~~~~~~~~~^
        cursor, str_statement, effective_parameters, context
        ^^^^^^^^^^^^^^^^^^^^^^^^^^^^^^^^^^^^^^^^^^^^^^^^^^^^
    )
    ^
  File "/Users/ankit/Documents/sharkship-others/convoy_prod/.venv/lib/python3.14/site-packages/sqlalchemy/engine/default.py", line 952, in do_execute
    cursor.execute(statement, parameters)
    ~~~~~~~~~~~~~~^^^^^^^^^^^^^^^^^^^^^^^
  File "/Users/ankit/Documents/sharkship-others/convoy_prod/.venv/lib/python3.14/site-packages/sqlalchemy/dialects/postgresql/asyncpg.py", line 585, in execute
    self._adapt_connection.await_(
    ~~~~~~~~~~~~~~~~~~~~~~~~~~~~~^
        self._prepare_and_execute(operation, parameters)
        ^^^^^^^^^^^^^^^^^^^^^^^^^^^^^^^^^^^^^^^^^^^^^^^^
    )
    ^
  File "/Users/ankit/Documents/sharkship-others/convoy_prod/.venv/lib/python3.14/site-packages/sqlalchemy/util/_concurrency_py3k.py", line 132, in await_only
    return current.parent.switch(awaitable)  # type: ignore[no-any-return,attr-defined] # noqa: E501
           ~~~~~~~~~~~~~~~~~~~~~^^^^^^^^^^^
  File "/Users/ankit/Documents/sharkship-others/convoy_prod/.venv/lib/python3.14/site-packages/sqlalchemy/util/_concurrency_py3k.py", line 196, in greenlet_spawn
    value = await result
            ^^^^^^^^^^^^
  File "/Users/ankit/Documents/sharkship-others/convoy_prod/.venv/lib/python3.14/site-packages/sqlalchemy/dialects/postgresql/asyncpg.py", line 520, in _prepare_and_execute
    await adapt_connection._start_transaction()
  File "/Users/ankit/Documents/sharkship-others/convoy_prod/.venv/lib/python3.14/site-packages/sqlalchemy/dialects/postgresql/asyncpg.py", line 850, in _start_transaction
    self._handle_exception(error)
    ~~~~~~~~~~~~~~~~~~~~~~^^^^^^^
  File "/Users/ankit/Documents/sharkship-others/convoy_prod/.venv/lib/python3.14/site-packages/sqlalchemy/dialects/postgresql/asyncpg.py", line 797, in _handle_exception
    raise translated_error from error
sqlalchemy.dialects.postgresql.asyncpg.AsyncAdapt_asyncpg_dbapi.Error: <class 'asyncpg.exceptions.ConnectionDoesNotExistError'>: connection was closed in the middle of operation

The above exception was the direct cause of the following exception:

Traceback (most recent call last):
  File "/Users/ankit/Documents/sharkship-others/convoy_prod/services/post_expiry.py", line 56, in run_post_expiry_loop
    count = await expire_overdue_posts(session)
            ^^^^^^^^^^^^^^^^^^^^^^^^^^^^^^^^^^^
  File "/Users/ankit/Documents/sharkship-others/convoy_prod/services/post_expiry.py", line 37, in expire_overdue_posts
    result = await session.execute(
             ^^^^^^^^^^^^^^^^^^^^^^
    ...<6 lines>...
    )
    ^
  File "/Users/ankit/Documents/sharkship-others/convoy_prod/.venv/lib/python3.14/site-packages/sqlalchemy/ext/asyncio/session.py", line 448, in execute
    result = await greenlet_spawn(
             ^^^^^^^^^^^^^^^^^^^^^
    ...<6 lines>...
    )
    ^
  File "/Users/ankit/Documents/sharkship-others/convoy_prod/.venv/lib/python3.14/site-packages/sqlalchemy/util/_concurrency_py3k.py", line 203, in greenlet_spawn
    result = context.switch(value)
  File "/Users/ankit/Documents/sharkship-others/convoy_prod/.venv/lib/python3.14/site-packages/sqlalchemy/orm/session.py", line 2373, in execute
    return self._execute_internal(
           ~~~~~~~~~~~~~~~~~~~~~~^
        statement,
        ^^^^^^^^^^
    ...<4 lines>...
        _add_event=_add_event,
        ^^^^^^^^^^^^^^^^^^^^^^
    )
    ^
  File "/Users/ankit/Documents/sharkship-others/convoy_prod/.venv/lib/python3.14/site-packages/sqlalchemy/orm/session.py", line 2271, in _execute_internal
    result: Result[Any] = compile_state_cls.orm_execute_statement(
                          ~~~~~~~~~~~~~~~~~~~~~~~~~~~~~~~~~~~~~~~^
        self,
        ^^^^^
    ...<4 lines>...
        conn,
        ^^^^^
    )
    ^
  File "/Users/ankit/Documents/sharkship-others/convoy_prod/.venv/lib/python3.14/site-packages/sqlalchemy/orm/bulk_persistence.py", line 1660, in orm_execute_statement
    return super().orm_execute_statement(
           ~~~~~~~~~~~~~~~~~~~~~~~~~~~~~^
        session,
        ^^^^^^^^
    ...<4 lines>...
        conn,
        ^^^^^
    )
    ^
  File "/Users/ankit/Documents/sharkship-others/convoy_prod/.venv/lib/python3.14/site-packages/sqlalchemy/orm/context.py", line 306, in orm_execute_statement
    result = conn.execute(
        statement, params or {}, execution_options=execution_options
    )
  File "/Users/ankit/Documents/sharkship-others/convoy_prod/.venv/lib/python3.14/site-packages/sqlalchemy/engine/base.py", line 1421, in execute
    return meth(
        self,
        distilled_parameters,
        execution_options or NO_OPTIONS,
    )
  File "/Users/ankit/Documents/sharkship-others/convoy_prod/.venv/lib/python3.14/site-packages/sqlalchemy/sql/elements.py", line 526, in _execute_on_connection
    return connection._execute_clauseelement(
           ~~~~~~~~~~~~~~~~~~~~~~~~~~~~~~~~~^
        self, distilled_params, execution_options
        ^^^^^^^^^^^^^^^^^^^^^^^^^^^^^^^^^^^^^^^^^
    )
    ^
  File "/Users/ankit/Documents/sharkship-others/convoy_prod/.venv/lib/python3.14/site-packages/sqlalchemy/engine/base.py", line 1643, in _execute_clauseelement
    ret = self._execute_context(
        dialect,
    ...<8 lines>...
        cache_hit=cache_hit,
    )
  File "/Users/ankit/Documents/sharkship-others/convoy_prod/.venv/lib/python3.14/site-packages/sqlalchemy/engine/base.py", line 1848, in _execute_context
    return self._exec_single_context(
           ~~~~~~~~~~~~~~~~~~~~~~~~~^
        dialect, context, statement, parameters
        ^^^^^^^^^^^^^^^^^^^^^^^^^^^^^^^^^^^^^^^
    )
    ^
  File "/Users/ankit/Documents/sharkship-others/convoy_prod/.venv/lib/python3.14/site-packages/sqlalchemy/engine/base.py", line 1988, in _exec_single_context
    self._handle_dbapi_exception(
    ~~~~~~~~~~~~~~~~~~~~~~~~~~~~^
        e, str_statement, effective_parameters, cursor, context
        ^^^^^^^^^^^^^^^^^^^^^^^^^^^^^^^^^^^^^^^^^^^^^^^^^^^^^^^
    )
    ^
  File "/Users/ankit/Documents/sharkship-others/convoy_prod/.venv/lib/python3.14/site-packages/sqlalchemy/engine/base.py", line 2365, in _handle_dbapi_exception
    raise sqlalchemy_exception.with_traceback(exc_info[2]) from e
  File "/Users/ankit/Documents/sharkship-others/convoy_prod/.venv/lib/python3.14/site-packages/sqlalchemy/engine/base.py", line 1969, in _exec_single_context
    self.dialect.do_execute(
    ~~~~~~~~~~~~~~~~~~~~~~~^
        cursor, str_statement, effective_parameters, context
        ^^^^^^^^^^^^^^^^^^^^^^^^^^^^^^^^^^^^^^^^^^^^^^^^^^^^
    )
    ^
  File "/Users/ankit/Documents/sharkship-others/convoy_prod/.venv/lib/python3.14/site-packages/sqlalchemy/engine/default.py", line 952, in do_execute
    cursor.execute(statement, parameters)
    ~~~~~~~~~~~~~~^^^^^^^^^^^^^^^^^^^^^^^
  File "/Users/ankit/Documents/sharkship-others/convoy_prod/.venv/lib/python3.14/site-packages/sqlalchemy/dialects/postgresql/asyncpg.py", line 585, in execute
    self._adapt_connection.await_(
    ~~~~~~~~~~~~~~~~~~~~~~~~~~~~~^
        self._prepare_and_execute(operation, parameters)
        ^^^^^^^^^^^^^^^^^^^^^^^^^^^^^^^^^^^^^^^^^^^^^^^^
    )
    ^
  File "/Users/ankit/Documents/sharkship-others/convoy_prod/.venv/lib/python3.14/site-packages/sqlalchemy/util/_concurrency_py3k.py", line 132, in await_only
    return current.parent.switch(awaitable)  # type: ignore[no-any-return,attr-defined] # noqa: E501
           ~~~~~~~~~~~~~~~~~~~~~^^^^^^^^^^^
  File "/Users/ankit/Documents/sharkship-others/convoy_prod/.venv/lib/python3.14/site-packages/sqlalchemy/util/_concurrency_py3k.py", line 196, in greenlet_spawn
    value = await result
            ^^^^^^^^^^^^
  File "/Users/ankit/Documents/sharkship-others/convoy_prod/.venv/lib/python3.14/site-packages/sqlalchemy/dialects/postgresql/asyncpg.py", line 520, in _prepare_and_execute
    await adapt_connection._start_transaction()
  File "/Users/ankit/Documents/sharkship-others/convoy_prod/.venv/lib/python3.14/site-packages/sqlalchemy/dialects/postgresql/asyncpg.py", line 850, in _start_transaction
    self._handle_exception(error)
    ~~~~~~~~~~~~~~~~~~~~~~^^^^^^^
  File "/Users/ankit/Documents/sharkship-others/convoy_prod/.venv/lib/python3.14/site-packages/sqlalchemy/dialects/postgresql/asyncpg.py", line 797, in _handle_exception
    raise translated_error from error
sqlalchemy.exc.DBAPIError: (sqlalchemy.dialects.postgresql.asyncpg.Error) <class 'asyncpg.exceptions.ConnectionDoesNotExistError'>: connection was closed in the middle of operation
[SQL: UPDATE truck_routes SET status=$1::VARCHAR WHERE truck_routes.status IN ($3::VARCHAR, $4::VARCHAR) AND truck_routes.expires_at <= $2::TIMESTAMP WITHOUT TIME ZONE]
[parameters: ('expired', datetime.datetime(2026, 7, 14, 12, 45, 33, 198316), 'available', 'active')]
(Background on this error at: https://sqlalche.me/e/20/dbapi)
2026-07-14 18:39:50 | ERROR    | asyncio | Future exception was never retrieved
future: <Future finished exception=gaierror(8, 'nodename nor servname provided, or not known')>
socket.gaierror: [Errno 8] nodename nor servname provided, or not known
2026-07-14 18:39:50 | ERROR    | convoy | Post expiry job failed: [Errno 8] nodename nor servname provided, or not known
Traceback (most recent call last):
  File "/Users/ankit/Documents/sharkship-others/convoy_prod/services/post_expiry.py", line 56, in run_post_expiry_loop
    count = await expire_overdue_posts(session)
            ^^^^^^^^^^^^^^^^^^^^^^^^^^^^^^^^^^^
  File "/Users/ankit/Documents/sharkship-others/convoy_prod/services/post_expiry.py", line 37, in expire_overdue_posts
    result = await session.execute(
             ^^^^^^^^^^^^^^^^^^^^^^
    ...<6 lines>...
    )
    ^
  File "/Users/ankit/Documents/sharkship-others/convoy_prod/.venv/lib/python3.14/site-packages/sqlalchemy/ext/asyncio/session.py", line 448, in execute
    result = await greenlet_spawn(
             ^^^^^^^^^^^^^^^^^^^^^
    ...<6 lines>...
    )
    ^
  File "/Users/ankit/Documents/sharkship-others/convoy_prod/.venv/lib/python3.14/site-packages/sqlalchemy/util/_concurrency_py3k.py", line 201, in greenlet_spawn
    result = context.throw(*sys.exc_info())
  File "/Users/ankit/Documents/sharkship-others/convoy_prod/.venv/lib/python3.14/site-packages/sqlalchemy/orm/session.py", line 2373, in execute
    return self._execute_internal(
           ~~~~~~~~~~~~~~~~~~~~~~^
        statement,
        ^^^^^^^^^^
    ...<4 lines>...
        _add_event=_add_event,
        ^^^^^^^^^^^^^^^^^^^^^^
    )
    ^
  File "/Users/ankit/Documents/sharkship-others/convoy_prod/.venv/lib/python3.14/site-packages/sqlalchemy/orm/session.py", line 2261, in _execute_internal
    conn = self._connection_for_bind(bind)
  File "/Users/ankit/Documents/sharkship-others/convoy_prod/.venv/lib/python3.14/site-packages/sqlalchemy/orm/session.py", line 2113, in _connection_for_bind
    return trans._connection_for_bind(engine, execution_options)
           ~~~~~~~~~~~~~~~~~~~~~~~~~~^^^^^^^^^^^^^^^^^^^^^^^^^^^
  File "<string>", line 2, in _connection_for_bind
  File "/Users/ankit/Documents/sharkship-others/convoy_prod/.venv/lib/python3.14/site-packages/sqlalchemy/orm/state_changes.py", line 137, in _go
    ret_value = fn(self, *arg, **kw)
  File "/Users/ankit/Documents/sharkship-others/convoy_prod/.venv/lib/python3.14/site-packages/sqlalchemy/orm/session.py", line 1191, in _connection_for_bind
    conn = bind.connect()
  File "/Users/ankit/Documents/sharkship-others/convoy_prod/.venv/lib/python3.14/site-packages/sqlalchemy/engine/base.py", line 3295, in connect
    return self._connection_cls(self)
           ~~~~~~~~~~~~~~~~~~~~^^^^^^
  File "/Users/ankit/Documents/sharkship-others/convoy_prod/.venv/lib/python3.14/site-packages/sqlalchemy/engine/base.py", line 144, in __init__
    self._dbapi_connection = engine.raw_connection()
                             ~~~~~~~~~~~~~~~~~~~~~^^
  File "/Users/ankit/Documents/sharkship-others/convoy_prod/.venv/lib/python3.14/site-packages/sqlalchemy/engine/base.py", line 3319, in raw_connection
    return self.pool.connect()
           ~~~~~~~~~~~~~~~~~^^
  File "/Users/ankit/Documents/sharkship-others/convoy_prod/.venv/lib/python3.14/site-packages/sqlalchemy/pool/base.py", line 448, in connect
    return _ConnectionFairy._checkout(self)
           ~~~~~~~~~~~~~~~~~~~~~~~~~~^^^^^^
  File "/Users/ankit/Documents/sharkship-others/convoy_prod/.venv/lib/python3.14/site-packages/sqlalchemy/pool/base.py", line 1272, in _checkout
    fairy = _ConnectionRecord.checkout(pool)
  File "/Users/ankit/Documents/sharkship-others/convoy_prod/.venv/lib/python3.14/site-packages/sqlalchemy/pool/base.py", line 717, in checkout
    with util.safe_reraise():
         ~~~~~~~~~~~~~~~~~^^
  File "/Users/ankit/Documents/sharkship-others/convoy_prod/.venv/lib/python3.14/site-packages/sqlalchemy/util/langhelpers.py", line 122, in __exit__
    raise exc_value.with_traceback(exc_tb)
  File "/Users/ankit/Documents/sharkship-others/convoy_prod/.venv/lib/python3.14/site-packages/sqlalchemy/pool/base.py", line 715, in checkout
    dbapi_connection = rec.get_connection()
  File "/Users/ankit/Documents/sharkship-others/convoy_prod/.venv/lib/python3.14/site-packages/sqlalchemy/pool/base.py", line 866, in get_connection
    self.__connect()
    ~~~~~~~~~~~~~~^^
  File "/Users/ankit/Documents/sharkship-others/convoy_prod/.venv/lib/python3.14/site-packages/sqlalchemy/pool/base.py", line 900, in __connect
    with util.safe_reraise():
         ~~~~~~~~~~~~~~~~~^^
  File "/Users/ankit/Documents/sharkship-others/convoy_prod/.venv/lib/python3.14/site-packages/sqlalchemy/util/langhelpers.py", line 122, in __exit__
    raise exc_value.with_traceback(exc_tb)
  File "/Users/ankit/Documents/sharkship-others/convoy_prod/.venv/lib/python3.14/site-packages/sqlalchemy/pool/base.py", line 896, in __connect
    self.dbapi_connection = connection = pool._invoke_creator(self)
                                         ~~~~~~~~~~~~~~~~~~~~^^^^^^
  File "/Users/ankit/Documents/sharkship-others/convoy_prod/.venv/lib/python3.14/site-packages/sqlalchemy/engine/create.py", line 667, in connect
    return dialect.connect(*cargs_tup, **cparams)
           ~~~~~~~~~~~~~~~^^^^^^^^^^^^^^^^^^^^^^^
  File "/Users/ankit/Documents/sharkship-others/convoy_prod/.venv/lib/python3.14/site-packages/sqlalchemy/engine/default.py", line 630, in connect
    return self.loaded_dbapi.connect(*cargs, **cparams)  # type: ignore[no-any-return]  # NOQA: E501
           ~~~~~~~~~~~~~~~~~~~~~~~~~^^^^^^^^^^^^^^^^^^^
  File "/Users/ankit/Documents/sharkship-others/convoy_prod/.venv/lib/python3.14/site-packages/sqlalchemy/dialects/postgresql/asyncpg.py", line 955, in connect
    await_only(creator_fn(*arg, **kw)),
    ~~~~~~~~~~^^^^^^^^^^^^^^^^^^^^^^^^
  File "/Users/ankit/Documents/sharkship-others/convoy_prod/.venv/lib/python3.14/site-packages/sqlalchemy/util/_concurrency_py3k.py", line 132, in await_only
    return current.parent.switch(awaitable)  # type: ignore[no-any-return,attr-defined] # noqa: E501
           ~~~~~~~~~~~~~~~~~~~~~^^^^^^^^^^^
  File "/Users/ankit/Documents/sharkship-others/convoy_prod/.venv/lib/python3.14/site-packages/sqlalchemy/util/_concurrency_py3k.py", line 196, in greenlet_spawn
    value = await result
            ^^^^^^^^^^^^
  File "/Users/ankit/Documents/sharkship-others/convoy_prod/.venv/lib/python3.14/site-packages/asyncpg/connection.py", line 2443, in connect
    return await connect_utils._connect(
           ^^^^^^^^^^^^^^^^^^^^^^^^^^^^^
    ...<22 lines>...
    )
    ^
  File "/Users/ankit/Documents/sharkship-others/convoy_prod/.venv/lib/python3.14/site-packages/asyncpg/connect_utils.py", line 1249, in _connect
    raise last_error or exceptions.TargetServerAttributeNotMatched(
    ...<2 lines>...
    )
  File "/Users/ankit/Documents/sharkship-others/convoy_prod/.venv/lib/python3.14/site-packages/asyncpg/connect_utils.py", line 1218, in _connect
    conn = await _connect_addr(
           ^^^^^^^^^^^^^^^^^^^^
    ...<6 lines>...
    )
    ^
  File "/Users/ankit/Documents/sharkship-others/convoy_prod/.venv/lib/python3.14/site-packages/asyncpg/connect_utils.py", line 1054, in _connect_addr
    return await __connect_addr(params, True, *args)
           ^^^^^^^^^^^^^^^^^^^^^^^^^^^^^^^^^^^^^^^^^
  File "/Users/ankit/Documents/sharkship-others/convoy_prod/.venv/lib/python3.14/site-packages/asyncpg/connect_utils.py", line 1099, in __connect_addr
    tr, pr = await connector
             ^^^^^^^^^^^^^^^
  File "/Users/ankit/Documents/sharkship-others/convoy_prod/.venv/lib/python3.14/site-packages/asyncpg/connect_utils.py", line 969, in _create_ssl_connection
    tr, pr = await loop.create_connection(
             ^^^^^^^^^^^^^^^^^^^^^^^^^^^^^
    ...<2 lines>...
        host, port)
        ^^^^^^^^^^^
  File "uvloop/loop.pyx", line 1982, in create_connection
socket.gaierror: [Errno 8] nodename nor servname provided, or not known
2026-07-14 21:15:46 | ERROR    | convoy | Post expiry job failed: (sqlalchemy.dialects.postgresql.asyncpg.Error) <class 'asyncpg.exceptions.ConnectionDoesNotExistError'>: connection was closed in the middle of operation
[SQL: UPDATE truck_routes SET status=$1::VARCHAR WHERE truck_routes.status IN ($3::VARCHAR, $4::VARCHAR) AND truck_routes.expires_at <= $2::TIMESTAMP WITHOUT TIME ZONE]
[parameters: ('expired', datetime.datetime(2026, 7, 14, 15, 45, 26, 679258), 'available', 'active')]
(Background on this error at: https://sqlalche.me/e/20/dbapi)
TimeoutError: [Errno 60] Operation timed out

The above exception was the direct cause of the following exception:

Traceback (most recent call last):
  File "/Users/ankit/Documents/sharkship-others/convoy_prod/.venv/lib/python3.14/site-packages/sqlalchemy/dialects/postgresql/asyncpg.py", line 848, in _start_transaction
    await self._transaction.start()
  File "/Users/ankit/Documents/sharkship-others/convoy_prod/.venv/lib/python3.14/site-packages/asyncpg/transaction.py", line 146, in start
    await self._connection.execute(query)
  File "/Users/ankit/Documents/sharkship-others/convoy_prod/.venv/lib/python3.14/site-packages/asyncpg/connection.py", line 354, in execute
    result = await self._protocol.query(query, timeout)
             ^^^^^^^^^^^^^^^^^^^^^^^^^^^^^^^^^^^^^^^^^^
  File "asyncpg/protocol/protocol.pyx", line 369, in query
asyncpg.exceptions.ConnectionDoesNotExistError: connection was closed in the middle of operation

The above exception was the direct cause of the following exception:

Traceback (most recent call last):
  File "/Users/ankit/Documents/sharkship-others/convoy_prod/.venv/lib/python3.14/site-packages/sqlalchemy/engine/base.py", line 1969, in _exec_single_context
    self.dialect.do_execute(
    ~~~~~~~~~~~~~~~~~~~~~~~^
        cursor, str_statement, effective_parameters, context
        ^^^^^^^^^^^^^^^^^^^^^^^^^^^^^^^^^^^^^^^^^^^^^^^^^^^^
    )
    ^
  File "/Users/ankit/Documents/sharkship-others/convoy_prod/.venv/lib/python3.14/site-packages/sqlalchemy/engine/default.py", line 952, in do_execute
    cursor.execute(statement, parameters)
    ~~~~~~~~~~~~~~^^^^^^^^^^^^^^^^^^^^^^^
  File "/Users/ankit/Documents/sharkship-others/convoy_prod/.venv/lib/python3.14/site-packages/sqlalchemy/dialects/postgresql/asyncpg.py", line 585, in execute
    self._adapt_connection.await_(
    ~~~~~~~~~~~~~~~~~~~~~~~~~~~~~^
        self._prepare_and_execute(operation, parameters)
        ^^^^^^^^^^^^^^^^^^^^^^^^^^^^^^^^^^^^^^^^^^^^^^^^
    )
    ^
  File "/Users/ankit/Documents/sharkship-others/convoy_prod/.venv/lib/python3.14/site-packages/sqlalchemy/util/_concurrency_py3k.py", line 132, in await_only
    return current.parent.switch(awaitable)  # type: ignore[no-any-return,attr-defined] # noqa: E501
           ~~~~~~~~~~~~~~~~~~~~~^^^^^^^^^^^
  File "/Users/ankit/Documents/sharkship-others/convoy_prod/.venv/lib/python3.14/site-packages/sqlalchemy/util/_concurrency_py3k.py", line 196, in greenlet_spawn
    value = await result
            ^^^^^^^^^^^^
  File "/Users/ankit/Documents/sharkship-others/convoy_prod/.venv/lib/python3.14/site-packages/sqlalchemy/dialects/postgresql/asyncpg.py", line 520, in _prepare_and_execute
    await adapt_connection._start_transaction()
  File "/Users/ankit/Documents/sharkship-others/convoy_prod/.venv/lib/python3.14/site-packages/sqlalchemy/dialects/postgresql/asyncpg.py", line 850, in _start_transaction
    self._handle_exception(error)
    ~~~~~~~~~~~~~~~~~~~~~~^^^^^^^
  File "/Users/ankit/Documents/sharkship-others/convoy_prod/.venv/lib/python3.14/site-packages/sqlalchemy/dialects/postgresql/asyncpg.py", line 797, in _handle_exception
    raise translated_error from error
sqlalchemy.dialects.postgresql.asyncpg.AsyncAdapt_asyncpg_dbapi.Error: <class 'asyncpg.exceptions.ConnectionDoesNotExistError'>: connection was closed in the middle of operation

The above exception was the direct cause of the following exception:

Traceback (most recent call last):
  File "/Users/ankit/Documents/sharkship-others/convoy_prod/services/post_expiry.py", line 56, in run_post_expiry_loop
    count = await expire_overdue_posts(session)
            ^^^^^^^^^^^^^^^^^^^^^^^^^^^^^^^^^^^
  File "/Users/ankit/Documents/sharkship-others/convoy_prod/services/post_expiry.py", line 37, in expire_overdue_posts
    result = await session.execute(
             ^^^^^^^^^^^^^^^^^^^^^^
    ...<6 lines>...
    )
    ^
  File "/Users/ankit/Documents/sharkship-others/convoy_prod/.venv/lib/python3.14/site-packages/sqlalchemy/ext/asyncio/session.py", line 448, in execute
    result = await greenlet_spawn(
             ^^^^^^^^^^^^^^^^^^^^^
    ...<6 lines>...
    )
    ^
  File "/Users/ankit/Documents/sharkship-others/convoy_prod/.venv/lib/python3.14/site-packages/sqlalchemy/util/_concurrency_py3k.py", line 203, in greenlet_spawn
    result = context.switch(value)
  File "/Users/ankit/Documents/sharkship-others/convoy_prod/.venv/lib/python3.14/site-packages/sqlalchemy/orm/session.py", line 2373, in execute
    return self._execute_internal(
           ~~~~~~~~~~~~~~~~~~~~~~^
        statement,
        ^^^^^^^^^^
    ...<4 lines>...
        _add_event=_add_event,
        ^^^^^^^^^^^^^^^^^^^^^^
    )
    ^
  File "/Users/ankit/Documents/sharkship-others/convoy_prod/.venv/lib/python3.14/site-packages/sqlalchemy/orm/session.py", line 2271, in _execute_internal
    result: Result[Any] = compile_state_cls.orm_execute_statement(
                          ~~~~~~~~~~~~~~~~~~~~~~~~~~~~~~~~~~~~~~~^
        self,
        ^^^^^
    ...<4 lines>...
        conn,
        ^^^^^
    )
    ^
  File "/Users/ankit/Documents/sharkship-others/convoy_prod/.venv/lib/python3.14/site-packages/sqlalchemy/orm/bulk_persistence.py", line 1660, in orm_execute_statement
    return super().orm_execute_statement(
           ~~~~~~~~~~~~~~~~~~~~~~~~~~~~~^
        session,
        ^^^^^^^^
    ...<4 lines>...
        conn,
        ^^^^^
    )
    ^
  File "/Users/ankit/Documents/sharkship-others/convoy_prod/.venv/lib/python3.14/site-packages/sqlalchemy/orm/context.py", line 306, in orm_execute_statement
    result = conn.execute(
        statement, params or {}, execution_options=execution_options
    )
  File "/Users/ankit/Documents/sharkship-others/convoy_prod/.venv/lib/python3.14/site-packages/sqlalchemy/engine/base.py", line 1421, in execute
    return meth(
        self,
        distilled_parameters,
        execution_options or NO_OPTIONS,
    )
  File "/Users/ankit/Documents/sharkship-others/convoy_prod/.venv/lib/python3.14/site-packages/sqlalchemy/sql/elements.py", line 526, in _execute_on_connection
    return connection._execute_clauseelement(
           ~~~~~~~~~~~~~~~~~~~~~~~~~~~~~~~~~^
        self, distilled_params, execution_options
        ^^^^^^^^^^^^^^^^^^^^^^^^^^^^^^^^^^^^^^^^^
    )
    ^
  File "/Users/ankit/Documents/sharkship-others/convoy_prod/.venv/lib/python3.14/site-packages/sqlalchemy/engine/base.py", line 1643, in _execute_clauseelement
    ret = self._execute_context(
        dialect,
    ...<8 lines>...
        cache_hit=cache_hit,
    )
  File "/Users/ankit/Documents/sharkship-others/convoy_prod/.venv/lib/python3.14/site-packages/sqlalchemy/engine/base.py", line 1848, in _execute_context
    return self._exec_single_context(
           ~~~~~~~~~~~~~~~~~~~~~~~~~^
        dialect, context, statement, parameters
        ^^^^^^^^^^^^^^^^^^^^^^^^^^^^^^^^^^^^^^^
    )
    ^
  File "/Users/ankit/Documents/sharkship-others/convoy_prod/.venv/lib/python3.14/site-packages/sqlalchemy/engine/base.py", line 1988, in _exec_single_context
    self._handle_dbapi_exception(
    ~~~~~~~~~~~~~~~~~~~~~~~~~~~~^
        e, str_statement, effective_parameters, cursor, context
        ^^^^^^^^^^^^^^^^^^^^^^^^^^^^^^^^^^^^^^^^^^^^^^^^^^^^^^^
    )
    ^
  File "/Users/ankit/Documents/sharkship-others/convoy_prod/.venv/lib/python3.14/site-packages/sqlalchemy/engine/base.py", line 2365, in _handle_dbapi_exception
    raise sqlalchemy_exception.with_traceback(exc_info[2]) from e
  File "/Users/ankit/Documents/sharkship-others/convoy_prod/.venv/lib/python3.14/site-packages/sqlalchemy/engine/base.py", line 1969, in _exec_single_context
    self.dialect.do_execute(
    ~~~~~~~~~~~~~~~~~~~~~~~^
        cursor, str_statement, effective_parameters, context
        ^^^^^^^^^^^^^^^^^^^^^^^^^^^^^^^^^^^^^^^^^^^^^^^^^^^^
    )
    ^
  File "/Users/ankit/Documents/sharkship-others/convoy_prod/.venv/lib/python3.14/site-packages/sqlalchemy/engine/default.py", line 952, in do_execute
    cursor.execute(statement, parameters)
    ~~~~~~~~~~~~~~^^^^^^^^^^^^^^^^^^^^^^^
  File "/Users/ankit/Documents/sharkship-others/convoy_prod/.venv/lib/python3.14/site-packages/sqlalchemy/dialects/postgresql/asyncpg.py", line 585, in execute
    self._adapt_connection.await_(
    ~~~~~~~~~~~~~~~~~~~~~~~~~~~~~^
        self._prepare_and_execute(operation, parameters)
        ^^^^^^^^^^^^^^^^^^^^^^^^^^^^^^^^^^^^^^^^^^^^^^^^
    )
    ^
  File "/Users/ankit/Documents/sharkship-others/convoy_prod/.venv/lib/python3.14/site-packages/sqlalchemy/util/_concurrency_py3k.py", line 132, in await_only
    return current.parent.switch(awaitable)  # type: ignore[no-any-return,attr-defined] # noqa: E501
           ~~~~~~~~~~~~~~~~~~~~~^^^^^^^^^^^
  File "/Users/ankit/Documents/sharkship-others/convoy_prod/.venv/lib/python3.14/site-packages/sqlalchemy/util/_concurrency_py3k.py", line 196, in greenlet_spawn
    value = await result
            ^^^^^^^^^^^^
  File "/Users/ankit/Documents/sharkship-others/convoy_prod/.venv/lib/python3.14/site-packages/sqlalchemy/dialects/postgresql/asyncpg.py", line 520, in _prepare_and_execute
    await adapt_connection._start_transaction()
  File "/Users/ankit/Documents/sharkship-others/convoy_prod/.venv/lib/python3.14/site-packages/sqlalchemy/dialects/postgresql/asyncpg.py", line 850, in _start_transaction
    self._handle_exception(error)
    ~~~~~~~~~~~~~~~~~~~~~~^^^^^^^
  File "/Users/ankit/Documents/sharkship-others/convoy_prod/.venv/lib/python3.14/site-packages/sqlalchemy/dialects/postgresql/asyncpg.py", line 797, in _handle_exception
    raise translated_error from error
sqlalchemy.exc.DBAPIError: (sqlalchemy.dialects.postgresql.asyncpg.Error) <class 'asyncpg.exceptions.ConnectionDoesNotExistError'>: connection was closed in the middle of operation
[SQL: UPDATE truck_routes SET status=$1::VARCHAR WHERE truck_routes.status IN ($3::VARCHAR, $4::VARCHAR) AND truck_routes.expires_at <= $2::TIMESTAMP WITHOUT TIME ZONE]
[parameters: ('expired', datetime.datetime(2026, 7, 14, 15, 45, 26, 679258), 'available', 'active')]
(Background on this error at: https://sqlalche.me/e/20/dbapi)
2026-07-15 00:26:35 | ERROR    | convoy | Post expiry job failed: (sqlalchemy.dialects.postgresql.asyncpg.Error) <class 'asyncpg.exceptions.ConnectionDoesNotExistError'>: connection was closed in the middle of operation
[SQL: UPDATE truck_routes SET status=$1::VARCHAR WHERE truck_routes.status IN ($3::VARCHAR, $4::VARCHAR) AND truck_routes.expires_at <= $2::TIMESTAMP WITHOUT TIME ZONE]
[parameters: ('expired', datetime.datetime(2026, 7, 14, 18, 55, 52, 309030), 'available', 'active')]
(Background on this error at: https://sqlalche.me/e/20/dbapi)
TimeoutError: [Errno 60] Operation timed out

The above exception was the direct cause of the following exception:

Traceback (most recent call last):
  File "/Users/ankit/Documents/sharkship-others/convoy_prod/.venv/lib/python3.14/site-packages/sqlalchemy/dialects/postgresql/asyncpg.py", line 848, in _start_transaction
    await self._transaction.start()
  File "/Users/ankit/Documents/sharkship-others/convoy_prod/.venv/lib/python3.14/site-packages/asyncpg/transaction.py", line 146, in start
    await self._connection.execute(query)
  File "/Users/ankit/Documents/sharkship-others/convoy_prod/.venv/lib/python3.14/site-packages/asyncpg/connection.py", line 354, in execute
    result = await self._protocol.query(query, timeout)
             ^^^^^^^^^^^^^^^^^^^^^^^^^^^^^^^^^^^^^^^^^^
  File "asyncpg/protocol/protocol.pyx", line 369, in query
asyncpg.exceptions.ConnectionDoesNotExistError: connection was closed in the middle of operation

The above exception was the direct cause of the following exception:

Traceback (most recent call last):
  File "/Users/ankit/Documents/sharkship-others/convoy_prod/.venv/lib/python3.14/site-packages/sqlalchemy/engine/base.py", line 1969, in _exec_single_context
    self.dialect.do_execute(
    ~~~~~~~~~~~~~~~~~~~~~~~^
        cursor, str_statement, effective_parameters, context
        ^^^^^^^^^^^^^^^^^^^^^^^^^^^^^^^^^^^^^^^^^^^^^^^^^^^^
    )
    ^
  File "/Users/ankit/Documents/sharkship-others/convoy_prod/.venv/lib/python3.14/site-packages/sqlalchemy/engine/default.py", line 952, in do_execute
    cursor.execute(statement, parameters)
    ~~~~~~~~~~~~~~^^^^^^^^^^^^^^^^^^^^^^^
  File "/Users/ankit/Documents/sharkship-others/convoy_prod/.venv/lib/python3.14/site-packages/sqlalchemy/dialects/postgresql/asyncpg.py", line 585, in execute
    self._adapt_connection.await_(
    ~~~~~~~~~~~~~~~~~~~~~~~~~~~~~^
        self._prepare_and_execute(operation, parameters)
        ^^^^^^^^^^^^^^^^^^^^^^^^^^^^^^^^^^^^^^^^^^^^^^^^
    )
    ^
  File "/Users/ankit/Documents/sharkship-others/convoy_prod/.venv/lib/python3.14/site-packages/sqlalchemy/util/_concurrency_py3k.py", line 132, in await_only
    return current.parent.switch(awaitable)  # type: ignore[no-any-return,attr-defined] # noqa: E501
           ~~~~~~~~~~~~~~~~~~~~~^^^^^^^^^^^
  File "/Users/ankit/Documents/sharkship-others/convoy_prod/.venv/lib/python3.14/site-packages/sqlalchemy/util/_concurrency_py3k.py", line 196, in greenlet_spawn
    value = await result
            ^^^^^^^^^^^^
  File "/Users/ankit/Documents/sharkship-others/convoy_prod/.venv/lib/python3.14/site-packages/sqlalchemy/dialects/postgresql/asyncpg.py", line 520, in _prepare_and_execute
    await adapt_connection._start_transaction()
  File "/Users/ankit/Documents/sharkship-others/convoy_prod/.venv/lib/python3.14/site-packages/sqlalchemy/dialects/postgresql/asyncpg.py", line 850, in _start_transaction
    self._handle_exception(error)
    ~~~~~~~~~~~~~~~~~~~~~~^^^^^^^
  File "/Users/ankit/Documents/sharkship-others/convoy_prod/.venv/lib/python3.14/site-packages/sqlalchemy/dialects/postgresql/asyncpg.py", line 797, in _handle_exception
    raise translated_error from error
sqlalchemy.dialects.postgresql.asyncpg.AsyncAdapt_asyncpg_dbapi.Error: <class 'asyncpg.exceptions.ConnectionDoesNotExistError'>: connection was closed in the middle of operation

The above exception was the direct cause of the following exception:

Traceback (most recent call last):
  File "/Users/ankit/Documents/sharkship-others/convoy_prod/services/post_expiry.py", line 56, in run_post_expiry_loop
    count = await expire_overdue_posts(session)
            ^^^^^^^^^^^^^^^^^^^^^^^^^^^^^^^^^^^
  File "/Users/ankit/Documents/sharkship-others/convoy_prod/services/post_expiry.py", line 37, in expire_overdue_posts
    result = await session.execute(
             ^^^^^^^^^^^^^^^^^^^^^^
    ...<6 lines>...
    )
    ^
  File "/Users/ankit/Documents/sharkship-others/convoy_prod/.venv/lib/python3.14/site-packages/sqlalchemy/ext/asyncio/session.py", line 448, in execute
    result = await greenlet_spawn(
             ^^^^^^^^^^^^^^^^^^^^^
    ...<6 lines>...
    )
    ^
  File "/Users/ankit/Documents/sharkship-others/convoy_prod/.venv/lib/python3.14/site-packages/sqlalchemy/util/_concurrency_py3k.py", line 203, in greenlet_spawn
    result = context.switch(value)
  File "/Users/ankit/Documents/sharkship-others/convoy_prod/.venv/lib/python3.14/site-packages/sqlalchemy/orm/session.py", line 2373, in execute
    return self._execute_internal(
           ~~~~~~~~~~~~~~~~~~~~~~^
        statement,
        ^^^^^^^^^^
    ...<4 lines>...
        _add_event=_add_event,
        ^^^^^^^^^^^^^^^^^^^^^^
    )
    ^
  File "/Users/ankit/Documents/sharkship-others/convoy_prod/.venv/lib/python3.14/site-packages/sqlalchemy/orm/session.py", line 2271, in _execute_internal
    result: Result[Any] = compile_state_cls.orm_execute_statement(
                          ~~~~~~~~~~~~~~~~~~~~~~~~~~~~~~~~~~~~~~~^
        self,
        ^^^^^
    ...<4 lines>...
        conn,
        ^^^^^
    )
    ^
  File "/Users/ankit/Documents/sharkship-others/convoy_prod/.venv/lib/python3.14/site-packages/sqlalchemy/orm/bulk_persistence.py", line 1660, in orm_execute_statement
    return super().orm_execute_statement(
           ~~~~~~~~~~~~~~~~~~~~~~~~~~~~~^
        session,
        ^^^^^^^^
    ...<4 lines>...
        conn,
        ^^^^^
    )
    ^
  File "/Users/ankit/Documents/sharkship-others/convoy_prod/.venv/lib/python3.14/site-packages/sqlalchemy/orm/context.py", line 306, in orm_execute_statement
    result = conn.execute(
        statement, params or {}, execution_options=execution_options
    )
  File "/Users/ankit/Documents/sharkship-others/convoy_prod/.venv/lib/python3.14/site-packages/sqlalchemy/engine/base.py", line 1421, in execute
    return meth(
        self,
        distilled_parameters,
        execution_options or NO_OPTIONS,
    )
  File "/Users/ankit/Documents/sharkship-others/convoy_prod/.venv/lib/python3.14/site-packages/sqlalchemy/sql/elements.py", line 526, in _execute_on_connection
    return connection._execute_clauseelement(
           ~~~~~~~~~~~~~~~~~~~~~~~~~~~~~~~~~^
        self, distilled_params, execution_options
        ^^^^^^^^^^^^^^^^^^^^^^^^^^^^^^^^^^^^^^^^^
    )
    ^
  File "/Users/ankit/Documents/sharkship-others/convoy_prod/.venv/lib/python3.14/site-packages/sqlalchemy/engine/base.py", line 1643, in _execute_clauseelement
    ret = self._execute_context(
        dialect,
    ...<8 lines>...
        cache_hit=cache_hit,
    )
  File "/Users/ankit/Documents/sharkship-others/convoy_prod/.venv/lib/python3.14/site-packages/sqlalchemy/engine/base.py", line 1848, in _execute_context
    return self._exec_single_context(
           ~~~~~~~~~~~~~~~~~~~~~~~~~^
        dialect, context, statement, parameters
        ^^^^^^^^^^^^^^^^^^^^^^^^^^^^^^^^^^^^^^^
    )
    ^
  File "/Users/ankit/Documents/sharkship-others/convoy_prod/.venv/lib/python3.14/site-packages/sqlalchemy/engine/base.py", line 1988, in _exec_single_context
    self._handle_dbapi_exception(
    ~~~~~~~~~~~~~~~~~~~~~~~~~~~~^
        e, str_statement, effective_parameters, cursor, context
        ^^^^^^^^^^^^^^^^^^^^^^^^^^^^^^^^^^^^^^^^^^^^^^^^^^^^^^^
    )
    ^
  File "/Users/ankit/Documents/sharkship-others/convoy_prod/.venv/lib/python3.14/site-packages/sqlalchemy/engine/base.py", line 2365, in _handle_dbapi_exception
    raise sqlalchemy_exception.with_traceback(exc_info[2]) from e
  File "/Users/ankit/Documents/sharkship-others/convoy_prod/.venv/lib/python3.14/site-packages/sqlalchemy/engine/base.py", line 1969, in _exec_single_context
    self.dialect.do_execute(
    ~~~~~~~~~~~~~~~~~~~~~~~^
        cursor, str_statement, effective_parameters, context
        ^^^^^^^^^^^^^^^^^^^^^^^^^^^^^^^^^^^^^^^^^^^^^^^^^^^^
    )
    ^
  File "/Users/ankit/Documents/sharkship-others/convoy_prod/.venv/lib/python3.14/site-packages/sqlalchemy/engine/default.py", line 952, in do_execute
    cursor.execute(statement, parameters)
    ~~~~~~~~~~~~~~^^^^^^^^^^^^^^^^^^^^^^^
  File "/Users/ankit/Documents/sharkship-others/convoy_prod/.venv/lib/python3.14/site-packages/sqlalchemy/dialects/postgresql/asyncpg.py", line 585, in execute
    self._adapt_connection.await_(
    ~~~~~~~~~~~~~~~~~~~~~~~~~~~~~^
        self._prepare_and_execute(operation, parameters)
        ^^^^^^^^^^^^^^^^^^^^^^^^^^^^^^^^^^^^^^^^^^^^^^^^
    )
    ^
  File "/Users/ankit/Documents/sharkship-others/convoy_prod/.venv/lib/python3.14/site-packages/sqlalchemy/util/_concurrency_py3k.py", line 132, in await_only
    return current.parent.switch(awaitable)  # type: ignore[no-any-return,attr-defined] # noqa: E501
           ~~~~~~~~~~~~~~~~~~~~~^^^^^^^^^^^
  File "/Users/ankit/Documents/sharkship-others/convoy_prod/.venv/lib/python3.14/site-packages/sqlalchemy/util/_concurrency_py3k.py", line 196, in greenlet_spawn
    value = await result
            ^^^^^^^^^^^^
  File "/Users/ankit/Documents/sharkship-others/convoy_prod/.venv/lib/python3.14/site-packages/sqlalchemy/dialects/postgresql/asyncpg.py", line 520, in _prepare_and_execute
    await adapt_connection._start_transaction()
  File "/Users/ankit/Documents/sharkship-others/convoy_prod/.venv/lib/python3.14/site-packages/sqlalchemy/dialects/postgresql/asyncpg.py", line 850, in _start_transaction
    self._handle_exception(error)
    ~~~~~~~~~~~~~~~~~~~~~~^^^^^^^
  File "/Users/ankit/Documents/sharkship-others/convoy_prod/.venv/lib/python3.14/site-packages/sqlalchemy/dialects/postgresql/asyncpg.py", line 797, in _handle_exception
    raise translated_error from error
sqlalchemy.exc.DBAPIError: (sqlalchemy.dialects.postgresql.asyncpg.Error) <class 'asyncpg.exceptions.ConnectionDoesNotExistError'>: connection was closed in the middle of operation
[SQL: UPDATE truck_routes SET status=$1::VARCHAR WHERE truck_routes.status IN ($3::VARCHAR, $4::VARCHAR) AND truck_routes.expires_at <= $2::TIMESTAMP WITHOUT TIME ZONE]
[parameters: ('expired', datetime.datetime(2026, 7, 14, 18, 55, 52, 309030), 'available', 'active')]
(Background on this error at: https://sqlalche.me/e/20/dbapi)
2026-07-15 02:37:58 | ERROR    | convoy | Post expiry job failed: (sqlalchemy.dialects.postgresql.asyncpg.Error) <class 'asyncpg.exceptions.ConnectionDoesNotExistError'>: connection was closed in the middle of operation
[SQL: UPDATE truck_routes SET status=$1::VARCHAR WHERE truck_routes.status IN ($3::VARCHAR, $4::VARCHAR) AND truck_routes.expires_at <= $2::TIMESTAMP WITHOUT TIME ZONE]
[parameters: ('expired', datetime.datetime(2026, 7, 14, 20, 51, 9, 108223), 'available', 'active')]
(Background on this error at: https://sqlalche.me/e/20/dbapi)
TimeoutError: [Errno 60] Operation timed out

The above exception was the direct cause of the following exception:

Traceback (most recent call last):
  File "/Users/ankit/Documents/sharkship-others/convoy_prod/.venv/lib/python3.14/site-packages/sqlalchemy/dialects/postgresql/asyncpg.py", line 848, in _start_transaction
    await self._transaction.start()
  File "/Users/ankit/Documents/sharkship-others/convoy_prod/.venv/lib/python3.14/site-packages/asyncpg/transaction.py", line 146, in start
    await self._connection.execute(query)
  File "/Users/ankit/Documents/sharkship-others/convoy_prod/.venv/lib/python3.14/site-packages/asyncpg/connection.py", line 354, in execute
    result = await self._protocol.query(query, timeout)
             ^^^^^^^^^^^^^^^^^^^^^^^^^^^^^^^^^^^^^^^^^^
  File "asyncpg/protocol/protocol.pyx", line 369, in query
asyncpg.exceptions.ConnectionDoesNotExistError: connection was closed in the middle of operation

The above exception was the direct cause of the following exception:

Traceback (most recent call last):
  File "/Users/ankit/Documents/sharkship-others/convoy_prod/.venv/lib/python3.14/site-packages/sqlalchemy/engine/base.py", line 1969, in _exec_single_context
    self.dialect.do_execute(
    ~~~~~~~~~~~~~~~~~~~~~~~^
        cursor, str_statement, effective_parameters, context
        ^^^^^^^^^^^^^^^^^^^^^^^^^^^^^^^^^^^^^^^^^^^^^^^^^^^^
    )
    ^
  File "/Users/ankit/Documents/sharkship-others/convoy_prod/.venv/lib/python3.14/site-packages/sqlalchemy/engine/default.py", line 952, in do_execute
    cursor.execute(statement, parameters)
    ~~~~~~~~~~~~~~^^^^^^^^^^^^^^^^^^^^^^^
  File "/Users/ankit/Documents/sharkship-others/convoy_prod/.venv/lib/python3.14/site-packages/sqlalchemy/dialects/postgresql/asyncpg.py", line 585, in execute
    self._adapt_connection.await_(
    ~~~~~~~~~~~~~~~~~~~~~~~~~~~~~^
        self._prepare_and_execute(operation, parameters)
        ^^^^^^^^^^^^^^^^^^^^^^^^^^^^^^^^^^^^^^^^^^^^^^^^
    )
    ^
  File "/Users/ankit/Documents/sharkship-others/convoy_prod/.venv/lib/python3.14/site-packages/sqlalchemy/util/_concurrency_py3k.py", line 132, in await_only
    return current.parent.switch(awaitable)  # type: ignore[no-any-return,attr-defined] # noqa: E501
           ~~~~~~~~~~~~~~~~~~~~~^^^^^^^^^^^
  File "/Users/ankit/Documents/sharkship-others/convoy_prod/.venv/lib/python3.14/site-packages/sqlalchemy/util/_concurrency_py3k.py", line 196, in greenlet_spawn
    value = await result
            ^^^^^^^^^^^^
  File "/Users/ankit/Documents/sharkship-others/convoy_prod/.venv/lib/python3.14/site-packages/sqlalchemy/dialects/postgresql/asyncpg.py", line 520, in _prepare_and_execute
    await adapt_connection._start_transaction()
  File "/Users/ankit/Documents/sharkship-others/convoy_prod/.venv/lib/python3.14/site-packages/sqlalchemy/dialects/postgresql/asyncpg.py", line 850, in _start_transaction
    self._handle_exception(error)
    ~~~~~~~~~~~~~~~~~~~~~~^^^^^^^
  File "/Users/ankit/Documents/sharkship-others/convoy_prod/.venv/lib/python3.14/site-packages/sqlalchemy/dialects/postgresql/asyncpg.py", line 797, in _handle_exception
    raise translated_error from error
sqlalchemy.dialects.postgresql.asyncpg.AsyncAdapt_asyncpg_dbapi.Error: <class 'asyncpg.exceptions.ConnectionDoesNotExistError'>: connection was closed in the middle of operation

The above exception was the direct cause of the following exception:

Traceback (most recent call last):
  File "/Users/ankit/Documents/sharkship-others/convoy_prod/services/post_expiry.py", line 56, in run_post_expiry_loop
    count = await expire_overdue_posts(session)
            ^^^^^^^^^^^^^^^^^^^^^^^^^^^^^^^^^^^
  File "/Users/ankit/Documents/sharkship-others/convoy_prod/services/post_expiry.py", line 37, in expire_overdue_posts
    result = await session.execute(
             ^^^^^^^^^^^^^^^^^^^^^^
    ...<6 lines>...
    )
    ^
  File "/Users/ankit/Documents/sharkship-others/convoy_prod/.venv/lib/python3.14/site-packages/sqlalchemy/ext/asyncio/session.py", line 448, in execute
    result = await greenlet_spawn(
             ^^^^^^^^^^^^^^^^^^^^^
    ...<6 lines>...
    )
    ^
  File "/Users/ankit/Documents/sharkship-others/convoy_prod/.venv/lib/python3.14/site-packages/sqlalchemy/util/_concurrency_py3k.py", line 203, in greenlet_spawn
    result = context.switch(value)
  File "/Users/ankit/Documents/sharkship-others/convoy_prod/.venv/lib/python3.14/site-packages/sqlalchemy/orm/session.py", line 2373, in execute
    return self._execute_internal(
           ~~~~~~~~~~~~~~~~~~~~~~^
        statement,
        ^^^^^^^^^^
    ...<4 lines>...
        _add_event=_add_event,
        ^^^^^^^^^^^^^^^^^^^^^^
    )
    ^
  File "/Users/ankit/Documents/sharkship-others/convoy_prod/.venv/lib/python3.14/site-packages/sqlalchemy/orm/session.py", line 2271, in _execute_internal
    result: Result[Any] = compile_state_cls.orm_execute_statement(
                          ~~~~~~~~~~~~~~~~~~~~~~~~~~~~~~~~~~~~~~~^
        self,
        ^^^^^
    ...<4 lines>...
        conn,
        ^^^^^
    )
    ^
  File "/Users/ankit/Documents/sharkship-others/convoy_prod/.venv/lib/python3.14/site-packages/sqlalchemy/orm/bulk_persistence.py", line 1660, in orm_execute_statement
    return super().orm_execute_statement(
           ~~~~~~~~~~~~~~~~~~~~~~~~~~~~~^
        session,
        ^^^^^^^^
    ...<4 lines>...
        conn,
        ^^^^^
    )
    ^
  File "/Users/ankit/Documents/sharkship-others/convoy_prod/.venv/lib/python3.14/site-packages/sqlalchemy/orm/context.py", line 306, in orm_execute_statement
    result = conn.execute(
        statement, params or {}, execution_options=execution_options
    )
  File "/Users/ankit/Documents/sharkship-others/convoy_prod/.venv/lib/python3.14/site-packages/sqlalchemy/engine/base.py", line 1421, in execute
    return meth(
        self,
        distilled_parameters,
        execution_options or NO_OPTIONS,
    )
  File "/Users/ankit/Documents/sharkship-others/convoy_prod/.venv/lib/python3.14/site-packages/sqlalchemy/sql/elements.py", line 526, in _execute_on_connection
    return connection._execute_clauseelement(
           ~~~~~~~~~~~~~~~~~~~~~~~~~~~~~~~~~^
        self, distilled_params, execution_options
        ^^^^^^^^^^^^^^^^^^^^^^^^^^^^^^^^^^^^^^^^^
    )
    ^
  File "/Users/ankit/Documents/sharkship-others/convoy_prod/.venv/lib/python3.14/site-packages/sqlalchemy/engine/base.py", line 1643, in _execute_clauseelement
    ret = self._execute_context(
        dialect,
    ...<8 lines>...
        cache_hit=cache_hit,
    )
  File "/Users/ankit/Documents/sharkship-others/convoy_prod/.venv/lib/python3.14/site-packages/sqlalchemy/engine/base.py", line 1848, in _execute_context
    return self._exec_single_context(
           ~~~~~~~~~~~~~~~~~~~~~~~~~^
        dialect, context, statement, parameters
        ^^^^^^^^^^^^^^^^^^^^^^^^^^^^^^^^^^^^^^^
    )
    ^
  File "/Users/ankit/Documents/sharkship-others/convoy_prod/.venv/lib/python3.14/site-packages/sqlalchemy/engine/base.py", line 1988, in _exec_single_context
    self._handle_dbapi_exception(
    ~~~~~~~~~~~~~~~~~~~~~~~~~~~~^
        e, str_statement, effective_parameters, cursor, context
        ^^^^^^^^^^^^^^^^^^^^^^^^^^^^^^^^^^^^^^^^^^^^^^^^^^^^^^^
    )
    ^
  File "/Users/ankit/Documents/sharkship-others/convoy_prod/.venv/lib/python3.14/site-packages/sqlalchemy/engine/base.py", line 2365, in _handle_dbapi_exception
    raise sqlalchemy_exception.with_traceback(exc_info[2]) from e
  File "/Users/ankit/Documents/sharkship-others/convoy_prod/.venv/lib/python3.14/site-packages/sqlalchemy/engine/base.py", line 1969, in _exec_single_context
    self.dialect.do_execute(
    ~~~~~~~~~~~~~~~~~~~~~~~^
        cursor, str_statement, effective_parameters, context
        ^^^^^^^^^^^^^^^^^^^^^^^^^^^^^^^^^^^^^^^^^^^^^^^^^^^^
    )
    ^
  File "/Users/ankit/Documents/sharkship-others/convoy_prod/.venv/lib/python3.14/site-packages/sqlalchemy/engine/default.py", line 952, in do_execute
    cursor.execute(statement, parameters)
    ~~~~~~~~~~~~~~^^^^^^^^^^^^^^^^^^^^^^^
  File "/Users/ankit/Documents/sharkship-others/convoy_prod/.venv/lib/python3.14/site-packages/sqlalchemy/dialects/postgresql/asyncpg.py", line 585, in execute
    self._adapt_connection.await_(
    ~~~~~~~~~~~~~~~~~~~~~~~~~~~~~^
        self._prepare_and_execute(operation, parameters)
        ^^^^^^^^^^^^^^^^^^^^^^^^^^^^^^^^^^^^^^^^^^^^^^^^
    )
    ^
  File "/Users/ankit/Documents/sharkship-others/convoy_prod/.venv/lib/python3.14/site-packages/sqlalchemy/util/_concurrency_py3k.py", line 132, in await_only
    return current.parent.switch(awaitable)  # type: ignore[no-any-return,attr-defined] # noqa: E501
           ~~~~~~~~~~~~~~~~~~~~~^^^^^^^^^^^
  File "/Users/ankit/Documents/sharkship-others/convoy_prod/.venv/lib/python3.14/site-packages/sqlalchemy/util/_concurrency_py3k.py", line 196, in greenlet_spawn
    value = await result
            ^^^^^^^^^^^^
  File "/Users/ankit/Documents/sharkship-others/convoy_prod/.venv/lib/python3.14/site-packages/sqlalchemy/dialects/postgresql/asyncpg.py", line 520, in _prepare_and_execute
    await adapt_connection._start_transaction()
  File "/Users/ankit/Documents/sharkship-others/convoy_prod/.venv/lib/python3.14/site-packages/sqlalchemy/dialects/postgresql/asyncpg.py", line 850, in _start_transaction
    self._handle_exception(error)
    ~~~~~~~~~~~~~~~~~~~~~~^^^^^^^
  File "/Users/ankit/Documents/sharkship-others/convoy_prod/.venv/lib/python3.14/site-packages/sqlalchemy/dialects/postgresql/asyncpg.py", line 797, in _handle_exception
    raise translated_error from error
sqlalchemy.exc.DBAPIError: (sqlalchemy.dialects.postgresql.asyncpg.Error) <class 'asyncpg.exceptions.ConnectionDoesNotExistError'>: connection was closed in the middle of operation
[SQL: UPDATE truck_routes SET status=$1::VARCHAR WHERE truck_routes.status IN ($3::VARCHAR, $4::VARCHAR) AND truck_routes.expires_at <= $2::TIMESTAMP WITHOUT TIME ZONE]
[parameters: ('expired', datetime.datetime(2026, 7, 14, 20, 51, 9, 108223), 'available', 'active')]
(Background on this error at: https://sqlalche.me/e/20/dbapi)
2026-07-15 04:32:35 | ERROR    | convoy | Post expiry job failed: (sqlalchemy.dialects.postgresql.asyncpg.Error) <class 'asyncpg.exceptions.ConnectionDoesNotExistError'>: connection was closed in the middle of operation
[SQL: UPDATE truck_routes SET status=$1::VARCHAR WHERE truck_routes.status IN ($3::VARCHAR, $4::VARCHAR) AND truck_routes.expires_at <= $2::TIMESTAMP WITHOUT TIME ZONE]
[parameters: ('expired', datetime.datetime(2026, 7, 14, 23, 2, 15, 996189), 'available', 'active')]
(Background on this error at: https://sqlalche.me/e/20/dbapi)
TimeoutError: [Errno 60] Operation timed out

The above exception was the direct cause of the following exception:

Traceback (most recent call last):
  File "/Users/ankit/Documents/sharkship-others/convoy_prod/.venv/lib/python3.14/site-packages/sqlalchemy/dialects/postgresql/asyncpg.py", line 848, in _start_transaction
    await self._transaction.start()
  File "/Users/ankit/Documents/sharkship-others/convoy_prod/.venv/lib/python3.14/site-packages/asyncpg/transaction.py", line 146, in start
    await self._connection.execute(query)
  File "/Users/ankit/Documents/sharkship-others/convoy_prod/.venv/lib/python3.14/site-packages/asyncpg/connection.py", line 354, in execute
    result = await self._protocol.query(query, timeout)
             ^^^^^^^^^^^^^^^^^^^^^^^^^^^^^^^^^^^^^^^^^^
  File "asyncpg/protocol/protocol.pyx", line 369, in query
asyncpg.exceptions.ConnectionDoesNotExistError: connection was closed in the middle of operation

The above exception was the direct cause of the following exception:

Traceback (most recent call last):
  File "/Users/ankit/Documents/sharkship-others/convoy_prod/.venv/lib/python3.14/site-packages/sqlalchemy/engine/base.py", line 1969, in _exec_single_context
    self.dialect.do_execute(
    ~~~~~~~~~~~~~~~~~~~~~~~^
        cursor, str_statement, effective_parameters, context
        ^^^^^^^^^^^^^^^^^^^^^^^^^^^^^^^^^^^^^^^^^^^^^^^^^^^^
    )
    ^
  File "/Users/ankit/Documents/sharkship-others/convoy_prod/.venv/lib/python3.14/site-packages/sqlalchemy/engine/default.py", line 952, in do_execute
    cursor.execute(statement, parameters)
    ~~~~~~~~~~~~~~^^^^^^^^^^^^^^^^^^^^^^^
  File "/Users/ankit/Documents/sharkship-others/convoy_prod/.venv/lib/python3.14/site-packages/sqlalchemy/dialects/postgresql/asyncpg.py", line 585, in execute
    self._adapt_connection.await_(
    ~~~~~~~~~~~~~~~~~~~~~~~~~~~~~^
        self._prepare_and_execute(operation, parameters)
        ^^^^^^^^^^^^^^^^^^^^^^^^^^^^^^^^^^^^^^^^^^^^^^^^
    )
    ^
  File "/Users/ankit/Documents/sharkship-others/convoy_prod/.venv/lib/python3.14/site-packages/sqlalchemy/util/_concurrency_py3k.py", line 132, in await_only
    return current.parent.switch(awaitable)  # type: ignore[no-any-return,attr-defined] # noqa: E501
           ~~~~~~~~~~~~~~~~~~~~~^^^^^^^^^^^
  File "/Users/ankit/Documents/sharkship-others/convoy_prod/.venv/lib/python3.14/site-packages/sqlalchemy/util/_concurrency_py3k.py", line 196, in greenlet_spawn
    value = await result
            ^^^^^^^^^^^^
  File "/Users/ankit/Documents/sharkship-others/convoy_prod/.venv/lib/python3.14/site-packages/sqlalchemy/dialects/postgresql/asyncpg.py", line 520, in _prepare_and_execute
    await adapt_connection._start_transaction()
  File "/Users/ankit/Documents/sharkship-others/convoy_prod/.venv/lib/python3.14/site-packages/sqlalchemy/dialects/postgresql/asyncpg.py", line 850, in _start_transaction
    self._handle_exception(error)
    ~~~~~~~~~~~~~~~~~~~~~~^^^^^^^
  File "/Users/ankit/Documents/sharkship-others/convoy_prod/.venv/lib/python3.14/site-packages/sqlalchemy/dialects/postgresql/asyncpg.py", line 797, in _handle_exception
    raise translated_error from error
sqlalchemy.dialects.postgresql.asyncpg.AsyncAdapt_asyncpg_dbapi.Error: <class 'asyncpg.exceptions.ConnectionDoesNotExistError'>: connection was closed in the middle of operation

The above exception was the direct cause of the following exception:

Traceback (most recent call last):
  File "/Users/ankit/Documents/sharkship-others/convoy_prod/services/post_expiry.py", line 56, in run_post_expiry_loop
    count = await expire_overdue_posts(session)
            ^^^^^^^^^^^^^^^^^^^^^^^^^^^^^^^^^^^
  File "/Users/ankit/Documents/sharkship-others/convoy_prod/services/post_expiry.py", line 37, in expire_overdue_posts
    result = await session.execute(
             ^^^^^^^^^^^^^^^^^^^^^^
    ...<6 lines>...
    )
    ^
  File "/Users/ankit/Documents/sharkship-others/convoy_prod/.venv/lib/python3.14/site-packages/sqlalchemy/ext/asyncio/session.py", line 448, in execute
    result = await greenlet_spawn(
             ^^^^^^^^^^^^^^^^^^^^^
    ...<6 lines>...
    )
    ^
  File "/Users/ankit/Documents/sharkship-others/convoy_prod/.venv/lib/python3.14/site-packages/sqlalchemy/util/_concurrency_py3k.py", line 203, in greenlet_spawn
    result = context.switch(value)
  File "/Users/ankit/Documents/sharkship-others/convoy_prod/.venv/lib/python3.14/site-packages/sqlalchemy/orm/session.py", line 2373, in execute
    return self._execute_internal(
           ~~~~~~~~~~~~~~~~~~~~~~^
        statement,
        ^^^^^^^^^^
    ...<4 lines>...
        _add_event=_add_event,
        ^^^^^^^^^^^^^^^^^^^^^^
    )
    ^
  File "/Users/ankit/Documents/sharkship-others/convoy_prod/.venv/lib/python3.14/site-packages/sqlalchemy/orm/session.py", line 2271, in _execute_internal
    result: Result[Any] = compile_state_cls.orm_execute_statement(
                          ~~~~~~~~~~~~~~~~~~~~~~~~~~~~~~~~~~~~~~~^
        self,
        ^^^^^
    ...<4 lines>...
        conn,
        ^^^^^
    )
    ^
  File "/Users/ankit/Documents/sharkship-others/convoy_prod/.venv/lib/python3.14/site-packages/sqlalchemy/orm/bulk_persistence.py", line 1660, in orm_execute_statement
    return super().orm_execute_statement(
           ~~~~~~~~~~~~~~~~~~~~~~~~~~~~~^
        session,
        ^^^^^^^^
    ...<4 lines>...
        conn,
        ^^^^^
    )
    ^
  File "/Users/ankit/Documents/sharkship-others/convoy_prod/.venv/lib/python3.14/site-packages/sqlalchemy/orm/context.py", line 306, in orm_execute_statement
    result = conn.execute(
        statement, params or {}, execution_options=execution_options
    )
  File "/Users/ankit/Documents/sharkship-others/convoy_prod/.venv/lib/python3.14/site-packages/sqlalchemy/engine/base.py", line 1421, in execute
    return meth(
        self,
        distilled_parameters,
        execution_options or NO_OPTIONS,
    )
  File "/Users/ankit/Documents/sharkship-others/convoy_prod/.venv/lib/python3.14/site-packages/sqlalchemy/sql/elements.py", line 526, in _execute_on_connection
    return connection._execute_clauseelement(
           ~~~~~~~~~~~~~~~~~~~~~~~~~~~~~~~~~^
        self, distilled_params, execution_options
        ^^^^^^^^^^^^^^^^^^^^^^^^^^^^^^^^^^^^^^^^^
    )
    ^
  File "/Users/ankit/Documents/sharkship-others/convoy_prod/.venv/lib/python3.14/site-packages/sqlalchemy/engine/base.py", line 1643, in _execute_clauseelement
    ret = self._execute_context(
        dialect,
    ...<8 lines>...
        cache_hit=cache_hit,
    )
  File "/Users/ankit/Documents/sharkship-others/convoy_prod/.venv/lib/python3.14/site-packages/sqlalchemy/engine/base.py", line 1848, in _execute_context
    return self._exec_single_context(
           ~~~~~~~~~~~~~~~~~~~~~~~~~^
        dialect, context, statement, parameters
        ^^^^^^^^^^^^^^^^^^^^^^^^^^^^^^^^^^^^^^^
    )
    ^
  File "/Users/ankit/Documents/sharkship-others/convoy_prod/.venv/lib/python3.14/site-packages/sqlalchemy/engine/base.py", line 1988, in _exec_single_context
    self._handle_dbapi_exception(
    ~~~~~~~~~~~~~~~~~~~~~~~~~~~~^
        e, str_statement, effective_parameters, cursor, context
        ^^^^^^^^^^^^^^^^^^^^^^^^^^^^^^^^^^^^^^^^^^^^^^^^^^^^^^^
    )
    ^
  File "/Users/ankit/Documents/sharkship-others/convoy_prod/.venv/lib/python3.14/site-packages/sqlalchemy/engine/base.py", line 2365, in _handle_dbapi_exception
    raise sqlalchemy_exception.with_traceback(exc_info[2]) from e
  File "/Users/ankit/Documents/sharkship-others/convoy_prod/.venv/lib/python3.14/site-packages/sqlalchemy/engine/base.py", line 1969, in _exec_single_context
    self.dialect.do_execute(
    ~~~~~~~~~~~~~~~~~~~~~~~^
        cursor, str_statement, effective_parameters, context
        ^^^^^^^^^^^^^^^^^^^^^^^^^^^^^^^^^^^^^^^^^^^^^^^^^^^^
    )
    ^
  File "/Users/ankit/Documents/sharkship-others/convoy_prod/.venv/lib/python3.14/site-packages/sqlalchemy/engine/default.py", line 952, in do_execute
    cursor.execute(statement, parameters)
    ~~~~~~~~~~~~~~^^^^^^^^^^^^^^^^^^^^^^^
  File "/Users/ankit/Documents/sharkship-others/convoy_prod/.venv/lib/python3.14/site-packages/sqlalchemy/dialects/postgresql/asyncpg.py", line 585, in execute
    self._adapt_connection.await_(
    ~~~~~~~~~~~~~~~~~~~~~~~~~~~~~^
        self._prepare_and_execute(operation, parameters)
        ^^^^^^^^^^^^^^^^^^^^^^^^^^^^^^^^^^^^^^^^^^^^^^^^
    )
    ^
  File "/Users/ankit/Documents/sharkship-others/convoy_prod/.venv/lib/python3.14/site-packages/sqlalchemy/util/_concurrency_py3k.py", line 132, in await_only
    return current.parent.switch(awaitable)  # type: ignore[no-any-return,attr-defined] # noqa: E501
           ~~~~~~~~~~~~~~~~~~~~~^^^^^^^^^^^
  File "/Users/ankit/Documents/sharkship-others/convoy_prod/.venv/lib/python3.14/site-packages/sqlalchemy/util/_concurrency_py3k.py", line 196, in greenlet_spawn
    value = await result
            ^^^^^^^^^^^^
  File "/Users/ankit/Documents/sharkship-others/convoy_prod/.venv/lib/python3.14/site-packages/sqlalchemy/dialects/postgresql/asyncpg.py", line 520, in _prepare_and_execute
    await adapt_connection._start_transaction()
  File "/Users/ankit/Documents/sharkship-others/convoy_prod/.venv/lib/python3.14/site-packages/sqlalchemy/dialects/postgresql/asyncpg.py", line 850, in _start_transaction
    self._handle_exception(error)
    ~~~~~~~~~~~~~~~~~~~~~~^^^^^^^
  File "/Users/ankit/Documents/sharkship-others/convoy_prod/.venv/lib/python3.14/site-packages/sqlalchemy/dialects/postgresql/asyncpg.py", line 797, in _handle_exception
    raise translated_error from error
sqlalchemy.exc.DBAPIError: (sqlalchemy.dialects.postgresql.asyncpg.Error) <class 'asyncpg.exceptions.ConnectionDoesNotExistError'>: connection was closed in the middle of operation
[SQL: UPDATE truck_routes SET status=$1::VARCHAR WHERE truck_routes.status IN ($3::VARCHAR, $4::VARCHAR) AND truck_routes.expires_at <= $2::TIMESTAMP WITHOUT TIME ZONE]
[parameters: ('expired', datetime.datetime(2026, 7, 14, 23, 2, 15, 996189), 'available', 'active')]
(Background on this error at: https://sqlalche.me/e/20/dbapi)
2026-07-15 05:21:09 | ERROR    | convoy | Post expiry job failed: (sqlalchemy.dialects.postgresql.asyncpg.Error) <class 'asyncpg.exceptions.ConnectionDoesNotExistError'>: connection was closed in the middle of operation
[SQL: UPDATE truck_routes SET status=$1::VARCHAR WHERE truck_routes.status IN ($3::VARCHAR, $4::VARCHAR) AND truck_routes.expires_at <= $2::TIMESTAMP WITHOUT TIME ZONE]
[parameters: ('expired', datetime.datetime(2026, 7, 14, 23, 50, 51, 146436), 'available', 'active')]
(Background on this error at: https://sqlalche.me/e/20/dbapi)
TimeoutError: [Errno 60] Operation timed out

The above exception was the direct cause of the following exception:

Traceback (most recent call last):
  File "/Users/ankit/Documents/sharkship-others/convoy_prod/.venv/lib/python3.14/site-packages/sqlalchemy/dialects/postgresql/asyncpg.py", line 848, in _start_transaction
    await self._transaction.start()
  File "/Users/ankit/Documents/sharkship-others/convoy_prod/.venv/lib/python3.14/site-packages/asyncpg/transaction.py", line 146, in start
    await self._connection.execute(query)
  File "/Users/ankit/Documents/sharkship-others/convoy_prod/.venv/lib/python3.14/site-packages/asyncpg/connection.py", line 354, in execute
    result = await self._protocol.query(query, timeout)
             ^^^^^^^^^^^^^^^^^^^^^^^^^^^^^^^^^^^^^^^^^^
  File "asyncpg/protocol/protocol.pyx", line 369, in query
asyncpg.exceptions.ConnectionDoesNotExistError: connection was closed in the middle of operation

The above exception was the direct cause of the following exception:

Traceback (most recent call last):
  File "/Users/ankit/Documents/sharkship-others/convoy_prod/.venv/lib/python3.14/site-packages/sqlalchemy/engine/base.py", line 1969, in _exec_single_context
    self.dialect.do_execute(
    ~~~~~~~~~~~~~~~~~~~~~~~^
        cursor, str_statement, effective_parameters, context
        ^^^^^^^^^^^^^^^^^^^^^^^^^^^^^^^^^^^^^^^^^^^^^^^^^^^^
    )
    ^
  File "/Users/ankit/Documents/sharkship-others/convoy_prod/.venv/lib/python3.14/site-packages/sqlalchemy/engine/default.py", line 952, in do_execute
    cursor.execute(statement, parameters)
    ~~~~~~~~~~~~~~^^^^^^^^^^^^^^^^^^^^^^^
  File "/Users/ankit/Documents/sharkship-others/convoy_prod/.venv/lib/python3.14/site-packages/sqlalchemy/dialects/postgresql/asyncpg.py", line 585, in execute
    self._adapt_connection.await_(
    ~~~~~~~~~~~~~~~~~~~~~~~~~~~~~^
        self._prepare_and_execute(operation, parameters)
        ^^^^^^^^^^^^^^^^^^^^^^^^^^^^^^^^^^^^^^^^^^^^^^^^
    )
    ^
  File "/Users/ankit/Documents/sharkship-others/convoy_prod/.venv/lib/python3.14/site-packages/sqlalchemy/util/_concurrency_py3k.py", line 132, in await_only
    return current.parent.switch(awaitable)  # type: ignore[no-any-return,attr-defined] # noqa: E501
           ~~~~~~~~~~~~~~~~~~~~~^^^^^^^^^^^
  File "/Users/ankit/Documents/sharkship-others/convoy_prod/.venv/lib/python3.14/site-packages/sqlalchemy/util/_concurrency_py3k.py", line 196, in greenlet_spawn
    value = await result
            ^^^^^^^^^^^^
  File "/Users/ankit/Documents/sharkship-others/convoy_prod/.venv/lib/python3.14/site-packages/sqlalchemy/dialects/postgresql/asyncpg.py", line 520, in _prepare_and_execute
    await adapt_connection._start_transaction()
  File "/Users/ankit/Documents/sharkship-others/convoy_prod/.venv/lib/python3.14/site-packages/sqlalchemy/dialects/postgresql/asyncpg.py", line 850, in _start_transaction
    self._handle_exception(error)
    ~~~~~~~~~~~~~~~~~~~~~~^^^^^^^
  File "/Users/ankit/Documents/sharkship-others/convoy_prod/.venv/lib/python3.14/site-packages/sqlalchemy/dialects/postgresql/asyncpg.py", line 797, in _handle_exception
    raise translated_error from error
sqlalchemy.dialects.postgresql.asyncpg.AsyncAdapt_asyncpg_dbapi.Error: <class 'asyncpg.exceptions.ConnectionDoesNotExistError'>: connection was closed in the middle of operation

The above exception was the direct cause of the following exception:

Traceback (most recent call last):
  File "/Users/ankit/Documents/sharkship-others/convoy_prod/services/post_expiry.py", line 56, in run_post_expiry_loop
    count = await expire_overdue_posts(session)
            ^^^^^^^^^^^^^^^^^^^^^^^^^^^^^^^^^^^
  File "/Users/ankit/Documents/sharkship-others/convoy_prod/services/post_expiry.py", line 37, in expire_overdue_posts
    result = await session.execute(
             ^^^^^^^^^^^^^^^^^^^^^^
    ...<6 lines>...
    )
    ^
  File "/Users/ankit/Documents/sharkship-others/convoy_prod/.venv/lib/python3.14/site-packages/sqlalchemy/ext/asyncio/session.py", line 448, in execute
    result = await greenlet_spawn(
             ^^^^^^^^^^^^^^^^^^^^^
    ...<6 lines>...
    )
    ^
  File "/Users/ankit/Documents/sharkship-others/convoy_prod/.venv/lib/python3.14/site-packages/sqlalchemy/util/_concurrency_py3k.py", line 203, in greenlet_spawn
    result = context.switch(value)
  File "/Users/ankit/Documents/sharkship-others/convoy_prod/.venv/lib/python3.14/site-packages/sqlalchemy/orm/session.py", line 2373, in execute
    return self._execute_internal(
           ~~~~~~~~~~~~~~~~~~~~~~^
        statement,
        ^^^^^^^^^^
    ...<4 lines>...
        _add_event=_add_event,
        ^^^^^^^^^^^^^^^^^^^^^^
    )
    ^
  File "/Users/ankit/Documents/sharkship-others/convoy_prod/.venv/lib/python3.14/site-packages/sqlalchemy/orm/session.py", line 2271, in _execute_internal
    result: Result[Any] = compile_state_cls.orm_execute_statement(
                          ~~~~~~~~~~~~~~~~~~~~~~~~~~~~~~~~~~~~~~~^
        self,
        ^^^^^
    ...<4 lines>...
        conn,
        ^^^^^
    )
    ^
  File "/Users/ankit/Documents/sharkship-others/convoy_prod/.venv/lib/python3.14/site-packages/sqlalchemy/orm/bulk_persistence.py", line 1660, in orm_execute_statement
    return super().orm_execute_statement(
           ~~~~~~~~~~~~~~~~~~~~~~~~~~~~~^
        session,
        ^^^^^^^^
    ...<4 lines>...
        conn,
        ^^^^^
    )
    ^
  File "/Users/ankit/Documents/sharkship-others/convoy_prod/.venv/lib/python3.14/site-packages/sqlalchemy/orm/context.py", line 306, in orm_execute_statement
    result = conn.execute(
        statement, params or {}, execution_options=execution_options
    )
  File "/Users/ankit/Documents/sharkship-others/convoy_prod/.venv/lib/python3.14/site-packages/sqlalchemy/engine/base.py", line 1421, in execute
    return meth(
        self,
        distilled_parameters,
        execution_options or NO_OPTIONS,
    )
  File "/Users/ankit/Documents/sharkship-others/convoy_prod/.venv/lib/python3.14/site-packages/sqlalchemy/sql/elements.py", line 526, in _execute_on_connection
    return connection._execute_clauseelement(
           ~~~~~~~~~~~~~~~~~~~~~~~~~~~~~~~~~^
        self, distilled_params, execution_options
        ^^^^^^^^^^^^^^^^^^^^^^^^^^^^^^^^^^^^^^^^^
    )
    ^
  File "/Users/ankit/Documents/sharkship-others/convoy_prod/.venv/lib/python3.14/site-packages/sqlalchemy/engine/base.py", line 1643, in _execute_clauseelement
    ret = self._execute_context(
        dialect,
    ...<8 lines>...
        cache_hit=cache_hit,
    )
  File "/Users/ankit/Documents/sharkship-others/convoy_prod/.venv/lib/python3.14/site-packages/sqlalchemy/engine/base.py", line 1848, in _execute_context
    return self._exec_single_context(
           ~~~~~~~~~~~~~~~~~~~~~~~~~^
        dialect, context, statement, parameters
        ^^^^^^^^^^^^^^^^^^^^^^^^^^^^^^^^^^^^^^^
    )
    ^
  File "/Users/ankit/Documents/sharkship-others/convoy_prod/.venv/lib/python3.14/site-packages/sqlalchemy/engine/base.py", line 1988, in _exec_single_context
    self._handle_dbapi_exception(
    ~~~~~~~~~~~~~~~~~~~~~~~~~~~~^
        e, str_statement, effective_parameters, cursor, context
        ^^^^^^^^^^^^^^^^^^^^^^^^^^^^^^^^^^^^^^^^^^^^^^^^^^^^^^^
    )
    ^
  File "/Users/ankit/Documents/sharkship-others/convoy_prod/.venv/lib/python3.14/site-packages/sqlalchemy/engine/base.py", line 2365, in _handle_dbapi_exception
    raise sqlalchemy_exception.with_traceback(exc_info[2]) from e
  File "/Users/ankit/Documents/sharkship-others/convoy_prod/.venv/lib/python3.14/site-packages/sqlalchemy/engine/base.py", line 1969, in _exec_single_context
    self.dialect.do_execute(
    ~~~~~~~~~~~~~~~~~~~~~~~^
        cursor, str_statement, effective_parameters, context
        ^^^^^^^^^^^^^^^^^^^^^^^^^^^^^^^^^^^^^^^^^^^^^^^^^^^^
    )
    ^
  File "/Users/ankit/Documents/sharkship-others/convoy_prod/.venv/lib/python3.14/site-packages/sqlalchemy/engine/default.py", line 952, in do_execute
    cursor.execute(statement, parameters)
    ~~~~~~~~~~~~~~^^^^^^^^^^^^^^^^^^^^^^^
  File "/Users/ankit/Documents/sharkship-others/convoy_prod/.venv/lib/python3.14/site-packages/sqlalchemy/dialects/postgresql/asyncpg.py", line 585, in execute
    self._adapt_connection.await_(
    ~~~~~~~~~~~~~~~~~~~~~~~~~~~~~^
        self._prepare_and_execute(operation, parameters)
        ^^^^^^^^^^^^^^^^^^^^^^^^^^^^^^^^^^^^^^^^^^^^^^^^
    )
    ^
  File "/Users/ankit/Documents/sharkship-others/convoy_prod/.venv/lib/python3.14/site-packages/sqlalchemy/util/_concurrency_py3k.py", line 132, in await_only
    return current.parent.switch(awaitable)  # type: ignore[no-any-return,attr-defined] # noqa: E501
           ~~~~~~~~~~~~~~~~~~~~~^^^^^^^^^^^
  File "/Users/ankit/Documents/sharkship-others/convoy_prod/.venv/lib/python3.14/site-packages/sqlalchemy/util/_concurrency_py3k.py", line 196, in greenlet_spawn
    value = await result
            ^^^^^^^^^^^^
  File "/Users/ankit/Documents/sharkship-others/convoy_prod/.venv/lib/python3.14/site-packages/sqlalchemy/dialects/postgresql/asyncpg.py", line 520, in _prepare_and_execute
    await adapt_connection._start_transaction()
  File "/Users/ankit/Documents/sharkship-others/convoy_prod/.venv/lib/python3.14/site-packages/sqlalchemy/dialects/postgresql/asyncpg.py", line 850, in _start_transaction
    self._handle_exception(error)
    ~~~~~~~~~~~~~~~~~~~~~~^^^^^^^
  File "/Users/ankit/Documents/sharkship-others/convoy_prod/.venv/lib/python3.14/site-packages/sqlalchemy/dialects/postgresql/asyncpg.py", line 797, in _handle_exception
    raise translated_error from error
sqlalchemy.exc.DBAPIError: (sqlalchemy.dialects.postgresql.asyncpg.Error) <class 'asyncpg.exceptions.ConnectionDoesNotExistError'>: connection was closed in the middle of operation
[SQL: UPDATE truck_routes SET status=$1::VARCHAR WHERE truck_routes.status IN ($3::VARCHAR, $4::VARCHAR) AND truck_routes.expires_at <= $2::TIMESTAMP WITHOUT TIME ZONE]
[parameters: ('expired', datetime.datetime(2026, 7, 14, 23, 50, 51, 146436), 'available', 'active')]
(Background on this error at: https://sqlalche.me/e/20/dbapi)
2026-07-15 06:31:00 | ERROR    | convoy | Post expiry job failed: (sqlalchemy.dialects.postgresql.asyncpg.Error) <class 'asyncpg.exceptions.ConnectionDoesNotExistError'>: connection was closed in the middle of operation
[SQL: UPDATE truck_routes SET status=$1::VARCHAR WHERE truck_routes.status IN ($3::VARCHAR, $4::VARCHAR) AND truck_routes.expires_at <= $2::TIMESTAMP WITHOUT TIME ZONE]
[parameters: ('expired', datetime.datetime(2026, 7, 15, 0, 43, 0, 147614), 'available', 'active')]
(Background on this error at: https://sqlalche.me/e/20/dbapi)
TimeoutError: [Errno 60] Operation timed out

The above exception was the direct cause of the following exception:

Traceback (most recent call last):
  File "/Users/ankit/Documents/sharkship-others/convoy_prod/.venv/lib/python3.14/site-packages/sqlalchemy/dialects/postgresql/asyncpg.py", line 848, in _start_transaction
    await self._transaction.start()
  File "/Users/ankit/Documents/sharkship-others/convoy_prod/.venv/lib/python3.14/site-packages/asyncpg/transaction.py", line 146, in start
    await self._connection.execute(query)
  File "/Users/ankit/Documents/sharkship-others/convoy_prod/.venv/lib/python3.14/site-packages/asyncpg/connection.py", line 354, in execute
    result = await self._protocol.query(query, timeout)
             ^^^^^^^^^^^^^^^^^^^^^^^^^^^^^^^^^^^^^^^^^^
  File "asyncpg/protocol/protocol.pyx", line 369, in query
asyncpg.exceptions.ConnectionDoesNotExistError: connection was closed in the middle of operation

The above exception was the direct cause of the following exception:

Traceback (most recent call last):
  File "/Users/ankit/Documents/sharkship-others/convoy_prod/.venv/lib/python3.14/site-packages/sqlalchemy/engine/base.py", line 1969, in _exec_single_context
    self.dialect.do_execute(
    ~~~~~~~~~~~~~~~~~~~~~~~^
        cursor, str_statement, effective_parameters, context
        ^^^^^^^^^^^^^^^^^^^^^^^^^^^^^^^^^^^^^^^^^^^^^^^^^^^^
    )
    ^
  File "/Users/ankit/Documents/sharkship-others/convoy_prod/.venv/lib/python3.14/site-packages/sqlalchemy/engine/default.py", line 952, in do_execute
    cursor.execute(statement, parameters)
    ~~~~~~~~~~~~~~^^^^^^^^^^^^^^^^^^^^^^^
  File "/Users/ankit/Documents/sharkship-others/convoy_prod/.venv/lib/python3.14/site-packages/sqlalchemy/dialects/postgresql/asyncpg.py", line 585, in execute
    self._adapt_connection.await_(
    ~~~~~~~~~~~~~~~~~~~~~~~~~~~~~^
        self._prepare_and_execute(operation, parameters)
        ^^^^^^^^^^^^^^^^^^^^^^^^^^^^^^^^^^^^^^^^^^^^^^^^
    )
    ^
  File "/Users/ankit/Documents/sharkship-others/convoy_prod/.venv/lib/python3.14/site-packages/sqlalchemy/util/_concurrency_py3k.py", line 132, in await_only
    return current.parent.switch(awaitable)  # type: ignore[no-any-return,attr-defined] # noqa: E501
           ~~~~~~~~~~~~~~~~~~~~~^^^^^^^^^^^
  File "/Users/ankit/Documents/sharkship-others/convoy_prod/.venv/lib/python3.14/site-packages/sqlalchemy/util/_concurrency_py3k.py", line 196, in greenlet_spawn
    value = await result
            ^^^^^^^^^^^^
  File "/Users/ankit/Documents/sharkship-others/convoy_prod/.venv/lib/python3.14/site-packages/sqlalchemy/dialects/postgresql/asyncpg.py", line 520, in _prepare_and_execute
    await adapt_connection._start_transaction()
  File "/Users/ankit/Documents/sharkship-others/convoy_prod/.venv/lib/python3.14/site-packages/sqlalchemy/dialects/postgresql/asyncpg.py", line 850, in _start_transaction
    self._handle_exception(error)
    ~~~~~~~~~~~~~~~~~~~~~~^^^^^^^
  File "/Users/ankit/Documents/sharkship-others/convoy_prod/.venv/lib/python3.14/site-packages/sqlalchemy/dialects/postgresql/asyncpg.py", line 797, in _handle_exception
    raise translated_error from error
sqlalchemy.dialects.postgresql.asyncpg.AsyncAdapt_asyncpg_dbapi.Error: <class 'asyncpg.exceptions.ConnectionDoesNotExistError'>: connection was closed in the middle of operation

The above exception was the direct cause of the following exception:

Traceback (most recent call last):
  File "/Users/ankit/Documents/sharkship-others/convoy_prod/services/post_expiry.py", line 56, in run_post_expiry_loop
    count = await expire_overdue_posts(session)
            ^^^^^^^^^^^^^^^^^^^^^^^^^^^^^^^^^^^
  File "/Users/ankit/Documents/sharkship-others/convoy_prod/services/post_expiry.py", line 37, in expire_overdue_posts
    result = await session.execute(
             ^^^^^^^^^^^^^^^^^^^^^^
    ...<6 lines>...
    )
    ^
  File "/Users/ankit/Documents/sharkship-others/convoy_prod/.venv/lib/python3.14/site-packages/sqlalchemy/ext/asyncio/session.py", line 448, in execute
    result = await greenlet_spawn(
             ^^^^^^^^^^^^^^^^^^^^^
    ...<6 lines>...
    )
    ^
  File "/Users/ankit/Documents/sharkship-others/convoy_prod/.venv/lib/python3.14/site-packages/sqlalchemy/util/_concurrency_py3k.py", line 203, in greenlet_spawn
    result = context.switch(value)
  File "/Users/ankit/Documents/sharkship-others/convoy_prod/.venv/lib/python3.14/site-packages/sqlalchemy/orm/session.py", line 2373, in execute
    return self._execute_internal(
           ~~~~~~~~~~~~~~~~~~~~~~^
        statement,
        ^^^^^^^^^^
    ...<4 lines>...
        _add_event=_add_event,
        ^^^^^^^^^^^^^^^^^^^^^^
    )
    ^
  File "/Users/ankit/Documents/sharkship-others/convoy_prod/.venv/lib/python3.14/site-packages/sqlalchemy/orm/session.py", line 2271, in _execute_internal
    result: Result[Any] = compile_state_cls.orm_execute_statement(
                          ~~~~~~~~~~~~~~~~~~~~~~~~~~~~~~~~~~~~~~~^
        self,
        ^^^^^
    ...<4 lines>...
        conn,
        ^^^^^
    )
    ^
  File "/Users/ankit/Documents/sharkship-others/convoy_prod/.venv/lib/python3.14/site-packages/sqlalchemy/orm/bulk_persistence.py", line 1660, in orm_execute_statement
    return super().orm_execute_statement(
           ~~~~~~~~~~~~~~~~~~~~~~~~~~~~~^
        session,
        ^^^^^^^^
    ...<4 lines>...
        conn,
        ^^^^^
    )
    ^
  File "/Users/ankit/Documents/sharkship-others/convoy_prod/.venv/lib/python3.14/site-packages/sqlalchemy/orm/context.py", line 306, in orm_execute_statement
    result = conn.execute(
        statement, params or {}, execution_options=execution_options
    )
  File "/Users/ankit/Documents/sharkship-others/convoy_prod/.venv/lib/python3.14/site-packages/sqlalchemy/engine/base.py", line 1421, in execute
    return meth(
        self,
        distilled_parameters,
        execution_options or NO_OPTIONS,
    )
  File "/Users/ankit/Documents/sharkship-others/convoy_prod/.venv/lib/python3.14/site-packages/sqlalchemy/sql/elements.py", line 526, in _execute_on_connection
    return connection._execute_clauseelement(
           ~~~~~~~~~~~~~~~~~~~~~~~~~~~~~~~~~^
        self, distilled_params, execution_options
        ^^^^^^^^^^^^^^^^^^^^^^^^^^^^^^^^^^^^^^^^^
    )
    ^
  File "/Users/ankit/Documents/sharkship-others/convoy_prod/.venv/lib/python3.14/site-packages/sqlalchemy/engine/base.py", line 1643, in _execute_clauseelement
    ret = self._execute_context(
        dialect,
    ...<8 lines>...
        cache_hit=cache_hit,
    )
  File "/Users/ankit/Documents/sharkship-others/convoy_prod/.venv/lib/python3.14/site-packages/sqlalchemy/engine/base.py", line 1848, in _execute_context
    return self._exec_single_context(
           ~~~~~~~~~~~~~~~~~~~~~~~~~^
        dialect, context, statement, parameters
        ^^^^^^^^^^^^^^^^^^^^^^^^^^^^^^^^^^^^^^^
    )
    ^
  File "/Users/ankit/Documents/sharkship-others/convoy_prod/.venv/lib/python3.14/site-packages/sqlalchemy/engine/base.py", line 1988, in _exec_single_context
    self._handle_dbapi_exception(
    ~~~~~~~~~~~~~~~~~~~~~~~~~~~~^
        e, str_statement, effective_parameters, cursor, context
        ^^^^^^^^^^^^^^^^^^^^^^^^^^^^^^^^^^^^^^^^^^^^^^^^^^^^^^^
    )
    ^
  File "/Users/ankit/Documents/sharkship-others/convoy_prod/.venv/lib/python3.14/site-packages/sqlalchemy/engine/base.py", line 2365, in _handle_dbapi_exception
    raise sqlalchemy_exception.with_traceback(exc_info[2]) from e
  File "/Users/ankit/Documents/sharkship-others/convoy_prod/.venv/lib/python3.14/site-packages/sqlalchemy/engine/base.py", line 1969, in _exec_single_context
    self.dialect.do_execute(
    ~~~~~~~~~~~~~~~~~~~~~~~^
        cursor, str_statement, effective_parameters, context
        ^^^^^^^^^^^^^^^^^^^^^^^^^^^^^^^^^^^^^^^^^^^^^^^^^^^^
    )
    ^
  File "/Users/ankit/Documents/sharkship-others/convoy_prod/.venv/lib/python3.14/site-packages/sqlalchemy/engine/default.py", line 952, in do_execute
    cursor.execute(statement, parameters)
    ~~~~~~~~~~~~~~^^^^^^^^^^^^^^^^^^^^^^^
  File "/Users/ankit/Documents/sharkship-others/convoy_prod/.venv/lib/python3.14/site-packages/sqlalchemy/dialects/postgresql/asyncpg.py", line 585, in execute
    self._adapt_connection.await_(
    ~~~~~~~~~~~~~~~~~~~~~~~~~~~~~^
        self._prepare_and_execute(operation, parameters)
        ^^^^^^^^^^^^^^^^^^^^^^^^^^^^^^^^^^^^^^^^^^^^^^^^
    )
    ^
  File "/Users/ankit/Documents/sharkship-others/convoy_prod/.venv/lib/python3.14/site-packages/sqlalchemy/util/_concurrency_py3k.py", line 132, in await_only
    return current.parent.switch(awaitable)  # type: ignore[no-any-return,attr-defined] # noqa: E501
           ~~~~~~~~~~~~~~~~~~~~~^^^^^^^^^^^
  File "/Users/ankit/Documents/sharkship-others/convoy_prod/.venv/lib/python3.14/site-packages/sqlalchemy/util/_concurrency_py3k.py", line 196, in greenlet_spawn
    value = await result
            ^^^^^^^^^^^^
  File "/Users/ankit/Documents/sharkship-others/convoy_prod/.venv/lib/python3.14/site-packages/sqlalchemy/dialects/postgresql/asyncpg.py", line 520, in _prepare_and_execute
    await adapt_connection._start_transaction()
  File "/Users/ankit/Documents/sharkship-others/convoy_prod/.venv/lib/python3.14/site-packages/sqlalchemy/dialects/postgresql/asyncpg.py", line 850, in _start_transaction
    self._handle_exception(error)
    ~~~~~~~~~~~~~~~~~~~~~~^^^^^^^
  File "/Users/ankit/Documents/sharkship-others/convoy_prod/.venv/lib/python3.14/site-packages/sqlalchemy/dialects/postgresql/asyncpg.py", line 797, in _handle_exception
    raise translated_error from error
sqlalchemy.exc.DBAPIError: (sqlalchemy.dialects.postgresql.asyncpg.Error) <class 'asyncpg.exceptions.ConnectionDoesNotExistError'>: connection was closed in the middle of operation
[SQL: UPDATE truck_routes SET status=$1::VARCHAR WHERE truck_routes.status IN ($3::VARCHAR, $4::VARCHAR) AND truck_routes.expires_at <= $2::TIMESTAMP WITHOUT TIME ZONE]
[parameters: ('expired', datetime.datetime(2026, 7, 15, 0, 43, 0, 147614), 'available', 'active')]
(Background on this error at: https://sqlalche.me/e/20/dbapi)
2026-07-15 07:26:41 | ERROR    | convoy | Post expiry job failed: (sqlalchemy.dialects.postgresql.asyncpg.Error) <class 'asyncpg.exceptions.ConnectionDoesNotExistError'>: connection was closed in the middle of operation
[SQL: UPDATE truck_routes SET status=$1::VARCHAR WHERE truck_routes.status IN ($3::VARCHAR, $4::VARCHAR) AND truck_routes.expires_at <= $2::TIMESTAMP WITHOUT TIME ZONE]
[parameters: ('expired', datetime.datetime(2026, 7, 15, 1, 40, 41, 205626), 'available', 'active')]
(Background on this error at: https://sqlalche.me/e/20/dbapi)
TimeoutError: [Errno 60] Operation timed out

The above exception was the direct cause of the following exception:

Traceback (most recent call last):
  File "/Users/ankit/Documents/sharkship-others/convoy_prod/.venv/lib/python3.14/site-packages/sqlalchemy/dialects/postgresql/asyncpg.py", line 848, in _start_transaction
    await self._transaction.start()
  File "/Users/ankit/Documents/sharkship-others/convoy_prod/.venv/lib/python3.14/site-packages/asyncpg/transaction.py", line 146, in start
    await self._connection.execute(query)
  File "/Users/ankit/Documents/sharkship-others/convoy_prod/.venv/lib/python3.14/site-packages/asyncpg/connection.py", line 354, in execute
    result = await self._protocol.query(query, timeout)
             ^^^^^^^^^^^^^^^^^^^^^^^^^^^^^^^^^^^^^^^^^^
  File "asyncpg/protocol/protocol.pyx", line 369, in query
asyncpg.exceptions.ConnectionDoesNotExistError: connection was closed in the middle of operation

The above exception was the direct cause of the following exception:

Traceback (most recent call last):
  File "/Users/ankit/Documents/sharkship-others/convoy_prod/.venv/lib/python3.14/site-packages/sqlalchemy/engine/base.py", line 1969, in _exec_single_context
    self.dialect.do_execute(
    ~~~~~~~~~~~~~~~~~~~~~~~^
        cursor, str_statement, effective_parameters, context
        ^^^^^^^^^^^^^^^^^^^^^^^^^^^^^^^^^^^^^^^^^^^^^^^^^^^^
    )
    ^
  File "/Users/ankit/Documents/sharkship-others/convoy_prod/.venv/lib/python3.14/site-packages/sqlalchemy/engine/default.py", line 952, in do_execute
    cursor.execute(statement, parameters)
    ~~~~~~~~~~~~~~^^^^^^^^^^^^^^^^^^^^^^^
  File "/Users/ankit/Documents/sharkship-others/convoy_prod/.venv/lib/python3.14/site-packages/sqlalchemy/dialects/postgresql/asyncpg.py", line 585, in execute
    self._adapt_connection.await_(
    ~~~~~~~~~~~~~~~~~~~~~~~~~~~~~^
        self._prepare_and_execute(operation, parameters)
        ^^^^^^^^^^^^^^^^^^^^^^^^^^^^^^^^^^^^^^^^^^^^^^^^
    )
    ^
  File "/Users/ankit/Documents/sharkship-others/convoy_prod/.venv/lib/python3.14/site-packages/sqlalchemy/util/_concurrency_py3k.py", line 132, in await_only
    return current.parent.switch(awaitable)  # type: ignore[no-any-return,attr-defined] # noqa: E501
           ~~~~~~~~~~~~~~~~~~~~~^^^^^^^^^^^
  File "/Users/ankit/Documents/sharkship-others/convoy_prod/.venv/lib/python3.14/site-packages/sqlalchemy/util/_concurrency_py3k.py", line 196, in greenlet_spawn
    value = await result
            ^^^^^^^^^^^^
  File "/Users/ankit/Documents/sharkship-others/convoy_prod/.venv/lib/python3.14/site-packages/sqlalchemy/dialects/postgresql/asyncpg.py", line 520, in _prepare_and_execute
    await adapt_connection._start_transaction()
  File "/Users/ankit/Documents/sharkship-others/convoy_prod/.venv/lib/python3.14/site-packages/sqlalchemy/dialects/postgresql/asyncpg.py", line 850, in _start_transaction
    self._handle_exception(error)
    ~~~~~~~~~~~~~~~~~~~~~~^^^^^^^
  File "/Users/ankit/Documents/sharkship-others/convoy_prod/.venv/lib/python3.14/site-packages/sqlalchemy/dialects/postgresql/asyncpg.py", line 797, in _handle_exception
    raise translated_error from error
sqlalchemy.dialects.postgresql.asyncpg.AsyncAdapt_asyncpg_dbapi.Error: <class 'asyncpg.exceptions.ConnectionDoesNotExistError'>: connection was closed in the middle of operation

The above exception was the direct cause of the following exception:

Traceback (most recent call last):
  File "/Users/ankit/Documents/sharkship-others/convoy_prod/services/post_expiry.py", line 56, in run_post_expiry_loop
    count = await expire_overdue_posts(session)
            ^^^^^^^^^^^^^^^^^^^^^^^^^^^^^^^^^^^
  File "/Users/ankit/Documents/sharkship-others/convoy_prod/services/post_expiry.py", line 37, in expire_overdue_posts
    result = await session.execute(
             ^^^^^^^^^^^^^^^^^^^^^^
    ...<6 lines>...
    )
    ^
  File "/Users/ankit/Documents/sharkship-others/convoy_prod/.venv/lib/python3.14/site-packages/sqlalchemy/ext/asyncio/session.py", line 448, in execute
    result = await greenlet_spawn(
             ^^^^^^^^^^^^^^^^^^^^^
    ...<6 lines>...
    )
    ^
  File "/Users/ankit/Documents/sharkship-others/convoy_prod/.venv/lib/python3.14/site-packages/sqlalchemy/util/_concurrency_py3k.py", line 203, in greenlet_spawn
    result = context.switch(value)
  File "/Users/ankit/Documents/sharkship-others/convoy_prod/.venv/lib/python3.14/site-packages/sqlalchemy/orm/session.py", line 2373, in execute
    return self._execute_internal(
           ~~~~~~~~~~~~~~~~~~~~~~^
        statement,
        ^^^^^^^^^^
    ...<4 lines>...
        _add_event=_add_event,
        ^^^^^^^^^^^^^^^^^^^^^^
    )
    ^
  File "/Users/ankit/Documents/sharkship-others/convoy_prod/.venv/lib/python3.14/site-packages/sqlalchemy/orm/session.py", line 2271, in _execute_internal
    result: Result[Any] = compile_state_cls.orm_execute_statement(
                          ~~~~~~~~~~~~~~~~~~~~~~~~~~~~~~~~~~~~~~~^
        self,
        ^^^^^
    ...<4 lines>...
        conn,
        ^^^^^
    )
    ^
  File "/Users/ankit/Documents/sharkship-others/convoy_prod/.venv/lib/python3.14/site-packages/sqlalchemy/orm/bulk_persistence.py", line 1660, in orm_execute_statement
    return super().orm_execute_statement(
           ~~~~~~~~~~~~~~~~~~~~~~~~~~~~~^
        session,
        ^^^^^^^^
    ...<4 lines>...
        conn,
        ^^^^^
    )
    ^
  File "/Users/ankit/Documents/sharkship-others/convoy_prod/.venv/lib/python3.14/site-packages/sqlalchemy/orm/context.py", line 306, in orm_execute_statement
    result = conn.execute(
        statement, params or {}, execution_options=execution_options
    )
  File "/Users/ankit/Documents/sharkship-others/convoy_prod/.venv/lib/python3.14/site-packages/sqlalchemy/engine/base.py", line 1421, in execute
    return meth(
        self,
        distilled_parameters,
        execution_options or NO_OPTIONS,
    )
  File "/Users/ankit/Documents/sharkship-others/convoy_prod/.venv/lib/python3.14/site-packages/sqlalchemy/sql/elements.py", line 526, in _execute_on_connection
    return connection._execute_clauseelement(
           ~~~~~~~~~~~~~~~~~~~~~~~~~~~~~~~~~^
        self, distilled_params, execution_options
        ^^^^^^^^^^^^^^^^^^^^^^^^^^^^^^^^^^^^^^^^^
    )
    ^
  File "/Users/ankit/Documents/sharkship-others/convoy_prod/.venv/lib/python3.14/site-packages/sqlalchemy/engine/base.py", line 1643, in _execute_clauseelement
    ret = self._execute_context(
        dialect,
    ...<8 lines>...
        cache_hit=cache_hit,
    )
  File "/Users/ankit/Documents/sharkship-others/convoy_prod/.venv/lib/python3.14/site-packages/sqlalchemy/engine/base.py", line 1848, in _execute_context
    return self._exec_single_context(
           ~~~~~~~~~~~~~~~~~~~~~~~~~^
        dialect, context, statement, parameters
        ^^^^^^^^^^^^^^^^^^^^^^^^^^^^^^^^^^^^^^^
    )
    ^
  File "/Users/ankit/Documents/sharkship-others/convoy_prod/.venv/lib/python3.14/site-packages/sqlalchemy/engine/base.py", line 1988, in _exec_single_context
    self._handle_dbapi_exception(
    ~~~~~~~~~~~~~~~~~~~~~~~~~~~~^
        e, str_statement, effective_parameters, cursor, context
        ^^^^^^^^^^^^^^^^^^^^^^^^^^^^^^^^^^^^^^^^^^^^^^^^^^^^^^^
    )
    ^
  File "/Users/ankit/Documents/sharkship-others/convoy_prod/.venv/lib/python3.14/site-packages/sqlalchemy/engine/base.py", line 2365, in _handle_dbapi_exception
    raise sqlalchemy_exception.with_traceback(exc_info[2]) from e
  File "/Users/ankit/Documents/sharkship-others/convoy_prod/.venv/lib/python3.14/site-packages/sqlalchemy/engine/base.py", line 1969, in _exec_single_context
    self.dialect.do_execute(
    ~~~~~~~~~~~~~~~~~~~~~~~^
        cursor, str_statement, effective_parameters, context
        ^^^^^^^^^^^^^^^^^^^^^^^^^^^^^^^^^^^^^^^^^^^^^^^^^^^^
    )
    ^
  File "/Users/ankit/Documents/sharkship-others/convoy_prod/.venv/lib/python3.14/site-packages/sqlalchemy/engine/default.py", line 952, in do_execute
    cursor.execute(statement, parameters)
    ~~~~~~~~~~~~~~^^^^^^^^^^^^^^^^^^^^^^^
  File "/Users/ankit/Documents/sharkship-others/convoy_prod/.venv/lib/python3.14/site-packages/sqlalchemy/dialects/postgresql/asyncpg.py", line 585, in execute
    self._adapt_connection.await_(
    ~~~~~~~~~~~~~~~~~~~~~~~~~~~~~^
        self._prepare_and_execute(operation, parameters)
        ^^^^^^^^^^^^^^^^^^^^^^^^^^^^^^^^^^^^^^^^^^^^^^^^
    )
    ^
  File "/Users/ankit/Documents/sharkship-others/convoy_prod/.venv/lib/python3.14/site-packages/sqlalchemy/util/_concurrency_py3k.py", line 132, in await_only
    return current.parent.switch(awaitable)  # type: ignore[no-any-return,attr-defined] # noqa: E501
           ~~~~~~~~~~~~~~~~~~~~~^^^^^^^^^^^
  File "/Users/ankit/Documents/sharkship-others/convoy_prod/.venv/lib/python3.14/site-packages/sqlalchemy/util/_concurrency_py3k.py", line 196, in greenlet_spawn
    value = await result
            ^^^^^^^^^^^^
  File "/Users/ankit/Documents/sharkship-others/convoy_prod/.venv/lib/python3.14/site-packages/sqlalchemy/dialects/postgresql/asyncpg.py", line 520, in _prepare_and_execute
    await adapt_connection._start_transaction()
  File "/Users/ankit/Documents/sharkship-others/convoy_prod/.venv/lib/python3.14/site-packages/sqlalchemy/dialects/postgresql/asyncpg.py", line 850, in _start_transaction
    self._handle_exception(error)
    ~~~~~~~~~~~~~~~~~~~~~~^^^^^^^
  File "/Users/ankit/Documents/sharkship-others/convoy_prod/.venv/lib/python3.14/site-packages/sqlalchemy/dialects/postgresql/asyncpg.py", line 797, in _handle_exception
    raise translated_error from error
sqlalchemy.exc.DBAPIError: (sqlalchemy.dialects.postgresql.asyncpg.Error) <class 'asyncpg.exceptions.ConnectionDoesNotExistError'>: connection was closed in the middle of operation
[SQL: UPDATE truck_routes SET status=$1::VARCHAR WHERE truck_routes.status IN ($3::VARCHAR, $4::VARCHAR) AND truck_routes.expires_at <= $2::TIMESTAMP WITHOUT TIME ZONE]
[parameters: ('expired', datetime.datetime(2026, 7, 15, 1, 40, 41, 205626), 'available', 'active')]
(Background on this error at: https://sqlalche.me/e/20/dbapi)
2026-07-15 07:58:41 | ERROR    | convoy | Post expiry job failed: (sqlalchemy.dialects.postgresql.asyncpg.Error) <class 'asyncpg.exceptions.ConnectionDoesNotExistError'>: connection was closed in the middle of operation
[SQL: UPDATE truck_routes SET status=$1::VARCHAR WHERE truck_routes.status IN ($3::VARCHAR, $4::VARCHAR) AND truck_routes.expires_at <= $2::TIMESTAMP WITHOUT TIME ZONE]
[parameters: ('expired', datetime.datetime(2026, 7, 15, 2, 25, 14, 116319), 'available', 'active')]
(Background on this error at: https://sqlalche.me/e/20/dbapi)
TimeoutError: [Errno 60] Operation timed out

The above exception was the direct cause of the following exception:

Traceback (most recent call last):
  File "/Users/ankit/Documents/sharkship-others/convoy_prod/.venv/lib/python3.14/site-packages/sqlalchemy/dialects/postgresql/asyncpg.py", line 848, in _start_transaction
    await self._transaction.start()
  File "/Users/ankit/Documents/sharkship-others/convoy_prod/.venv/lib/python3.14/site-packages/asyncpg/transaction.py", line 146, in start
    await self._connection.execute(query)
  File "/Users/ankit/Documents/sharkship-others/convoy_prod/.venv/lib/python3.14/site-packages/asyncpg/connection.py", line 354, in execute
    result = await self._protocol.query(query, timeout)
             ^^^^^^^^^^^^^^^^^^^^^^^^^^^^^^^^^^^^^^^^^^
  File "asyncpg/protocol/protocol.pyx", line 369, in query
asyncpg.exceptions.ConnectionDoesNotExistError: connection was closed in the middle of operation

The above exception was the direct cause of the following exception:

Traceback (most recent call last):
  File "/Users/ankit/Documents/sharkship-others/convoy_prod/.venv/lib/python3.14/site-packages/sqlalchemy/engine/base.py", line 1969, in _exec_single_context
    self.dialect.do_execute(
    ~~~~~~~~~~~~~~~~~~~~~~~^
        cursor, str_statement, effective_parameters, context
        ^^^^^^^^^^^^^^^^^^^^^^^^^^^^^^^^^^^^^^^^^^^^^^^^^^^^
    )
    ^
  File "/Users/ankit/Documents/sharkship-others/convoy_prod/.venv/lib/python3.14/site-packages/sqlalchemy/engine/default.py", line 952, in do_execute
    cursor.execute(statement, parameters)
    ~~~~~~~~~~~~~~^^^^^^^^^^^^^^^^^^^^^^^
  File "/Users/ankit/Documents/sharkship-others/convoy_prod/.venv/lib/python3.14/site-packages/sqlalchemy/dialects/postgresql/asyncpg.py", line 585, in execute
    self._adapt_connection.await_(
    ~~~~~~~~~~~~~~~~~~~~~~~~~~~~~^
        self._prepare_and_execute(operation, parameters)
        ^^^^^^^^^^^^^^^^^^^^^^^^^^^^^^^^^^^^^^^^^^^^^^^^
    )
    ^
  File "/Users/ankit/Documents/sharkship-others/convoy_prod/.venv/lib/python3.14/site-packages/sqlalchemy/util/_concurrency_py3k.py", line 132, in await_only
    return current.parent.switch(awaitable)  # type: ignore[no-any-return,attr-defined] # noqa: E501
           ~~~~~~~~~~~~~~~~~~~~~^^^^^^^^^^^
  File "/Users/ankit/Documents/sharkship-others/convoy_prod/.venv/lib/python3.14/site-packages/sqlalchemy/util/_concurrency_py3k.py", line 196, in greenlet_spawn
    value = await result
            ^^^^^^^^^^^^
  File "/Users/ankit/Documents/sharkship-others/convoy_prod/.venv/lib/python3.14/site-packages/sqlalchemy/dialects/postgresql/asyncpg.py", line 520, in _prepare_and_execute
    await adapt_connection._start_transaction()
  File "/Users/ankit/Documents/sharkship-others/convoy_prod/.venv/lib/python3.14/site-packages/sqlalchemy/dialects/postgresql/asyncpg.py", line 850, in _start_transaction
    self._handle_exception(error)
    ~~~~~~~~~~~~~~~~~~~~~~^^^^^^^
  File "/Users/ankit/Documents/sharkship-others/convoy_prod/.venv/lib/python3.14/site-packages/sqlalchemy/dialects/postgresql/asyncpg.py", line 797, in _handle_exception
    raise translated_error from error
sqlalchemy.dialects.postgresql.asyncpg.AsyncAdapt_asyncpg_dbapi.Error: <class 'asyncpg.exceptions.ConnectionDoesNotExistError'>: connection was closed in the middle of operation

The above exception was the direct cause of the following exception:

Traceback (most recent call last):
  File "/Users/ankit/Documents/sharkship-others/convoy_prod/services/post_expiry.py", line 56, in run_post_expiry_loop
    count = await expire_overdue_posts(session)
            ^^^^^^^^^^^^^^^^^^^^^^^^^^^^^^^^^^^
  File "/Users/ankit/Documents/sharkship-others/convoy_prod/services/post_expiry.py", line 37, in expire_overdue_posts
    result = await session.execute(
             ^^^^^^^^^^^^^^^^^^^^^^
    ...<6 lines>...
    )
    ^
  File "/Users/ankit/Documents/sharkship-others/convoy_prod/.venv/lib/python3.14/site-packages/sqlalchemy/ext/asyncio/session.py", line 448, in execute
    result = await greenlet_spawn(
             ^^^^^^^^^^^^^^^^^^^^^
    ...<6 lines>...
    )
    ^
  File "/Users/ankit/Documents/sharkship-others/convoy_prod/.venv/lib/python3.14/site-packages/sqlalchemy/util/_concurrency_py3k.py", line 203, in greenlet_spawn
    result = context.switch(value)
  File "/Users/ankit/Documents/sharkship-others/convoy_prod/.venv/lib/python3.14/site-packages/sqlalchemy/orm/session.py", line 2373, in execute
    return self._execute_internal(
           ~~~~~~~~~~~~~~~~~~~~~~^
        statement,
        ^^^^^^^^^^
    ...<4 lines>...
        _add_event=_add_event,
        ^^^^^^^^^^^^^^^^^^^^^^
    )
    ^
  File "/Users/ankit/Documents/sharkship-others/convoy_prod/.venv/lib/python3.14/site-packages/sqlalchemy/orm/session.py", line 2271, in _execute_internal
    result: Result[Any] = compile_state_cls.orm_execute_statement(
                          ~~~~~~~~~~~~~~~~~~~~~~~~~~~~~~~~~~~~~~~^
        self,
        ^^^^^
    ...<4 lines>...
        conn,
        ^^^^^
    )
    ^
  File "/Users/ankit/Documents/sharkship-others/convoy_prod/.venv/lib/python3.14/site-packages/sqlalchemy/orm/bulk_persistence.py", line 1660, in orm_execute_statement
    return super().orm_execute_statement(
           ~~~~~~~~~~~~~~~~~~~~~~~~~~~~~^
        session,
        ^^^^^^^^
    ...<4 lines>...
        conn,
        ^^^^^
    )
    ^
  File "/Users/ankit/Documents/sharkship-others/convoy_prod/.venv/lib/python3.14/site-packages/sqlalchemy/orm/context.py", line 306, in orm_execute_statement
    result = conn.execute(
        statement, params or {}, execution_options=execution_options
    )
  File "/Users/ankit/Documents/sharkship-others/convoy_prod/.venv/lib/python3.14/site-packages/sqlalchemy/engine/base.py", line 1421, in execute
    return meth(
        self,
        distilled_parameters,
        execution_options or NO_OPTIONS,
    )
  File "/Users/ankit/Documents/sharkship-others/convoy_prod/.venv/lib/python3.14/site-packages/sqlalchemy/sql/elements.py", line 526, in _execute_on_connection
    return connection._execute_clauseelement(
           ~~~~~~~~~~~~~~~~~~~~~~~~~~~~~~~~~^
        self, distilled_params, execution_options
        ^^^^^^^^^^^^^^^^^^^^^^^^^^^^^^^^^^^^^^^^^
    )
    ^
  File "/Users/ankit/Documents/sharkship-others/convoy_prod/.venv/lib/python3.14/site-packages/sqlalchemy/engine/base.py", line 1643, in _execute_clauseelement
    ret = self._execute_context(
        dialect,
    ...<8 lines>...
        cache_hit=cache_hit,
    )
  File "/Users/ankit/Documents/sharkship-others/convoy_prod/.venv/lib/python3.14/site-packages/sqlalchemy/engine/base.py", line 1848, in _execute_context
    return self._exec_single_context(
           ~~~~~~~~~~~~~~~~~~~~~~~~~^
        dialect, context, statement, parameters
        ^^^^^^^^^^^^^^^^^^^^^^^^^^^^^^^^^^^^^^^
    )
    ^
  File "/Users/ankit/Documents/sharkship-others/convoy_prod/.venv/lib/python3.14/site-packages/sqlalchemy/engine/base.py", line 1988, in _exec_single_context
    self._handle_dbapi_exception(
    ~~~~~~~~~~~~~~~~~~~~~~~~~~~~^
        e, str_statement, effective_parameters, cursor, context
        ^^^^^^^^^^^^^^^^^^^^^^^^^^^^^^^^^^^^^^^^^^^^^^^^^^^^^^^
    )
    ^
  File "/Users/ankit/Documents/sharkship-others/convoy_prod/.venv/lib/python3.14/site-packages/sqlalchemy/engine/base.py", line 2365, in _handle_dbapi_exception
    raise sqlalchemy_exception.with_traceback(exc_info[2]) from e
  File "/Users/ankit/Documents/sharkship-others/convoy_prod/.venv/lib/python3.14/site-packages/sqlalchemy/engine/base.py", line 1969, in _exec_single_context
    self.dialect.do_execute(
    ~~~~~~~~~~~~~~~~~~~~~~~^
        cursor, str_statement, effective_parameters, context
        ^^^^^^^^^^^^^^^^^^^^^^^^^^^^^^^^^^^^^^^^^^^^^^^^^^^^
    )
    ^
  File "/Users/ankit/Documents/sharkship-others/convoy_prod/.venv/lib/python3.14/site-packages/sqlalchemy/engine/default.py", line 952, in do_execute
    cursor.execute(statement, parameters)
    ~~~~~~~~~~~~~~^^^^^^^^^^^^^^^^^^^^^^^
  File "/Users/ankit/Documents/sharkship-others/convoy_prod/.venv/lib/python3.14/site-packages/sqlalchemy/dialects/postgresql/asyncpg.py", line 585, in execute
    self._adapt_connection.await_(
    ~~~~~~~~~~~~~~~~~~~~~~~~~~~~~^
        self._prepare_and_execute(operation, parameters)
        ^^^^^^^^^^^^^^^^^^^^^^^^^^^^^^^^^^^^^^^^^^^^^^^^
    )
    ^
  File "/Users/ankit/Documents/sharkship-others/convoy_prod/.venv/lib/python3.14/site-packages/sqlalchemy/util/_concurrency_py3k.py", line 132, in await_only
    return current.parent.switch(awaitable)  # type: ignore[no-any-return,attr-defined] # noqa: E501
           ~~~~~~~~~~~~~~~~~~~~~^^^^^^^^^^^
  File "/Users/ankit/Documents/sharkship-others/convoy_prod/.venv/lib/python3.14/site-packages/sqlalchemy/util/_concurrency_py3k.py", line 196, in greenlet_spawn
    value = await result
            ^^^^^^^^^^^^
  File "/Users/ankit/Documents/sharkship-others/convoy_prod/.venv/lib/python3.14/site-packages/sqlalchemy/dialects/postgresql/asyncpg.py", line 520, in _prepare_and_execute
    await adapt_connection._start_transaction()
  File "/Users/ankit/Documents/sharkship-others/convoy_prod/.venv/lib/python3.14/site-packages/sqlalchemy/dialects/postgresql/asyncpg.py", line 850, in _start_transaction
    self._handle_exception(error)
    ~~~~~~~~~~~~~~~~~~~~~~^^^^^^^
  File "/Users/ankit/Documents/sharkship-others/convoy_prod/.venv/lib/python3.14/site-packages/sqlalchemy/dialects/postgresql/asyncpg.py", line 797, in _handle_exception
    raise translated_error from error
sqlalchemy.exc.DBAPIError: (sqlalchemy.dialects.postgresql.asyncpg.Error) <class 'asyncpg.exceptions.ConnectionDoesNotExistError'>: connection was closed in the middle of operation
[SQL: UPDATE truck_routes SET status=$1::VARCHAR WHERE truck_routes.status IN ($3::VARCHAR, $4::VARCHAR) AND truck_routes.expires_at <= $2::TIMESTAMP WITHOUT TIME ZONE]
[parameters: ('expired', datetime.datetime(2026, 7, 15, 2, 25, 14, 116319), 'available', 'active')]
(Background on this error at: https://sqlalche.me/e/20/dbapi)
2026-07-15 09:03:40 | ERROR    | convoy | Post expiry job failed: (sqlalchemy.dialects.postgresql.asyncpg.Error) <class 'asyncpg.exceptions.ConnectionDoesNotExistError'>: connection was closed in the middle of operation
[SQL: UPDATE truck_routes SET status=$1::VARCHAR WHERE truck_routes.status IN ($3::VARCHAR, $4::VARCHAR) AND truck_routes.expires_at <= $2::TIMESTAMP WITHOUT TIME ZONE]
[parameters: ('expired', datetime.datetime(2026, 7, 15, 3, 22, 53, 473287), 'available', 'active')]
(Background on this error at: https://sqlalche.me/e/20/dbapi)
TimeoutError: [Errno 60] Operation timed out

The above exception was the direct cause of the following exception:

Traceback (most recent call last):
  File "/Users/ankit/Documents/sharkship-others/convoy_prod/.venv/lib/python3.14/site-packages/sqlalchemy/dialects/postgresql/asyncpg.py", line 848, in _start_transaction
    await self._transaction.start()
  File "/Users/ankit/Documents/sharkship-others/convoy_prod/.venv/lib/python3.14/site-packages/asyncpg/transaction.py", line 146, in start
    await self._connection.execute(query)
  File "/Users/ankit/Documents/sharkship-others/convoy_prod/.venv/lib/python3.14/site-packages/asyncpg/connection.py", line 354, in execute
    result = await self._protocol.query(query, timeout)
             ^^^^^^^^^^^^^^^^^^^^^^^^^^^^^^^^^^^^^^^^^^
  File "asyncpg/protocol/protocol.pyx", line 369, in query
asyncpg.exceptions.ConnectionDoesNotExistError: connection was closed in the middle of operation

The above exception was the direct cause of the following exception:

Traceback (most recent call last):
  File "/Users/ankit/Documents/sharkship-others/convoy_prod/.venv/lib/python3.14/site-packages/sqlalchemy/engine/base.py", line 1969, in _exec_single_context
    self.dialect.do_execute(
    ~~~~~~~~~~~~~~~~~~~~~~~^
        cursor, str_statement, effective_parameters, context
        ^^^^^^^^^^^^^^^^^^^^^^^^^^^^^^^^^^^^^^^^^^^^^^^^^^^^
    )
    ^
  File "/Users/ankit/Documents/sharkship-others/convoy_prod/.venv/lib/python3.14/site-packages/sqlalchemy/engine/default.py", line 952, in do_execute
    cursor.execute(statement, parameters)
    ~~~~~~~~~~~~~~^^^^^^^^^^^^^^^^^^^^^^^
  File "/Users/ankit/Documents/sharkship-others/convoy_prod/.venv/lib/python3.14/site-packages/sqlalchemy/dialects/postgresql/asyncpg.py", line 585, in execute
    self._adapt_connection.await_(
    ~~~~~~~~~~~~~~~~~~~~~~~~~~~~~^
        self._prepare_and_execute(operation, parameters)
        ^^^^^^^^^^^^^^^^^^^^^^^^^^^^^^^^^^^^^^^^^^^^^^^^
    )
    ^
  File "/Users/ankit/Documents/sharkship-others/convoy_prod/.venv/lib/python3.14/site-packages/sqlalchemy/util/_concurrency_py3k.py", line 132, in await_only
    return current.parent.switch(awaitable)  # type: ignore[no-any-return,attr-defined] # noqa: E501
           ~~~~~~~~~~~~~~~~~~~~~^^^^^^^^^^^
  File "/Users/ankit/Documents/sharkship-others/convoy_prod/.venv/lib/python3.14/site-packages/sqlalchemy/util/_concurrency_py3k.py", line 196, in greenlet_spawn
    value = await result
            ^^^^^^^^^^^^
  File "/Users/ankit/Documents/sharkship-others/convoy_prod/.venv/lib/python3.14/site-packages/sqlalchemy/dialects/postgresql/asyncpg.py", line 520, in _prepare_and_execute
    await adapt_connection._start_transaction()
  File "/Users/ankit/Documents/sharkship-others/convoy_prod/.venv/lib/python3.14/site-packages/sqlalchemy/dialects/postgresql/asyncpg.py", line 850, in _start_transaction
    self._handle_exception(error)
    ~~~~~~~~~~~~~~~~~~~~~~^^^^^^^
  File "/Users/ankit/Documents/sharkship-others/convoy_prod/.venv/lib/python3.14/site-packages/sqlalchemy/dialects/postgresql/asyncpg.py", line 797, in _handle_exception
    raise translated_error from error
sqlalchemy.dialects.postgresql.asyncpg.AsyncAdapt_asyncpg_dbapi.Error: <class 'asyncpg.exceptions.ConnectionDoesNotExistError'>: connection was closed in the middle of operation

The above exception was the direct cause of the following exception:

Traceback (most recent call last):
  File "/Users/ankit/Documents/sharkship-others/convoy_prod/services/post_expiry.py", line 56, in run_post_expiry_loop
    count = await expire_overdue_posts(session)
            ^^^^^^^^^^^^^^^^^^^^^^^^^^^^^^^^^^^
  File "/Users/ankit/Documents/sharkship-others/convoy_prod/services/post_expiry.py", line 37, in expire_overdue_posts
    result = await session.execute(
             ^^^^^^^^^^^^^^^^^^^^^^
    ...<6 lines>...
    )
    ^
  File "/Users/ankit/Documents/sharkship-others/convoy_prod/.venv/lib/python3.14/site-packages/sqlalchemy/ext/asyncio/session.py", line 448, in execute
    result = await greenlet_spawn(
             ^^^^^^^^^^^^^^^^^^^^^
    ...<6 lines>...
    )
    ^
  File "/Users/ankit/Documents/sharkship-others/convoy_prod/.venv/lib/python3.14/site-packages/sqlalchemy/util/_concurrency_py3k.py", line 203, in greenlet_spawn
    result = context.switch(value)
  File "/Users/ankit/Documents/sharkship-others/convoy_prod/.venv/lib/python3.14/site-packages/sqlalchemy/orm/session.py", line 2373, in execute
    return self._execute_internal(
           ~~~~~~~~~~~~~~~~~~~~~~^
        statement,
        ^^^^^^^^^^
    ...<4 lines>...
        _add_event=_add_event,
        ^^^^^^^^^^^^^^^^^^^^^^
    )
    ^
  File "/Users/ankit/Documents/sharkship-others/convoy_prod/.venv/lib/python3.14/site-packages/sqlalchemy/orm/session.py", line 2271, in _execute_internal
    result: Result[Any] = compile_state_cls.orm_execute_statement(
                          ~~~~~~~~~~~~~~~~~~~~~~~~~~~~~~~~~~~~~~~^
        self,
        ^^^^^
    ...<4 lines>...
        conn,
        ^^^^^
    )
    ^
  File "/Users/ankit/Documents/sharkship-others/convoy_prod/.venv/lib/python3.14/site-packages/sqlalchemy/orm/bulk_persistence.py", line 1660, in orm_execute_statement
    return super().orm_execute_statement(
           ~~~~~~~~~~~~~~~~~~~~~~~~~~~~~^
        session,
        ^^^^^^^^
    ...<4 lines>...
        conn,
        ^^^^^
    )
    ^
  File "/Users/ankit/Documents/sharkship-others/convoy_prod/.venv/lib/python3.14/site-packages/sqlalchemy/orm/context.py", line 306, in orm_execute_statement
    result = conn.execute(
        statement, params or {}, execution_options=execution_options
    )
  File "/Users/ankit/Documents/sharkship-others/convoy_prod/.venv/lib/python3.14/site-packages/sqlalchemy/engine/base.py", line 1421, in execute
    return meth(
        self,
        distilled_parameters,
        execution_options or NO_OPTIONS,
    )
  File "/Users/ankit/Documents/sharkship-others/convoy_prod/.venv/lib/python3.14/site-packages/sqlalchemy/sql/elements.py", line 526, in _execute_on_connection
    return connection._execute_clauseelement(
           ~~~~~~~~~~~~~~~~~~~~~~~~~~~~~~~~~^
        self, distilled_params, execution_options
        ^^^^^^^^^^^^^^^^^^^^^^^^^^^^^^^^^^^^^^^^^
    )
    ^
  File "/Users/ankit/Documents/sharkship-others/convoy_prod/.venv/lib/python3.14/site-packages/sqlalchemy/engine/base.py", line 1643, in _execute_clauseelement
    ret = self._execute_context(
        dialect,
    ...<8 lines>...
        cache_hit=cache_hit,
    )
  File "/Users/ankit/Documents/sharkship-others/convoy_prod/.venv/lib/python3.14/site-packages/sqlalchemy/engine/base.py", line 1848, in _execute_context
    return self._exec_single_context(
           ~~~~~~~~~~~~~~~~~~~~~~~~~^
        dialect, context, statement, parameters
        ^^^^^^^^^^^^^^^^^^^^^^^^^^^^^^^^^^^^^^^
    )
    ^
  File "/Users/ankit/Documents/sharkship-others/convoy_prod/.venv/lib/python3.14/site-packages/sqlalchemy/engine/base.py", line 1988, in _exec_single_context
    self._handle_dbapi_exception(
    ~~~~~~~~~~~~~~~~~~~~~~~~~~~~^
        e, str_statement, effective_parameters, cursor, context
        ^^^^^^^^^^^^^^^^^^^^^^^^^^^^^^^^^^^^^^^^^^^^^^^^^^^^^^^
    )
    ^
  File "/Users/ankit/Documents/sharkship-others/convoy_prod/.venv/lib/python3.14/site-packages/sqlalchemy/engine/base.py", line 2365, in _handle_dbapi_exception
    raise sqlalchemy_exception.with_traceback(exc_info[2]) from e
  File "/Users/ankit/Documents/sharkship-others/convoy_prod/.venv/lib/python3.14/site-packages/sqlalchemy/engine/base.py", line 1969, in _exec_single_context
    self.dialect.do_execute(
    ~~~~~~~~~~~~~~~~~~~~~~~^
        cursor, str_statement, effective_parameters, context
        ^^^^^^^^^^^^^^^^^^^^^^^^^^^^^^^^^^^^^^^^^^^^^^^^^^^^
    )
    ^
  File "/Users/ankit/Documents/sharkship-others/convoy_prod/.venv/lib/python3.14/site-packages/sqlalchemy/engine/default.py", line 952, in do_execute
    cursor.execute(statement, parameters)
    ~~~~~~~~~~~~~~^^^^^^^^^^^^^^^^^^^^^^^
  File "/Users/ankit/Documents/sharkship-others/convoy_prod/.venv/lib/python3.14/site-packages/sqlalchemy/dialects/postgresql/asyncpg.py", line 585, in execute
    self._adapt_connection.await_(
    ~~~~~~~~~~~~~~~~~~~~~~~~~~~~~^
        self._prepare_and_execute(operation, parameters)
        ^^^^^^^^^^^^^^^^^^^^^^^^^^^^^^^^^^^^^^^^^^^^^^^^
    )
    ^
  File "/Users/ankit/Documents/sharkship-others/convoy_prod/.venv/lib/python3.14/site-packages/sqlalchemy/util/_concurrency_py3k.py", line 132, in await_only
    return current.parent.switch(awaitable)  # type: ignore[no-any-return,attr-defined] # noqa: E501
           ~~~~~~~~~~~~~~~~~~~~~^^^^^^^^^^^
  File "/Users/ankit/Documents/sharkship-others/convoy_prod/.venv/lib/python3.14/site-packages/sqlalchemy/util/_concurrency_py3k.py", line 196, in greenlet_spawn
    value = await result
            ^^^^^^^^^^^^
  File "/Users/ankit/Documents/sharkship-others/convoy_prod/.venv/lib/python3.14/site-packages/sqlalchemy/dialects/postgresql/asyncpg.py", line 520, in _prepare_and_execute
    await adapt_connection._start_transaction()
  File "/Users/ankit/Documents/sharkship-others/convoy_prod/.venv/lib/python3.14/site-packages/sqlalchemy/dialects/postgresql/asyncpg.py", line 850, in _start_transaction
    self._handle_exception(error)
    ~~~~~~~~~~~~~~~~~~~~~~^^^^^^^
  File "/Users/ankit/Documents/sharkship-others/convoy_prod/.venv/lib/python3.14/site-packages/sqlalchemy/dialects/postgresql/asyncpg.py", line 797, in _handle_exception
    raise translated_error from error
sqlalchemy.exc.DBAPIError: (sqlalchemy.dialects.postgresql.asyncpg.Error) <class 'asyncpg.exceptions.ConnectionDoesNotExistError'>: connection was closed in the middle of operation
[SQL: UPDATE truck_routes SET status=$1::VARCHAR WHERE truck_routes.status IN ($3::VARCHAR, $4::VARCHAR) AND truck_routes.expires_at <= $2::TIMESTAMP WITHOUT TIME ZONE]
[parameters: ('expired', datetime.datetime(2026, 7, 15, 3, 22, 53, 473287), 'available', 'active')]
(Background on this error at: https://sqlalche.me/e/20/dbapi)
2026-07-15 09:10:06 | ERROR    | asyncio | Future exception was never retrieved
future: <Future finished exception=gaierror(8, 'nodename nor servname provided, or not known')>
socket.gaierror: [Errno 8] nodename nor servname provided, or not known
2026-07-15 09:10:06 | ERROR    | convoy | Post expiry job failed: [Errno 8] nodename nor servname provided, or not known
Traceback (most recent call last):
  File "/Users/ankit/Documents/sharkship-others/convoy_prod/services/post_expiry.py", line 56, in run_post_expiry_loop
    count = await expire_overdue_posts(session)
            ^^^^^^^^^^^^^^^^^^^^^^^^^^^^^^^^^^^
  File "/Users/ankit/Documents/sharkship-others/convoy_prod/services/post_expiry.py", line 37, in expire_overdue_posts
    result = await session.execute(
             ^^^^^^^^^^^^^^^^^^^^^^
    ...<6 lines>...
    )
    ^
  File "/Users/ankit/Documents/sharkship-others/convoy_prod/.venv/lib/python3.14/site-packages/sqlalchemy/ext/asyncio/session.py", line 448, in execute
    result = await greenlet_spawn(
             ^^^^^^^^^^^^^^^^^^^^^
    ...<6 lines>...
    )
    ^
  File "/Users/ankit/Documents/sharkship-others/convoy_prod/.venv/lib/python3.14/site-packages/sqlalchemy/util/_concurrency_py3k.py", line 201, in greenlet_spawn
    result = context.throw(*sys.exc_info())
  File "/Users/ankit/Documents/sharkship-others/convoy_prod/.venv/lib/python3.14/site-packages/sqlalchemy/orm/session.py", line 2373, in execute
    return self._execute_internal(
           ~~~~~~~~~~~~~~~~~~~~~~^
        statement,
        ^^^^^^^^^^
    ...<4 lines>...
        _add_event=_add_event,
        ^^^^^^^^^^^^^^^^^^^^^^
    )
    ^
  File "/Users/ankit/Documents/sharkship-others/convoy_prod/.venv/lib/python3.14/site-packages/sqlalchemy/orm/session.py", line 2261, in _execute_internal
    conn = self._connection_for_bind(bind)
  File "/Users/ankit/Documents/sharkship-others/convoy_prod/.venv/lib/python3.14/site-packages/sqlalchemy/orm/session.py", line 2113, in _connection_for_bind
    return trans._connection_for_bind(engine, execution_options)
           ~~~~~~~~~~~~~~~~~~~~~~~~~~^^^^^^^^^^^^^^^^^^^^^^^^^^^
  File "<string>", line 2, in _connection_for_bind
  File "/Users/ankit/Documents/sharkship-others/convoy_prod/.venv/lib/python3.14/site-packages/sqlalchemy/orm/state_changes.py", line 137, in _go
    ret_value = fn(self, *arg, **kw)
  File "/Users/ankit/Documents/sharkship-others/convoy_prod/.venv/lib/python3.14/site-packages/sqlalchemy/orm/session.py", line 1191, in _connection_for_bind
    conn = bind.connect()
  File "/Users/ankit/Documents/sharkship-others/convoy_prod/.venv/lib/python3.14/site-packages/sqlalchemy/engine/base.py", line 3295, in connect
    return self._connection_cls(self)
           ~~~~~~~~~~~~~~~~~~~~^^^^^^
  File "/Users/ankit/Documents/sharkship-others/convoy_prod/.venv/lib/python3.14/site-packages/sqlalchemy/engine/base.py", line 144, in __init__
    self._dbapi_connection = engine.raw_connection()
                             ~~~~~~~~~~~~~~~~~~~~~^^
  File "/Users/ankit/Documents/sharkship-others/convoy_prod/.venv/lib/python3.14/site-packages/sqlalchemy/engine/base.py", line 3319, in raw_connection
    return self.pool.connect()
           ~~~~~~~~~~~~~~~~~^^
  File "/Users/ankit/Documents/sharkship-others/convoy_prod/.venv/lib/python3.14/site-packages/sqlalchemy/pool/base.py", line 448, in connect
    return _ConnectionFairy._checkout(self)
           ~~~~~~~~~~~~~~~~~~~~~~~~~~^^^^^^
  File "/Users/ankit/Documents/sharkship-others/convoy_prod/.venv/lib/python3.14/site-packages/sqlalchemy/pool/base.py", line 1272, in _checkout
    fairy = _ConnectionRecord.checkout(pool)
  File "/Users/ankit/Documents/sharkship-others/convoy_prod/.venv/lib/python3.14/site-packages/sqlalchemy/pool/base.py", line 717, in checkout
    with util.safe_reraise():
         ~~~~~~~~~~~~~~~~~^^
  File "/Users/ankit/Documents/sharkship-others/convoy_prod/.venv/lib/python3.14/site-packages/sqlalchemy/util/langhelpers.py", line 122, in __exit__
    raise exc_value.with_traceback(exc_tb)
  File "/Users/ankit/Documents/sharkship-others/convoy_prod/.venv/lib/python3.14/site-packages/sqlalchemy/pool/base.py", line 715, in checkout
    dbapi_connection = rec.get_connection()
  File "/Users/ankit/Documents/sharkship-others/convoy_prod/.venv/lib/python3.14/site-packages/sqlalchemy/pool/base.py", line 866, in get_connection
    self.__connect()
    ~~~~~~~~~~~~~~^^
  File "/Users/ankit/Documents/sharkship-others/convoy_prod/.venv/lib/python3.14/site-packages/sqlalchemy/pool/base.py", line 900, in __connect
    with util.safe_reraise():
         ~~~~~~~~~~~~~~~~~^^
  File "/Users/ankit/Documents/sharkship-others/convoy_prod/.venv/lib/python3.14/site-packages/sqlalchemy/util/langhelpers.py", line 122, in __exit__
    raise exc_value.with_traceback(exc_tb)
  File "/Users/ankit/Documents/sharkship-others/convoy_prod/.venv/lib/python3.14/site-packages/sqlalchemy/pool/base.py", line 896, in __connect
    self.dbapi_connection = connection = pool._invoke_creator(self)
                                         ~~~~~~~~~~~~~~~~~~~~^^^^^^
  File "/Users/ankit/Documents/sharkship-others/convoy_prod/.venv/lib/python3.14/site-packages/sqlalchemy/engine/create.py", line 667, in connect
    return dialect.connect(*cargs_tup, **cparams)
           ~~~~~~~~~~~~~~~^^^^^^^^^^^^^^^^^^^^^^^
  File "/Users/ankit/Documents/sharkship-others/convoy_prod/.venv/lib/python3.14/site-packages/sqlalchemy/engine/default.py", line 630, in connect
    return self.loaded_dbapi.connect(*cargs, **cparams)  # type: ignore[no-any-return]  # NOQA: E501
           ~~~~~~~~~~~~~~~~~~~~~~~~~^^^^^^^^^^^^^^^^^^^
  File "/Users/ankit/Documents/sharkship-others/convoy_prod/.venv/lib/python3.14/site-packages/sqlalchemy/dialects/postgresql/asyncpg.py", line 955, in connect
    await_only(creator_fn(*arg, **kw)),
    ~~~~~~~~~~^^^^^^^^^^^^^^^^^^^^^^^^
  File "/Users/ankit/Documents/sharkship-others/convoy_prod/.venv/lib/python3.14/site-packages/sqlalchemy/util/_concurrency_py3k.py", line 132, in await_only
    return current.parent.switch(awaitable)  # type: ignore[no-any-return,attr-defined] # noqa: E501
           ~~~~~~~~~~~~~~~~~~~~~^^^^^^^^^^^
  File "/Users/ankit/Documents/sharkship-others/convoy_prod/.venv/lib/python3.14/site-packages/sqlalchemy/util/_concurrency_py3k.py", line 196, in greenlet_spawn
    value = await result
            ^^^^^^^^^^^^
  File "/Users/ankit/Documents/sharkship-others/convoy_prod/.venv/lib/python3.14/site-packages/asyncpg/connection.py", line 2443, in connect
    return await connect_utils._connect(
           ^^^^^^^^^^^^^^^^^^^^^^^^^^^^^
    ...<22 lines>...
    )
    ^
  File "/Users/ankit/Documents/sharkship-others/convoy_prod/.venv/lib/python3.14/site-packages/asyncpg/connect_utils.py", line 1249, in _connect
    raise last_error or exceptions.TargetServerAttributeNotMatched(
    ...<2 lines>...
    )
  File "/Users/ankit/Documents/sharkship-others/convoy_prod/.venv/lib/python3.14/site-packages/asyncpg/connect_utils.py", line 1218, in _connect
    conn = await _connect_addr(
           ^^^^^^^^^^^^^^^^^^^^
    ...<6 lines>...
    )
    ^
  File "/Users/ankit/Documents/sharkship-others/convoy_prod/.venv/lib/python3.14/site-packages/asyncpg/connect_utils.py", line 1054, in _connect_addr
    return await __connect_addr(params, True, *args)
           ^^^^^^^^^^^^^^^^^^^^^^^^^^^^^^^^^^^^^^^^^
  File "/Users/ankit/Documents/sharkship-others/convoy_prod/.venv/lib/python3.14/site-packages/asyncpg/connect_utils.py", line 1099, in __connect_addr
    tr, pr = await connector
             ^^^^^^^^^^^^^^^
  File "/Users/ankit/Documents/sharkship-others/convoy_prod/.venv/lib/python3.14/site-packages/asyncpg/connect_utils.py", line 969, in _create_ssl_connection
    tr, pr = await loop.create_connection(
             ^^^^^^^^^^^^^^^^^^^^^^^^^^^^^
    ...<2 lines>...
        host, port)
        ^^^^^^^^^^^
  File "uvloop/loop.pyx", line 1982, in create_connection
socket.gaierror: [Errno 8] nodename nor servname provided, or not known
2026-07-15 09:26:38 | ERROR    | convoy | Post expiry job failed: [Errno 8] nodename nor servname provided, or not known
Traceback (most recent call last):
  File "/Users/ankit/Documents/sharkship-others/convoy_prod/services/post_expiry.py", line 56, in run_post_expiry_loop
    count = await expire_overdue_posts(session)
            ^^^^^^^^^^^^^^^^^^^^^^^^^^^^^^^^^^^
  File "/Users/ankit/Documents/sharkship-others/convoy_prod/services/post_expiry.py", line 37, in expire_overdue_posts
    result = await session.execute(
             ^^^^^^^^^^^^^^^^^^^^^^
    ...<6 lines>...
    )
    ^
  File "/Users/ankit/Documents/sharkship-others/convoy_prod/.venv/lib/python3.14/site-packages/sqlalchemy/ext/asyncio/session.py", line 448, in execute
    result = await greenlet_spawn(
             ^^^^^^^^^^^^^^^^^^^^^
    ...<6 lines>...
    )
    ^
  File "/Users/ankit/Documents/sharkship-others/convoy_prod/.venv/lib/python3.14/site-packages/sqlalchemy/util/_concurrency_py3k.py", line 201, in greenlet_spawn
    result = context.throw(*sys.exc_info())
  File "/Users/ankit/Documents/sharkship-others/convoy_prod/.venv/lib/python3.14/site-packages/sqlalchemy/orm/session.py", line 2373, in execute
    return self._execute_internal(
           ~~~~~~~~~~~~~~~~~~~~~~^
        statement,
        ^^^^^^^^^^
    ...<4 lines>...
        _add_event=_add_event,
        ^^^^^^^^^^^^^^^^^^^^^^
    )
    ^
  File "/Users/ankit/Documents/sharkship-others/convoy_prod/.venv/lib/python3.14/site-packages/sqlalchemy/orm/session.py", line 2261, in _execute_internal
    conn = self._connection_for_bind(bind)
  File "/Users/ankit/Documents/sharkship-others/convoy_prod/.venv/lib/python3.14/site-packages/sqlalchemy/orm/session.py", line 2113, in _connection_for_bind
    return trans._connection_for_bind(engine, execution_options)
           ~~~~~~~~~~~~~~~~~~~~~~~~~~^^^^^^^^^^^^^^^^^^^^^^^^^^^
  File "<string>", line 2, in _connection_for_bind
  File "/Users/ankit/Documents/sharkship-others/convoy_prod/.venv/lib/python3.14/site-packages/sqlalchemy/orm/state_changes.py", line 137, in _go
    ret_value = fn(self, *arg, **kw)
  File "/Users/ankit/Documents/sharkship-others/convoy_prod/.venv/lib/python3.14/site-packages/sqlalchemy/orm/session.py", line 1191, in _connection_for_bind
    conn = bind.connect()
  File "/Users/ankit/Documents/sharkship-others/convoy_prod/.venv/lib/python3.14/site-packages/sqlalchemy/engine/base.py", line 3295, in connect
    return self._connection_cls(self)
           ~~~~~~~~~~~~~~~~~~~~^^^^^^
  File "/Users/ankit/Documents/sharkship-others/convoy_prod/.venv/lib/python3.14/site-packages/sqlalchemy/engine/base.py", line 144, in __init__
    self._dbapi_connection = engine.raw_connection()
                             ~~~~~~~~~~~~~~~~~~~~~^^
  File "/Users/ankit/Documents/sharkship-others/convoy_prod/.venv/lib/python3.14/site-packages/sqlalchemy/engine/base.py", line 3319, in raw_connection
    return self.pool.connect()
           ~~~~~~~~~~~~~~~~~^^
  File "/Users/ankit/Documents/sharkship-others/convoy_prod/.venv/lib/python3.14/site-packages/sqlalchemy/pool/base.py", line 448, in connect
    return _ConnectionFairy._checkout(self)
           ~~~~~~~~~~~~~~~~~~~~~~~~~~^^^^^^
  File "/Users/ankit/Documents/sharkship-others/convoy_prod/.venv/lib/python3.14/site-packages/sqlalchemy/pool/base.py", line 1272, in _checkout
    fairy = _ConnectionRecord.checkout(pool)
  File "/Users/ankit/Documents/sharkship-others/convoy_prod/.venv/lib/python3.14/site-packages/sqlalchemy/pool/base.py", line 717, in checkout
    with util.safe_reraise():
         ~~~~~~~~~~~~~~~~~^^
  File "/Users/ankit/Documents/sharkship-others/convoy_prod/.venv/lib/python3.14/site-packages/sqlalchemy/util/langhelpers.py", line 122, in __exit__
    raise exc_value.with_traceback(exc_tb)
  File "/Users/ankit/Documents/sharkship-others/convoy_prod/.venv/lib/python3.14/site-packages/sqlalchemy/pool/base.py", line 715, in checkout
    dbapi_connection = rec.get_connection()
  File "/Users/ankit/Documents/sharkship-others/convoy_prod/.venv/lib/python3.14/site-packages/sqlalchemy/pool/base.py", line 837, in get_connection
    self.__connect()
    ~~~~~~~~~~~~~~^^
  File "/Users/ankit/Documents/sharkship-others/convoy_prod/.venv/lib/python3.14/site-packages/sqlalchemy/pool/base.py", line 900, in __connect
    with util.safe_reraise():
         ~~~~~~~~~~~~~~~~~^^
  File "/Users/ankit/Documents/sharkship-others/convoy_prod/.venv/lib/python3.14/site-packages/sqlalchemy/util/langhelpers.py", line 122, in __exit__
    raise exc_value.with_traceback(exc_tb)
  File "/Users/ankit/Documents/sharkship-others/convoy_prod/.venv/lib/python3.14/site-packages/sqlalchemy/pool/base.py", line 896, in __connect
    self.dbapi_connection = connection = pool._invoke_creator(self)
                                         ~~~~~~~~~~~~~~~~~~~~^^^^^^
  File "/Users/ankit/Documents/sharkship-others/convoy_prod/.venv/lib/python3.14/site-packages/sqlalchemy/engine/create.py", line 667, in connect
    return dialect.connect(*cargs_tup, **cparams)
           ~~~~~~~~~~~~~~~^^^^^^^^^^^^^^^^^^^^^^^
  File "/Users/ankit/Documents/sharkship-others/convoy_prod/.venv/lib/python3.14/site-packages/sqlalchemy/engine/default.py", line 630, in connect
    return self.loaded_dbapi.connect(*cargs, **cparams)  # type: ignore[no-any-return]  # NOQA: E501
           ~~~~~~~~~~~~~~~~~~~~~~~~~^^^^^^^^^^^^^^^^^^^
  File "/Users/ankit/Documents/sharkship-others/convoy_prod/.venv/lib/python3.14/site-packages/sqlalchemy/dialects/postgresql/asyncpg.py", line 955, in connect
    await_only(creator_fn(*arg, **kw)),
    ~~~~~~~~~~^^^^^^^^^^^^^^^^^^^^^^^^
  File "/Users/ankit/Documents/sharkship-others/convoy_prod/.venv/lib/python3.14/site-packages/sqlalchemy/util/_concurrency_py3k.py", line 132, in await_only
    return current.parent.switch(awaitable)  # type: ignore[no-any-return,attr-defined] # noqa: E501
           ~~~~~~~~~~~~~~~~~~~~~^^^^^^^^^^^
  File "/Users/ankit/Documents/sharkship-others/convoy_prod/.venv/lib/python3.14/site-packages/sqlalchemy/util/_concurrency_py3k.py", line 196, in greenlet_spawn
    value = await result
            ^^^^^^^^^^^^
  File "/Users/ankit/Documents/sharkship-others/convoy_prod/.venv/lib/python3.14/site-packages/asyncpg/connection.py", line 2443, in connect
    return await connect_utils._connect(
           ^^^^^^^^^^^^^^^^^^^^^^^^^^^^^
    ...<22 lines>...
    )
    ^
  File "/Users/ankit/Documents/sharkship-others/convoy_prod/.venv/lib/python3.14/site-packages/asyncpg/connect_utils.py", line 1249, in _connect
    raise last_error or exceptions.TargetServerAttributeNotMatched(
    ...<2 lines>...
    )
  File "/Users/ankit/Documents/sharkship-others/convoy_prod/.venv/lib/python3.14/site-packages/asyncpg/connect_utils.py", line 1218, in _connect
    conn = await _connect_addr(
           ^^^^^^^^^^^^^^^^^^^^
    ...<6 lines>...
    )
    ^
  File "/Users/ankit/Documents/sharkship-others/convoy_prod/.venv/lib/python3.14/site-packages/asyncpg/connect_utils.py", line 1054, in _connect_addr
    return await __connect_addr(params, True, *args)
           ^^^^^^^^^^^^^^^^^^^^^^^^^^^^^^^^^^^^^^^^^
  File "/Users/ankit/Documents/sharkship-others/convoy_prod/.venv/lib/python3.14/site-packages/asyncpg/connect_utils.py", line 1099, in __connect_addr
    tr, pr = await connector
             ^^^^^^^^^^^^^^^
  File "/Users/ankit/Documents/sharkship-others/convoy_prod/.venv/lib/python3.14/site-packages/asyncpg/connect_utils.py", line 969, in _create_ssl_connection
    tr, pr = await loop.create_connection(
             ^^^^^^^^^^^^^^^^^^^^^^^^^^^^^
    ...<2 lines>...
        host, port)
        ^^^^^^^^^^^
  File "uvloop/loop.pyx", line 1982, in create_connection
socket.gaierror: [Errno 8] nodename nor servname provided, or not known
2026-07-15 09:38:52 | ERROR    | convoy | Error fetching Veup API token: HTTPSConnectionPool(host='token.veup.io', port=443): Read timed out. (read timeout=15)
2026-07-15 09:40:48 | ERROR    | convoy | Error in send_otp: no pg_hba.conf entry for host "122.162.147.87", user "tmsbackend", database "convoy_new", no encryption
2026-07-15 09:41:39 | ERROR    | convoy | Error sending Veup SMS: HTTPSConnectionPool(host='c-api.veup.io', port=443): Read timed out. (read timeout=15)
2026-07-15 09:41:49 | ERROR    | convoy | Error in send_otp: no pg_hba.conf entry for host "122.162.147.87", user "tmsbackend", database "convoy_new", no encryption
2026-07-15 09:58:11 | ERROR    | convoy | Error sending Veup SMS: HTTPSConnectionPool(host='c-api.veup.io', port=443): Read timed out. (read timeout=15)
2026-07-15 10:06:53 | ERROR    | convoy | Post expiry job failed: (sqlalchemy.dialects.postgresql.asyncpg.Error) <class 'asyncpg.exceptions.ConnectionDoesNotExistError'>: connection was closed in the middle of operation
[SQL: UPDATE truck_routes SET status=$1::VARCHAR WHERE truck_routes.status IN ($3::VARCHAR, $4::VARCHAR) AND truck_routes.expires_at <= $2::TIMESTAMP WITHOUT TIME ZONE]
[parameters: ('expired', datetime.datetime(2026, 7, 15, 4, 35, 3, 708976), 'available', 'active')]
(Background on this error at: https://sqlalche.me/e/20/dbapi)
OSError: [Errno 49] Can't assign requested address

The above exception was the direct cause of the following exception:

Traceback (most recent call last):
  File "/Users/ankit/Documents/sharkship-others/convoy_prod/.venv/lib/python3.14/site-packages/sqlalchemy/dialects/postgresql/asyncpg.py", line 848, in _start_transaction
    await self._transaction.start()
  File "/Users/ankit/Documents/sharkship-others/convoy_prod/.venv/lib/python3.14/site-packages/asyncpg/transaction.py", line 146, in start
    await self._connection.execute(query)
  File "/Users/ankit/Documents/sharkship-others/convoy_prod/.venv/lib/python3.14/site-packages/asyncpg/connection.py", line 354, in execute
    result = await self._protocol.query(query, timeout)
             ^^^^^^^^^^^^^^^^^^^^^^^^^^^^^^^^^^^^^^^^^^
  File "asyncpg/protocol/protocol.pyx", line 369, in query
asyncpg.exceptions.ConnectionDoesNotExistError: connection was closed in the middle of operation

The above exception was the direct cause of the following exception:

Traceback (most recent call last):
  File "/Users/ankit/Documents/sharkship-others/convoy_prod/.venv/lib/python3.14/site-packages/sqlalchemy/engine/base.py", line 1969, in _exec_single_context
    self.dialect.do_execute(
    ~~~~~~~~~~~~~~~~~~~~~~~^
        cursor, str_statement, effective_parameters, context
        ^^^^^^^^^^^^^^^^^^^^^^^^^^^^^^^^^^^^^^^^^^^^^^^^^^^^
    )
    ^
  File "/Users/ankit/Documents/sharkship-others/convoy_prod/.venv/lib/python3.14/site-packages/sqlalchemy/engine/default.py", line 952, in do_execute
    cursor.execute(statement, parameters)
    ~~~~~~~~~~~~~~^^^^^^^^^^^^^^^^^^^^^^^
  File "/Users/ankit/Documents/sharkship-others/convoy_prod/.venv/lib/python3.14/site-packages/sqlalchemy/dialects/postgresql/asyncpg.py", line 585, in execute
    self._adapt_connection.await_(
    ~~~~~~~~~~~~~~~~~~~~~~~~~~~~~^
        self._prepare_and_execute(operation, parameters)
        ^^^^^^^^^^^^^^^^^^^^^^^^^^^^^^^^^^^^^^^^^^^^^^^^
    )
    ^
  File "/Users/ankit/Documents/sharkship-others/convoy_prod/.venv/lib/python3.14/site-packages/sqlalchemy/util/_concurrency_py3k.py", line 132, in await_only
    return current.parent.switch(awaitable)  # type: ignore[no-any-return,attr-defined] # noqa: E501
           ~~~~~~~~~~~~~~~~~~~~~^^^^^^^^^^^
  File "/Users/ankit/Documents/sharkship-others/convoy_prod/.venv/lib/python3.14/site-packages/sqlalchemy/util/_concurrency_py3k.py", line 196, in greenlet_spawn
    value = await result
            ^^^^^^^^^^^^
  File "/Users/ankit/Documents/sharkship-others/convoy_prod/.venv/lib/python3.14/site-packages/sqlalchemy/dialects/postgresql/asyncpg.py", line 520, in _prepare_and_execute
    await adapt_connection._start_transaction()
  File "/Users/ankit/Documents/sharkship-others/convoy_prod/.venv/lib/python3.14/site-packages/sqlalchemy/dialects/postgresql/asyncpg.py", line 850, in _start_transaction
    self._handle_exception(error)
    ~~~~~~~~~~~~~~~~~~~~~~^^^^^^^
  File "/Users/ankit/Documents/sharkship-others/convoy_prod/.venv/lib/python3.14/site-packages/sqlalchemy/dialects/postgresql/asyncpg.py", line 797, in _handle_exception
    raise translated_error from error
sqlalchemy.dialects.postgresql.asyncpg.AsyncAdapt_asyncpg_dbapi.Error: <class 'asyncpg.exceptions.ConnectionDoesNotExistError'>: connection was closed in the middle of operation

The above exception was the direct cause of the following exception:

Traceback (most recent call last):
  File "/Users/ankit/Documents/sharkship-others/convoy_prod/services/post_expiry.py", line 56, in run_post_expiry_loop
    count = await expire_overdue_posts(session)
            ^^^^^^^^^^^^^^^^^^^^^^^^^^^^^^^^^^^
  File "/Users/ankit/Documents/sharkship-others/convoy_prod/services/post_expiry.py", line 37, in expire_overdue_posts
    result = await session.execute(
             ^^^^^^^^^^^^^^^^^^^^^^
    ...<6 lines>...
    )
    ^
  File "/Users/ankit/Documents/sharkship-others/convoy_prod/.venv/lib/python3.14/site-packages/sqlalchemy/ext/asyncio/session.py", line 448, in execute
    result = await greenlet_spawn(
             ^^^^^^^^^^^^^^^^^^^^^
    ...<6 lines>...
    )
    ^
  File "/Users/ankit/Documents/sharkship-others/convoy_prod/.venv/lib/python3.14/site-packages/sqlalchemy/util/_concurrency_py3k.py", line 203, in greenlet_spawn
    result = context.switch(value)
  File "/Users/ankit/Documents/sharkship-others/convoy_prod/.venv/lib/python3.14/site-packages/sqlalchemy/orm/session.py", line 2373, in execute
    return self._execute_internal(
           ~~~~~~~~~~~~~~~~~~~~~~^
        statement,
        ^^^^^^^^^^
    ...<4 lines>...
        _add_event=_add_event,
        ^^^^^^^^^^^^^^^^^^^^^^
    )
    ^
  File "/Users/ankit/Documents/sharkship-others/convoy_prod/.venv/lib/python3.14/site-packages/sqlalchemy/orm/session.py", line 2271, in _execute_internal
    result: Result[Any] = compile_state_cls.orm_execute_statement(
                          ~~~~~~~~~~~~~~~~~~~~~~~~~~~~~~~~~~~~~~~^
        self,
        ^^^^^
    ...<4 lines>...
        conn,
        ^^^^^
    )
    ^
  File "/Users/ankit/Documents/sharkship-others/convoy_prod/.venv/lib/python3.14/site-packages/sqlalchemy/orm/bulk_persistence.py", line 1660, in orm_execute_statement
    return super().orm_execute_statement(
           ~~~~~~~~~~~~~~~~~~~~~~~~~~~~~^
        session,
        ^^^^^^^^
    ...<4 lines>...
        conn,
        ^^^^^
    )
    ^
  File "/Users/ankit/Documents/sharkship-others/convoy_prod/.venv/lib/python3.14/site-packages/sqlalchemy/orm/context.py", line 306, in orm_execute_statement
    result = conn.execute(
        statement, params or {}, execution_options=execution_options
    )
  File "/Users/ankit/Documents/sharkship-others/convoy_prod/.venv/lib/python3.14/site-packages/sqlalchemy/engine/base.py", line 1421, in execute
    return meth(
        self,
        distilled_parameters,
        execution_options or NO_OPTIONS,
    )
  File "/Users/ankit/Documents/sharkship-others/convoy_prod/.venv/lib/python3.14/site-packages/sqlalchemy/sql/elements.py", line 526, in _execute_on_connection
    return connection._execute_clauseelement(
           ~~~~~~~~~~~~~~~~~~~~~~~~~~~~~~~~~^
        self, distilled_params, execution_options
        ^^^^^^^^^^^^^^^^^^^^^^^^^^^^^^^^^^^^^^^^^
    )
    ^
  File "/Users/ankit/Documents/sharkship-others/convoy_prod/.venv/lib/python3.14/site-packages/sqlalchemy/engine/base.py", line 1643, in _execute_clauseelement
    ret = self._execute_context(
        dialect,
    ...<8 lines>...
        cache_hit=cache_hit,
    )
  File "/Users/ankit/Documents/sharkship-others/convoy_prod/.venv/lib/python3.14/site-packages/sqlalchemy/engine/base.py", line 1848, in _execute_context
    return self._exec_single_context(
           ~~~~~~~~~~~~~~~~~~~~~~~~~^
        dialect, context, statement, parameters
        ^^^^^^^^^^^^^^^^^^^^^^^^^^^^^^^^^^^^^^^
    )
    ^
  File "/Users/ankit/Documents/sharkship-others/convoy_prod/.venv/lib/python3.14/site-packages/sqlalchemy/engine/base.py", line 1988, in _exec_single_context
    self._handle_dbapi_exception(
    ~~~~~~~~~~~~~~~~~~~~~~~~~~~~^
        e, str_statement, effective_parameters, cursor, context
        ^^^^^^^^^^^^^^^^^^^^^^^^^^^^^^^^^^^^^^^^^^^^^^^^^^^^^^^
    )
    ^
  File "/Users/ankit/Documents/sharkship-others/convoy_prod/.venv/lib/python3.14/site-packages/sqlalchemy/engine/base.py", line 2365, in _handle_dbapi_exception
    raise sqlalchemy_exception.with_traceback(exc_info[2]) from e
  File "/Users/ankit/Documents/sharkship-others/convoy_prod/.venv/lib/python3.14/site-packages/sqlalchemy/engine/base.py", line 1969, in _exec_single_context
    self.dialect.do_execute(
    ~~~~~~~~~~~~~~~~~~~~~~~^
        cursor, str_statement, effective_parameters, context
        ^^^^^^^^^^^^^^^^^^^^^^^^^^^^^^^^^^^^^^^^^^^^^^^^^^^^
    )
    ^
  File "/Users/ankit/Documents/sharkship-others/convoy_prod/.venv/lib/python3.14/site-packages/sqlalchemy/engine/default.py", line 952, in do_execute
    cursor.execute(statement, parameters)
    ~~~~~~~~~~~~~~^^^^^^^^^^^^^^^^^^^^^^^
  File "/Users/ankit/Documents/sharkship-others/convoy_prod/.venv/lib/python3.14/site-packages/sqlalchemy/dialects/postgresql/asyncpg.py", line 585, in execute
    self._adapt_connection.await_(
    ~~~~~~~~~~~~~~~~~~~~~~~~~~~~~^
        self._prepare_and_execute(operation, parameters)
        ^^^^^^^^^^^^^^^^^^^^^^^^^^^^^^^^^^^^^^^^^^^^^^^^
    )
    ^
  File "/Users/ankit/Documents/sharkship-others/convoy_prod/.venv/lib/python3.14/site-packages/sqlalchemy/util/_concurrency_py3k.py", line 132, in await_only
    return current.parent.switch(awaitable)  # type: ignore[no-any-return,attr-defined] # noqa: E501
           ~~~~~~~~~~~~~~~~~~~~~^^^^^^^^^^^
  File "/Users/ankit/Documents/sharkship-others/convoy_prod/.venv/lib/python3.14/site-packages/sqlalchemy/util/_concurrency_py3k.py", line 196, in greenlet_spawn
    value = await result
            ^^^^^^^^^^^^
  File "/Users/ankit/Documents/sharkship-others/convoy_prod/.venv/lib/python3.14/site-packages/sqlalchemy/dialects/postgresql/asyncpg.py", line 520, in _prepare_and_execute
    await adapt_connection._start_transaction()
  File "/Users/ankit/Documents/sharkship-others/convoy_prod/.venv/lib/python3.14/site-packages/sqlalchemy/dialects/postgresql/asyncpg.py", line 850, in _start_transaction
    self._handle_exception(error)
    ~~~~~~~~~~~~~~~~~~~~~~^^^^^^^
  File "/Users/ankit/Documents/sharkship-others/convoy_prod/.venv/lib/python3.14/site-packages/sqlalchemy/dialects/postgresql/asyncpg.py", line 797, in _handle_exception
    raise translated_error from error
sqlalchemy.exc.DBAPIError: (sqlalchemy.dialects.postgresql.asyncpg.Error) <class 'asyncpg.exceptions.ConnectionDoesNotExistError'>: connection was closed in the middle of operation
[SQL: UPDATE truck_routes SET status=$1::VARCHAR WHERE truck_routes.status IN ($3::VARCHAR, $4::VARCHAR) AND truck_routes.expires_at <= $2::TIMESTAMP WITHOUT TIME ZONE]
[parameters: ('expired', datetime.datetime(2026, 7, 15, 4, 35, 3, 708976), 'available', 'active')]
(Background on this error at: https://sqlalche.me/e/20/dbapi)
2026-07-15 10:08:36 | ERROR    | convoy | Post expiry job failed: (sqlalchemy.dialects.postgresql.asyncpg.Error) <class 'asyncpg.exceptions.ConnectionDoesNotExistError'>: connection was closed in the middle of operation
[SQL: UPDATE truck_routes SET status=$1::VARCHAR WHERE truck_routes.status IN ($3::VARCHAR, $4::VARCHAR) AND truck_routes.expires_at <= $2::TIMESTAMP WITHOUT TIME ZONE]
[parameters: ('expired', datetime.datetime(2026, 7, 15, 4, 37, 34, 114678), 'available', 'active')]
(Background on this error at: https://sqlalche.me/e/20/dbapi)
OSError: [Errno 49] Can't assign requested address

The above exception was the direct cause of the following exception:

Traceback (most recent call last):
  File "/Users/ankit/Documents/sharkship-others/convoy_prod/.venv/lib/python3.14/site-packages/sqlalchemy/dialects/postgresql/asyncpg.py", line 848, in _start_transaction
    await self._transaction.start()
  File "/Users/ankit/Documents/sharkship-others/convoy_prod/.venv/lib/python3.14/site-packages/asyncpg/transaction.py", line 146, in start
    await self._connection.execute(query)
  File "/Users/ankit/Documents/sharkship-others/convoy_prod/.venv/lib/python3.14/site-packages/asyncpg/connection.py", line 354, in execute
    result = await self._protocol.query(query, timeout)
             ^^^^^^^^^^^^^^^^^^^^^^^^^^^^^^^^^^^^^^^^^^
  File "asyncpg/protocol/protocol.pyx", line 369, in query
asyncpg.exceptions.ConnectionDoesNotExistError: connection was closed in the middle of operation

The above exception was the direct cause of the following exception:

Traceback (most recent call last):
  File "/Users/ankit/Documents/sharkship-others/convoy_prod/.venv/lib/python3.14/site-packages/sqlalchemy/engine/base.py", line 1969, in _exec_single_context
    self.dialect.do_execute(
    ~~~~~~~~~~~~~~~~~~~~~~~^
        cursor, str_statement, effective_parameters, context
        ^^^^^^^^^^^^^^^^^^^^^^^^^^^^^^^^^^^^^^^^^^^^^^^^^^^^
    )
    ^
  File "/Users/ankit/Documents/sharkship-others/convoy_prod/.venv/lib/python3.14/site-packages/sqlalchemy/engine/default.py", line 952, in do_execute
    cursor.execute(statement, parameters)
    ~~~~~~~~~~~~~~^^^^^^^^^^^^^^^^^^^^^^^
  File "/Users/ankit/Documents/sharkship-others/convoy_prod/.venv/lib/python3.14/site-packages/sqlalchemy/dialects/postgresql/asyncpg.py", line 585, in execute
    self._adapt_connection.await_(
    ~~~~~~~~~~~~~~~~~~~~~~~~~~~~~^
        self._prepare_and_execute(operation, parameters)
        ^^^^^^^^^^^^^^^^^^^^^^^^^^^^^^^^^^^^^^^^^^^^^^^^
    )
    ^
  File "/Users/ankit/Documents/sharkship-others/convoy_prod/.venv/lib/python3.14/site-packages/sqlalchemy/util/_concurrency_py3k.py", line 132, in await_only
    return current.parent.switch(awaitable)  # type: ignore[no-any-return,attr-defined] # noqa: E501
           ~~~~~~~~~~~~~~~~~~~~~^^^^^^^^^^^
  File "/Users/ankit/Documents/sharkship-others/convoy_prod/.venv/lib/python3.14/site-packages/sqlalchemy/util/_concurrency_py3k.py", line 196, in greenlet_spawn
    value = await result
            ^^^^^^^^^^^^
  File "/Users/ankit/Documents/sharkship-others/convoy_prod/.venv/lib/python3.14/site-packages/sqlalchemy/dialects/postgresql/asyncpg.py", line 520, in _prepare_and_execute
    await adapt_connection._start_transaction()
  File "/Users/ankit/Documents/sharkship-others/convoy_prod/.venv/lib/python3.14/site-packages/sqlalchemy/dialects/postgresql/asyncpg.py", line 850, in _start_transaction
    self._handle_exception(error)
    ~~~~~~~~~~~~~~~~~~~~~~^^^^^^^
  File "/Users/ankit/Documents/sharkship-others/convoy_prod/.venv/lib/python3.14/site-packages/sqlalchemy/dialects/postgresql/asyncpg.py", line 797, in _handle_exception
    raise translated_error from error
sqlalchemy.dialects.postgresql.asyncpg.AsyncAdapt_asyncpg_dbapi.Error: <class 'asyncpg.exceptions.ConnectionDoesNotExistError'>: connection was closed in the middle of operation

The above exception was the direct cause of the following exception:

Traceback (most recent call last):
  File "/Users/ankit/Documents/sharkship-others/convoy_prod/services/post_expiry.py", line 56, in run_post_expiry_loop
    count = await expire_overdue_posts(session)
            ^^^^^^^^^^^^^^^^^^^^^^^^^^^^^^^^^^^
  File "/Users/ankit/Documents/sharkship-others/convoy_prod/services/post_expiry.py", line 37, in expire_overdue_posts
    result = await session.execute(
             ^^^^^^^^^^^^^^^^^^^^^^
    ...<6 lines>...
    )
    ^
  File "/Users/ankit/Documents/sharkship-others/convoy_prod/.venv/lib/python3.14/site-packages/sqlalchemy/ext/asyncio/session.py", line 448, in execute
    result = await greenlet_spawn(
             ^^^^^^^^^^^^^^^^^^^^^
    ...<6 lines>...
    )
    ^
  File "/Users/ankit/Documents/sharkship-others/convoy_prod/.venv/lib/python3.14/site-packages/sqlalchemy/util/_concurrency_py3k.py", line 203, in greenlet_spawn
    result = context.switch(value)
  File "/Users/ankit/Documents/sharkship-others/convoy_prod/.venv/lib/python3.14/site-packages/sqlalchemy/orm/session.py", line 2373, in execute
    return self._execute_internal(
           ~~~~~~~~~~~~~~~~~~~~~~^
        statement,
        ^^^^^^^^^^
    ...<4 lines>...
        _add_event=_add_event,
        ^^^^^^^^^^^^^^^^^^^^^^
    )
    ^
  File "/Users/ankit/Documents/sharkship-others/convoy_prod/.venv/lib/python3.14/site-packages/sqlalchemy/orm/session.py", line 2271, in _execute_internal
    result: Result[Any] = compile_state_cls.orm_execute_statement(
                          ~~~~~~~~~~~~~~~~~~~~~~~~~~~~~~~~~~~~~~~^
        self,
        ^^^^^
    ...<4 lines>...
        conn,
        ^^^^^
    )
    ^
  File "/Users/ankit/Documents/sharkship-others/convoy_prod/.venv/lib/python3.14/site-packages/sqlalchemy/orm/bulk_persistence.py", line 1660, in orm_execute_statement
    return super().orm_execute_statement(
           ~~~~~~~~~~~~~~~~~~~~~~~~~~~~~^
        session,
        ^^^^^^^^
    ...<4 lines>...
        conn,
        ^^^^^
    )
    ^
  File "/Users/ankit/Documents/sharkship-others/convoy_prod/.venv/lib/python3.14/site-packages/sqlalchemy/orm/context.py", line 306, in orm_execute_statement
    result = conn.execute(
        statement, params or {}, execution_options=execution_options
    )
  File "/Users/ankit/Documents/sharkship-others/convoy_prod/.venv/lib/python3.14/site-packages/sqlalchemy/engine/base.py", line 1421, in execute
    return meth(
        self,
        distilled_parameters,
        execution_options or NO_OPTIONS,
    )
  File "/Users/ankit/Documents/sharkship-others/convoy_prod/.venv/lib/python3.14/site-packages/sqlalchemy/sql/elements.py", line 526, in _execute_on_connection
    return connection._execute_clauseelement(
           ~~~~~~~~~~~~~~~~~~~~~~~~~~~~~~~~~^
        self, distilled_params, execution_options
        ^^^^^^^^^^^^^^^^^^^^^^^^^^^^^^^^^^^^^^^^^
    )
    ^
  File "/Users/ankit/Documents/sharkship-others/convoy_prod/.venv/lib/python3.14/site-packages/sqlalchemy/engine/base.py", line 1643, in _execute_clauseelement
    ret = self._execute_context(
        dialect,
    ...<8 lines>...
        cache_hit=cache_hit,
    )
  File "/Users/ankit/Documents/sharkship-others/convoy_prod/.venv/lib/python3.14/site-packages/sqlalchemy/engine/base.py", line 1848, in _execute_context
    return self._exec_single_context(
           ~~~~~~~~~~~~~~~~~~~~~~~~~^
        dialect, context, statement, parameters
        ^^^^^^^^^^^^^^^^^^^^^^^^^^^^^^^^^^^^^^^
    )
    ^
  File "/Users/ankit/Documents/sharkship-others/convoy_prod/.venv/lib/python3.14/site-packages/sqlalchemy/engine/base.py", line 1988, in _exec_single_context
    self._handle_dbapi_exception(
    ~~~~~~~~~~~~~~~~~~~~~~~~~~~~^
        e, str_statement, effective_parameters, cursor, context
        ^^^^^^^^^^^^^^^^^^^^^^^^^^^^^^^^^^^^^^^^^^^^^^^^^^^^^^^
    )
    ^
  File "/Users/ankit/Documents/sharkship-others/convoy_prod/.venv/lib/python3.14/site-packages/sqlalchemy/engine/base.py", line 2365, in _handle_dbapi_exception
    raise sqlalchemy_exception.with_traceback(exc_info[2]) from e
  File "/Users/ankit/Documents/sharkship-others/convoy_prod/.venv/lib/python3.14/site-packages/sqlalchemy/engine/base.py", line 1969, in _exec_single_context
    self.dialect.do_execute(
    ~~~~~~~~~~~~~~~~~~~~~~~^
        cursor, str_statement, effective_parameters, context
        ^^^^^^^^^^^^^^^^^^^^^^^^^^^^^^^^^^^^^^^^^^^^^^^^^^^^
    )
    ^
  File "/Users/ankit/Documents/sharkship-others/convoy_prod/.venv/lib/python3.14/site-packages/sqlalchemy/engine/default.py", line 952, in do_execute
    cursor.execute(statement, parameters)
    ~~~~~~~~~~~~~~^^^^^^^^^^^^^^^^^^^^^^^
  File "/Users/ankit/Documents/sharkship-others/convoy_prod/.venv/lib/python3.14/site-packages/sqlalchemy/dialects/postgresql/asyncpg.py", line 585, in execute
    self._adapt_connection.await_(
    ~~~~~~~~~~~~~~~~~~~~~~~~~~~~~^
        self._prepare_and_execute(operation, parameters)
        ^^^^^^^^^^^^^^^^^^^^^^^^^^^^^^^^^^^^^^^^^^^^^^^^
    )
    ^
  File "/Users/ankit/Documents/sharkship-others/convoy_prod/.venv/lib/python3.14/site-packages/sqlalchemy/util/_concurrency_py3k.py", line 132, in await_only
    return current.parent.switch(awaitable)  # type: ignore[no-any-return,attr-defined] # noqa: E501
           ~~~~~~~~~~~~~~~~~~~~~^^^^^^^^^^^
  File "/Users/ankit/Documents/sharkship-others/convoy_prod/.venv/lib/python3.14/site-packages/sqlalchemy/util/_concurrency_py3k.py", line 196, in greenlet_spawn
    value = await result
            ^^^^^^^^^^^^
  File "/Users/ankit/Documents/sharkship-others/convoy_prod/.venv/lib/python3.14/site-packages/sqlalchemy/dialects/postgresql/asyncpg.py", line 520, in _prepare_and_execute
    await adapt_connection._start_transaction()
  File "/Users/ankit/Documents/sharkship-others/convoy_prod/.venv/lib/python3.14/site-packages/sqlalchemy/dialects/postgresql/asyncpg.py", line 850, in _start_transaction
    self._handle_exception(error)
    ~~~~~~~~~~~~~~~~~~~~~~^^^^^^^
  File "/Users/ankit/Documents/sharkship-others/convoy_prod/.venv/lib/python3.14/site-packages/sqlalchemy/dialects/postgresql/asyncpg.py", line 797, in _handle_exception
    raise translated_error from error
sqlalchemy.exc.DBAPIError: (sqlalchemy.dialects.postgresql.asyncpg.Error) <class 'asyncpg.exceptions.ConnectionDoesNotExistError'>: connection was closed in the middle of operation
[SQL: UPDATE truck_routes SET status=$1::VARCHAR WHERE truck_routes.status IN ($3::VARCHAR, $4::VARCHAR) AND truck_routes.expires_at <= $2::TIMESTAMP WITHOUT TIME ZONE]
[parameters: ('expired', datetime.datetime(2026, 7, 15, 4, 37, 34, 114678), 'available', 'active')]
(Background on this error at: https://sqlalche.me/e/20/dbapi)
2026-07-15 10:39:15 | ERROR    | convoy | Post expiry job failed: (sqlalchemy.dialects.postgresql.asyncpg.Error) <class 'asyncpg.exceptions.ConnectionDoesNotExistError'>: connection was closed in the middle of operation
[SQL: UPDATE truck_routes SET status=$1::VARCHAR WHERE truck_routes.status IN ($3::VARCHAR, $4::VARCHAR) AND truck_routes.expires_at <= $2::TIMESTAMP WITHOUT TIME ZONE]
[parameters: ('expired', datetime.datetime(2026, 7, 15, 5, 4, 32, 742400), 'available', 'active')]
(Background on this error at: https://sqlalche.me/e/20/dbapi)
OSError: [Errno 49] Can't assign requested address

The above exception was the direct cause of the following exception:

Traceback (most recent call last):
  File "/Users/ankit/Documents/sharkship-others/convoy_prod/.venv/lib/python3.14/site-packages/sqlalchemy/dialects/postgresql/asyncpg.py", line 848, in _start_transaction
    await self._transaction.start()
  File "/Users/ankit/Documents/sharkship-others/convoy_prod/.venv/lib/python3.14/site-packages/asyncpg/transaction.py", line 146, in start
    await self._connection.execute(query)
  File "/Users/ankit/Documents/sharkship-others/convoy_prod/.venv/lib/python3.14/site-packages/asyncpg/connection.py", line 354, in execute
    result = await self._protocol.query(query, timeout)
             ^^^^^^^^^^^^^^^^^^^^^^^^^^^^^^^^^^^^^^^^^^
  File "asyncpg/protocol/protocol.pyx", line 369, in query
asyncpg.exceptions.ConnectionDoesNotExistError: connection was closed in the middle of operation

The above exception was the direct cause of the following exception:

Traceback (most recent call last):
  File "/Users/ankit/Documents/sharkship-others/convoy_prod/.venv/lib/python3.14/site-packages/sqlalchemy/engine/base.py", line 1969, in _exec_single_context
    self.dialect.do_execute(
    ~~~~~~~~~~~~~~~~~~~~~~~^
        cursor, str_statement, effective_parameters, context
        ^^^^^^^^^^^^^^^^^^^^^^^^^^^^^^^^^^^^^^^^^^^^^^^^^^^^
    )
    ^
  File "/Users/ankit/Documents/sharkship-others/convoy_prod/.venv/lib/python3.14/site-packages/sqlalchemy/engine/default.py", line 952, in do_execute
    cursor.execute(statement, parameters)
    ~~~~~~~~~~~~~~^^^^^^^^^^^^^^^^^^^^^^^
  File "/Users/ankit/Documents/sharkship-others/convoy_prod/.venv/lib/python3.14/site-packages/sqlalchemy/dialects/postgresql/asyncpg.py", line 585, in execute
    self._adapt_connection.await_(
    ~~~~~~~~~~~~~~~~~~~~~~~~~~~~~^
        self._prepare_and_execute(operation, parameters)
        ^^^^^^^^^^^^^^^^^^^^^^^^^^^^^^^^^^^^^^^^^^^^^^^^
    )
    ^
  File "/Users/ankit/Documents/sharkship-others/convoy_prod/.venv/lib/python3.14/site-packages/sqlalchemy/util/_concurrency_py3k.py", line 132, in await_only
    return current.parent.switch(awaitable)  # type: ignore[no-any-return,attr-defined] # noqa: E501
           ~~~~~~~~~~~~~~~~~~~~~^^^^^^^^^^^
  File "/Users/ankit/Documents/sharkship-others/convoy_prod/.venv/lib/python3.14/site-packages/sqlalchemy/util/_concurrency_py3k.py", line 196, in greenlet_spawn
    value = await result
            ^^^^^^^^^^^^
  File "/Users/ankit/Documents/sharkship-others/convoy_prod/.venv/lib/python3.14/site-packages/sqlalchemy/dialects/postgresql/asyncpg.py", line 520, in _prepare_and_execute
    await adapt_connection._start_transaction()
  File "/Users/ankit/Documents/sharkship-others/convoy_prod/.venv/lib/python3.14/site-packages/sqlalchemy/dialects/postgresql/asyncpg.py", line 850, in _start_transaction
    self._handle_exception(error)
    ~~~~~~~~~~~~~~~~~~~~~~^^^^^^^
  File "/Users/ankit/Documents/sharkship-others/convoy_prod/.venv/lib/python3.14/site-packages/sqlalchemy/dialects/postgresql/asyncpg.py", line 797, in _handle_exception
    raise translated_error from error
sqlalchemy.dialects.postgresql.asyncpg.AsyncAdapt_asyncpg_dbapi.Error: <class 'asyncpg.exceptions.ConnectionDoesNotExistError'>: connection was closed in the middle of operation

The above exception was the direct cause of the following exception:

Traceback (most recent call last):
  File "/Users/ankit/Documents/sharkship-others/convoy_prod/services/post_expiry.py", line 56, in run_post_expiry_loop
    count = await expire_overdue_posts(session)
            ^^^^^^^^^^^^^^^^^^^^^^^^^^^^^^^^^^^
  File "/Users/ankit/Documents/sharkship-others/convoy_prod/services/post_expiry.py", line 37, in expire_overdue_posts
    result = await session.execute(
             ^^^^^^^^^^^^^^^^^^^^^^
    ...<6 lines>...
    )
    ^
  File "/Users/ankit/Documents/sharkship-others/convoy_prod/.venv/lib/python3.14/site-packages/sqlalchemy/ext/asyncio/session.py", line 448, in execute
    result = await greenlet_spawn(
             ^^^^^^^^^^^^^^^^^^^^^
    ...<6 lines>...
    )
    ^
  File "/Users/ankit/Documents/sharkship-others/convoy_prod/.venv/lib/python3.14/site-packages/sqlalchemy/util/_concurrency_py3k.py", line 203, in greenlet_spawn
    result = context.switch(value)
  File "/Users/ankit/Documents/sharkship-others/convoy_prod/.venv/lib/python3.14/site-packages/sqlalchemy/orm/session.py", line 2373, in execute
    return self._execute_internal(
           ~~~~~~~~~~~~~~~~~~~~~~^
        statement,
        ^^^^^^^^^^
    ...<4 lines>...
        _add_event=_add_event,
        ^^^^^^^^^^^^^^^^^^^^^^
    )
    ^
  File "/Users/ankit/Documents/sharkship-others/convoy_prod/.venv/lib/python3.14/site-packages/sqlalchemy/orm/session.py", line 2271, in _execute_internal
    result: Result[Any] = compile_state_cls.orm_execute_statement(
                          ~~~~~~~~~~~~~~~~~~~~~~~~~~~~~~~~~~~~~~~^
        self,
        ^^^^^
    ...<4 lines>...
        conn,
        ^^^^^
    )
    ^
  File "/Users/ankit/Documents/sharkship-others/convoy_prod/.venv/lib/python3.14/site-packages/sqlalchemy/orm/bulk_persistence.py", line 1660, in orm_execute_statement
    return super().orm_execute_statement(
           ~~~~~~~~~~~~~~~~~~~~~~~~~~~~~^
        session,
        ^^^^^^^^
    ...<4 lines>...
        conn,
        ^^^^^
    )
    ^
  File "/Users/ankit/Documents/sharkship-others/convoy_prod/.venv/lib/python3.14/site-packages/sqlalchemy/orm/context.py", line 306, in orm_execute_statement
    result = conn.execute(
        statement, params or {}, execution_options=execution_options
    )
  File "/Users/ankit/Documents/sharkship-others/convoy_prod/.venv/lib/python3.14/site-packages/sqlalchemy/engine/base.py", line 1421, in execute
    return meth(
        self,
        distilled_parameters,
        execution_options or NO_OPTIONS,
    )
  File "/Users/ankit/Documents/sharkship-others/convoy_prod/.venv/lib/python3.14/site-packages/sqlalchemy/sql/elements.py", line 526, in _execute_on_connection
    return connection._execute_clauseelement(
           ~~~~~~~~~~~~~~~~~~~~~~~~~~~~~~~~~^
        self, distilled_params, execution_options
        ^^^^^^^^^^^^^^^^^^^^^^^^^^^^^^^^^^^^^^^^^
    )
    ^
  File "/Users/ankit/Documents/sharkship-others/convoy_prod/.venv/lib/python3.14/site-packages/sqlalchemy/engine/base.py", line 1643, in _execute_clauseelement
    ret = self._execute_context(
        dialect,
    ...<8 lines>...
        cache_hit=cache_hit,
    )
  File "/Users/ankit/Documents/sharkship-others/convoy_prod/.venv/lib/python3.14/site-packages/sqlalchemy/engine/base.py", line 1848, in _execute_context
    return self._exec_single_context(
           ~~~~~~~~~~~~~~~~~~~~~~~~~^
        dialect, context, statement, parameters
        ^^^^^^^^^^^^^^^^^^^^^^^^^^^^^^^^^^^^^^^
    )
    ^
  File "/Users/ankit/Documents/sharkship-others/convoy_prod/.venv/lib/python3.14/site-packages/sqlalchemy/engine/base.py", line 1988, in _exec_single_context
    self._handle_dbapi_exception(
    ~~~~~~~~~~~~~~~~~~~~~~~~~~~~^
        e, str_statement, effective_parameters, cursor, context
        ^^^^^^^^^^^^^^^^^^^^^^^^^^^^^^^^^^^^^^^^^^^^^^^^^^^^^^^
    )
    ^
  File "/Users/ankit/Documents/sharkship-others/convoy_prod/.venv/lib/python3.14/site-packages/sqlalchemy/engine/base.py", line 2365, in _handle_dbapi_exception
    raise sqlalchemy_exception.with_traceback(exc_info[2]) from e
  File "/Users/ankit/Documents/sharkship-others/convoy_prod/.venv/lib/python3.14/site-packages/sqlalchemy/engine/base.py", line 1969, in _exec_single_context
    self.dialect.do_execute(
    ~~~~~~~~~~~~~~~~~~~~~~~^
        cursor, str_statement, effective_parameters, context
        ^^^^^^^^^^^^^^^^^^^^^^^^^^^^^^^^^^^^^^^^^^^^^^^^^^^^
    )
    ^
  File "/Users/ankit/Documents/sharkship-others/convoy_prod/.venv/lib/python3.14/site-packages/sqlalchemy/engine/default.py", line 952, in do_execute
    cursor.execute(statement, parameters)
    ~~~~~~~~~~~~~~^^^^^^^^^^^^^^^^^^^^^^^
  File "/Users/ankit/Documents/sharkship-others/convoy_prod/.venv/lib/python3.14/site-packages/sqlalchemy/dialects/postgresql/asyncpg.py", line 585, in execute
    self._adapt_connection.await_(
    ~~~~~~~~~~~~~~~~~~~~~~~~~~~~~^
        self._prepare_and_execute(operation, parameters)
        ^^^^^^^^^^^^^^^^^^^^^^^^^^^^^^^^^^^^^^^^^^^^^^^^
    )
    ^
  File "/Users/ankit/Documents/sharkship-others/convoy_prod/.venv/lib/python3.14/site-packages/sqlalchemy/util/_concurrency_py3k.py", line 132, in await_only
    return current.parent.switch(awaitable)  # type: ignore[no-any-return,attr-defined] # noqa: E501
           ~~~~~~~~~~~~~~~~~~~~~^^^^^^^^^^^
  File "/Users/ankit/Documents/sharkship-others/convoy_prod/.venv/lib/python3.14/site-packages/sqlalchemy/util/_concurrency_py3k.py", line 196, in greenlet_spawn
    value = await result
            ^^^^^^^^^^^^
  File "/Users/ankit/Documents/sharkship-others/convoy_prod/.venv/lib/python3.14/site-packages/sqlalchemy/dialects/postgresql/asyncpg.py", line 520, in _prepare_and_execute
    await adapt_connection._start_transaction()
  File "/Users/ankit/Documents/sharkship-others/convoy_prod/.venv/lib/python3.14/site-packages/sqlalchemy/dialects/postgresql/asyncpg.py", line 850, in _start_transaction
    self._handle_exception(error)
    ~~~~~~~~~~~~~~~~~~~~~~^^^^^^^
  File "/Users/ankit/Documents/sharkship-others/convoy_prod/.venv/lib/python3.14/site-packages/sqlalchemy/dialects/postgresql/asyncpg.py", line 797, in _handle_exception
    raise translated_error from error
sqlalchemy.exc.DBAPIError: (sqlalchemy.dialects.postgresql.asyncpg.Error) <class 'asyncpg.exceptions.ConnectionDoesNotExistError'>: connection was closed in the middle of operation
[SQL: UPDATE truck_routes SET status=$1::VARCHAR WHERE truck_routes.status IN ($3::VARCHAR, $4::VARCHAR) AND truck_routes.expires_at <= $2::TIMESTAMP WITHOUT TIME ZONE]
[parameters: ('expired', datetime.datetime(2026, 7, 15, 5, 4, 32, 742400), 'available', 'active')]
(Background on this error at: https://sqlalche.me/e/20/dbapi)
2026-07-15 10:49:16 | ERROR    | convoy | Post expiry job failed: (sqlalchemy.dialects.postgresql.asyncpg.Error) <class 'asyncpg.exceptions.ConnectionDoesNotExistError'>: connection was closed in the middle of operation
[SQL: UPDATE truck_routes SET status=$1::VARCHAR WHERE truck_routes.status IN ($3::VARCHAR, $4::VARCHAR) AND truck_routes.expires_at <= $2::TIMESTAMP WITHOUT TIME ZONE]
[parameters: ('expired', datetime.datetime(2026, 7, 15, 5, 19, 16, 302732), 'available', 'active')]
(Background on this error at: https://sqlalche.me/e/20/dbapi)
ConnectionResetError: [Errno 54] Connection reset by peer

The above exception was the direct cause of the following exception:

Traceback (most recent call last):
  File "/Users/ankit/Documents/sharkship-others/convoy_prod/.venv/lib/python3.14/site-packages/sqlalchemy/dialects/postgresql/asyncpg.py", line 848, in _start_transaction
    await self._transaction.start()
  File "/Users/ankit/Documents/sharkship-others/convoy_prod/.venv/lib/python3.14/site-packages/asyncpg/transaction.py", line 146, in start
    await self._connection.execute(query)
  File "/Users/ankit/Documents/sharkship-others/convoy_prod/.venv/lib/python3.14/site-packages/asyncpg/connection.py", line 354, in execute
    result = await self._protocol.query(query, timeout)
             ^^^^^^^^^^^^^^^^^^^^^^^^^^^^^^^^^^^^^^^^^^
  File "asyncpg/protocol/protocol.pyx", line 369, in query
asyncpg.exceptions.ConnectionDoesNotExistError: connection was closed in the middle of operation

The above exception was the direct cause of the following exception:

Traceback (most recent call last):
  File "/Users/ankit/Documents/sharkship-others/convoy_prod/.venv/lib/python3.14/site-packages/sqlalchemy/engine/base.py", line 1969, in _exec_single_context
    self.dialect.do_execute(
    ~~~~~~~~~~~~~~~~~~~~~~~^
        cursor, str_statement, effective_parameters, context
        ^^^^^^^^^^^^^^^^^^^^^^^^^^^^^^^^^^^^^^^^^^^^^^^^^^^^
    )
    ^
  File "/Users/ankit/Documents/sharkship-others/convoy_prod/.venv/lib/python3.14/site-packages/sqlalchemy/engine/default.py", line 952, in do_execute
    cursor.execute(statement, parameters)
    ~~~~~~~~~~~~~~^^^^^^^^^^^^^^^^^^^^^^^
  File "/Users/ankit/Documents/sharkship-others/convoy_prod/.venv/lib/python3.14/site-packages/sqlalchemy/dialects/postgresql/asyncpg.py", line 585, in execute
    self._adapt_connection.await_(
    ~~~~~~~~~~~~~~~~~~~~~~~~~~~~~^
        self._prepare_and_execute(operation, parameters)
        ^^^^^^^^^^^^^^^^^^^^^^^^^^^^^^^^^^^^^^^^^^^^^^^^
    )
    ^
  File "/Users/ankit/Documents/sharkship-others/convoy_prod/.venv/lib/python3.14/site-packages/sqlalchemy/util/_concurrency_py3k.py", line 132, in await_only
    return current.parent.switch(awaitable)  # type: ignore[no-any-return,attr-defined] # noqa: E501
           ~~~~~~~~~~~~~~~~~~~~~^^^^^^^^^^^
  File "/Users/ankit/Documents/sharkship-others/convoy_prod/.venv/lib/python3.14/site-packages/sqlalchemy/util/_concurrency_py3k.py", line 196, in greenlet_spawn
    value = await result
            ^^^^^^^^^^^^
  File "/Users/ankit/Documents/sharkship-others/convoy_prod/.venv/lib/python3.14/site-packages/sqlalchemy/dialects/postgresql/asyncpg.py", line 520, in _prepare_and_execute
    await adapt_connection._start_transaction()
  File "/Users/ankit/Documents/sharkship-others/convoy_prod/.venv/lib/python3.14/site-packages/sqlalchemy/dialects/postgresql/asyncpg.py", line 850, in _start_transaction
    self._handle_exception(error)
    ~~~~~~~~~~~~~~~~~~~~~~^^^^^^^
  File "/Users/ankit/Documents/sharkship-others/convoy_prod/.venv/lib/python3.14/site-packages/sqlalchemy/dialects/postgresql/asyncpg.py", line 797, in _handle_exception
    raise translated_error from error
sqlalchemy.dialects.postgresql.asyncpg.AsyncAdapt_asyncpg_dbapi.Error: <class 'asyncpg.exceptions.ConnectionDoesNotExistError'>: connection was closed in the middle of operation

The above exception was the direct cause of the following exception:

Traceback (most recent call last):
  File "/Users/ankit/Documents/sharkship-others/convoy_prod/services/post_expiry.py", line 56, in run_post_expiry_loop
    count = await expire_overdue_posts(session)
            ^^^^^^^^^^^^^^^^^^^^^^^^^^^^^^^^^^^
  File "/Users/ankit/Documents/sharkship-others/convoy_prod/services/post_expiry.py", line 37, in expire_overdue_posts
    result = await session.execute(
             ^^^^^^^^^^^^^^^^^^^^^^
    ...<6 lines>...
    )
    ^
  File "/Users/ankit/Documents/sharkship-others/convoy_prod/.venv/lib/python3.14/site-packages/sqlalchemy/ext/asyncio/session.py", line 448, in execute
    result = await greenlet_spawn(
             ^^^^^^^^^^^^^^^^^^^^^
    ...<6 lines>...
    )
    ^
  File "/Users/ankit/Documents/sharkship-others/convoy_prod/.venv/lib/python3.14/site-packages/sqlalchemy/util/_concurrency_py3k.py", line 203, in greenlet_spawn
    result = context.switch(value)
  File "/Users/ankit/Documents/sharkship-others/convoy_prod/.venv/lib/python3.14/site-packages/sqlalchemy/orm/session.py", line 2373, in execute
    return self._execute_internal(
           ~~~~~~~~~~~~~~~~~~~~~~^
        statement,
        ^^^^^^^^^^
    ...<4 lines>...
        _add_event=_add_event,
        ^^^^^^^^^^^^^^^^^^^^^^
    )
    ^
  File "/Users/ankit/Documents/sharkship-others/convoy_prod/.venv/lib/python3.14/site-packages/sqlalchemy/orm/session.py", line 2271, in _execute_internal
    result: Result[Any] = compile_state_cls.orm_execute_statement(
                          ~~~~~~~~~~~~~~~~~~~~~~~~~~~~~~~~~~~~~~~^
        self,
        ^^^^^
    ...<4 lines>...
        conn,
        ^^^^^
    )
    ^
  File "/Users/ankit/Documents/sharkship-others/convoy_prod/.venv/lib/python3.14/site-packages/sqlalchemy/orm/bulk_persistence.py", line 1660, in orm_execute_statement
    return super().orm_execute_statement(
           ~~~~~~~~~~~~~~~~~~~~~~~~~~~~~^
        session,
        ^^^^^^^^
    ...<4 lines>...
        conn,
        ^^^^^
    )
    ^
  File "/Users/ankit/Documents/sharkship-others/convoy_prod/.venv/lib/python3.14/site-packages/sqlalchemy/orm/context.py", line 306, in orm_execute_statement
    result = conn.execute(
        statement, params or {}, execution_options=execution_options
    )
  File "/Users/ankit/Documents/sharkship-others/convoy_prod/.venv/lib/python3.14/site-packages/sqlalchemy/engine/base.py", line 1421, in execute
    return meth(
        self,
        distilled_parameters,
        execution_options or NO_OPTIONS,
    )
  File "/Users/ankit/Documents/sharkship-others/convoy_prod/.venv/lib/python3.14/site-packages/sqlalchemy/sql/elements.py", line 526, in _execute_on_connection
    return connection._execute_clauseelement(
           ~~~~~~~~~~~~~~~~~~~~~~~~~~~~~~~~~^
        self, distilled_params, execution_options
        ^^^^^^^^^^^^^^^^^^^^^^^^^^^^^^^^^^^^^^^^^
    )
    ^
  File "/Users/ankit/Documents/sharkship-others/convoy_prod/.venv/lib/python3.14/site-packages/sqlalchemy/engine/base.py", line 1643, in _execute_clauseelement
    ret = self._execute_context(
        dialect,
    ...<8 lines>...
        cache_hit=cache_hit,
    )
  File "/Users/ankit/Documents/sharkship-others/convoy_prod/.venv/lib/python3.14/site-packages/sqlalchemy/engine/base.py", line 1848, in _execute_context
    return self._exec_single_context(
           ~~~~~~~~~~~~~~~~~~~~~~~~~^
        dialect, context, statement, parameters
        ^^^^^^^^^^^^^^^^^^^^^^^^^^^^^^^^^^^^^^^
    )
    ^
  File "/Users/ankit/Documents/sharkship-others/convoy_prod/.venv/lib/python3.14/site-packages/sqlalchemy/engine/base.py", line 1988, in _exec_single_context
    self._handle_dbapi_exception(
    ~~~~~~~~~~~~~~~~~~~~~~~~~~~~^
        e, str_statement, effective_parameters, cursor, context
        ^^^^^^^^^^^^^^^^^^^^^^^^^^^^^^^^^^^^^^^^^^^^^^^^^^^^^^^
    )
    ^
  File "/Users/ankit/Documents/sharkship-others/convoy_prod/.venv/lib/python3.14/site-packages/sqlalchemy/engine/base.py", line 2365, in _handle_dbapi_exception
    raise sqlalchemy_exception.with_traceback(exc_info[2]) from e
  File "/Users/ankit/Documents/sharkship-others/convoy_prod/.venv/lib/python3.14/site-packages/sqlalchemy/engine/base.py", line 1969, in _exec_single_context
    self.dialect.do_execute(
    ~~~~~~~~~~~~~~~~~~~~~~~^
        cursor, str_statement, effective_parameters, context
        ^^^^^^^^^^^^^^^^^^^^^^^^^^^^^^^^^^^^^^^^^^^^^^^^^^^^
    )
    ^
  File "/Users/ankit/Documents/sharkship-others/convoy_prod/.venv/lib/python3.14/site-packages/sqlalchemy/engine/default.py", line 952, in do_execute
    cursor.execute(statement, parameters)
    ~~~~~~~~~~~~~~^^^^^^^^^^^^^^^^^^^^^^^
  File "/Users/ankit/Documents/sharkship-others/convoy_prod/.venv/lib/python3.14/site-packages/sqlalchemy/dialects/postgresql/asyncpg.py", line 585, in execute
    self._adapt_connection.await_(
    ~~~~~~~~~~~~~~~~~~~~~~~~~~~~~^
        self._prepare_and_execute(operation, parameters)
        ^^^^^^^^^^^^^^^^^^^^^^^^^^^^^^^^^^^^^^^^^^^^^^^^
    )
    ^
  File "/Users/ankit/Documents/sharkship-others/convoy_prod/.venv/lib/python3.14/site-packages/sqlalchemy/util/_concurrency_py3k.py", line 132, in await_only
    return current.parent.switch(awaitable)  # type: ignore[no-any-return,attr-defined] # noqa: E501
           ~~~~~~~~~~~~~~~~~~~~~^^^^^^^^^^^
  File "/Users/ankit/Documents/sharkship-others/convoy_prod/.venv/lib/python3.14/site-packages/sqlalchemy/util/_concurrency_py3k.py", line 196, in greenlet_spawn
    value = await result
            ^^^^^^^^^^^^
  File "/Users/ankit/Documents/sharkship-others/convoy_prod/.venv/lib/python3.14/site-packages/sqlalchemy/dialects/postgresql/asyncpg.py", line 520, in _prepare_and_execute
    await adapt_connection._start_transaction()
  File "/Users/ankit/Documents/sharkship-others/convoy_prod/.venv/lib/python3.14/site-packages/sqlalchemy/dialects/postgresql/asyncpg.py", line 850, in _start_transaction
    self._handle_exception(error)
    ~~~~~~~~~~~~~~~~~~~~~~^^^^^^^
  File "/Users/ankit/Documents/sharkship-others/convoy_prod/.venv/lib/python3.14/site-packages/sqlalchemy/dialects/postgresql/asyncpg.py", line 797, in _handle_exception
    raise translated_error from error
sqlalchemy.exc.DBAPIError: (sqlalchemy.dialects.postgresql.asyncpg.Error) <class 'asyncpg.exceptions.ConnectionDoesNotExistError'>: connection was closed in the middle of operation
[SQL: UPDATE truck_routes SET status=$1::VARCHAR WHERE truck_routes.status IN ($3::VARCHAR, $4::VARCHAR) AND truck_routes.expires_at <= $2::TIMESTAMP WITHOUT TIME ZONE]
[parameters: ('expired', datetime.datetime(2026, 7, 15, 5, 19, 16, 302732), 'available', 'active')]
(Background on this error at: https://sqlalche.me/e/20/dbapi)
2026-07-15 10:59:23 | ERROR    | convoy | Post expiry job failed: (sqlalchemy.dialects.postgresql.asyncpg.Error) <class 'asyncpg.exceptions.ConnectionDoesNotExistError'>: connection was closed in the middle of operation
[SQL: UPDATE truck_routes SET status=$1::VARCHAR WHERE truck_routes.status IN ($3::VARCHAR, $4::VARCHAR) AND truck_routes.expires_at <= $2::TIMESTAMP WITHOUT TIME ZONE]
[parameters: ('expired', datetime.datetime(2026, 7, 15, 5, 29, 16, 972095), 'available', 'active')]
(Background on this error at: https://sqlalche.me/e/20/dbapi)
ConnectionResetError: [Errno 54] Connection reset by peer

The above exception was the direct cause of the following exception:

Traceback (most recent call last):
  File "/Users/ankit/Documents/sharkship-others/convoy_prod/.venv/lib/python3.14/site-packages/sqlalchemy/dialects/postgresql/asyncpg.py", line 848, in _start_transaction
    await self._transaction.start()
  File "/Users/ankit/Documents/sharkship-others/convoy_prod/.venv/lib/python3.14/site-packages/asyncpg/transaction.py", line 146, in start
    await self._connection.execute(query)
  File "/Users/ankit/Documents/sharkship-others/convoy_prod/.venv/lib/python3.14/site-packages/asyncpg/connection.py", line 354, in execute
    result = await self._protocol.query(query, timeout)
             ^^^^^^^^^^^^^^^^^^^^^^^^^^^^^^^^^^^^^^^^^^
  File "asyncpg/protocol/protocol.pyx", line 369, in query
asyncpg.exceptions.ConnectionDoesNotExistError: connection was closed in the middle of operation

The above exception was the direct cause of the following exception:

Traceback (most recent call last):
  File "/Users/ankit/Documents/sharkship-others/convoy_prod/.venv/lib/python3.14/site-packages/sqlalchemy/engine/base.py", line 1969, in _exec_single_context
    self.dialect.do_execute(
    ~~~~~~~~~~~~~~~~~~~~~~~^
        cursor, str_statement, effective_parameters, context
        ^^^^^^^^^^^^^^^^^^^^^^^^^^^^^^^^^^^^^^^^^^^^^^^^^^^^
    )
    ^
  File "/Users/ankit/Documents/sharkship-others/convoy_prod/.venv/lib/python3.14/site-packages/sqlalchemy/engine/default.py", line 952, in do_execute
    cursor.execute(statement, parameters)
    ~~~~~~~~~~~~~~^^^^^^^^^^^^^^^^^^^^^^^
  File "/Users/ankit/Documents/sharkship-others/convoy_prod/.venv/lib/python3.14/site-packages/sqlalchemy/dialects/postgresql/asyncpg.py", line 585, in execute
    self._adapt_connection.await_(
    ~~~~~~~~~~~~~~~~~~~~~~~~~~~~~^
        self._prepare_and_execute(operation, parameters)
        ^^^^^^^^^^^^^^^^^^^^^^^^^^^^^^^^^^^^^^^^^^^^^^^^
    )
    ^
  File "/Users/ankit/Documents/sharkship-others/convoy_prod/.venv/lib/python3.14/site-packages/sqlalchemy/util/_concurrency_py3k.py", line 132, in await_only
    return current.parent.switch(awaitable)  # type: ignore[no-any-return,attr-defined] # noqa: E501
           ~~~~~~~~~~~~~~~~~~~~~^^^^^^^^^^^
  File "/Users/ankit/Documents/sharkship-others/convoy_prod/.venv/lib/python3.14/site-packages/sqlalchemy/util/_concurrency_py3k.py", line 196, in greenlet_spawn
    value = await result
            ^^^^^^^^^^^^
  File "/Users/ankit/Documents/sharkship-others/convoy_prod/.venv/lib/python3.14/site-packages/sqlalchemy/dialects/postgresql/asyncpg.py", line 520, in _prepare_and_execute
    await adapt_connection._start_transaction()
  File "/Users/ankit/Documents/sharkship-others/convoy_prod/.venv/lib/python3.14/site-packages/sqlalchemy/dialects/postgresql/asyncpg.py", line 850, in _start_transaction
    self._handle_exception(error)
    ~~~~~~~~~~~~~~~~~~~~~~^^^^^^^
  File "/Users/ankit/Documents/sharkship-others/convoy_prod/.venv/lib/python3.14/site-packages/sqlalchemy/dialects/postgresql/asyncpg.py", line 797, in _handle_exception
    raise translated_error from error
sqlalchemy.dialects.postgresql.asyncpg.AsyncAdapt_asyncpg_dbapi.Error: <class 'asyncpg.exceptions.ConnectionDoesNotExistError'>: connection was closed in the middle of operation

The above exception was the direct cause of the following exception:

Traceback (most recent call last):
  File "/Users/ankit/Documents/sharkship-others/convoy_prod/services/post_expiry.py", line 56, in run_post_expiry_loop
    count = await expire_overdue_posts(session)
            ^^^^^^^^^^^^^^^^^^^^^^^^^^^^^^^^^^^
  File "/Users/ankit/Documents/sharkship-others/convoy_prod/services/post_expiry.py", line 37, in expire_overdue_posts
    result = await session.execute(
             ^^^^^^^^^^^^^^^^^^^^^^
    ...<6 lines>...
    )
    ^
  File "/Users/ankit/Documents/sharkship-others/convoy_prod/.venv/lib/python3.14/site-packages/sqlalchemy/ext/asyncio/session.py", line 448, in execute
    result = await greenlet_spawn(
             ^^^^^^^^^^^^^^^^^^^^^
    ...<6 lines>...
    )
    ^
  File "/Users/ankit/Documents/sharkship-others/convoy_prod/.venv/lib/python3.14/site-packages/sqlalchemy/util/_concurrency_py3k.py", line 203, in greenlet_spawn
    result = context.switch(value)
  File "/Users/ankit/Documents/sharkship-others/convoy_prod/.venv/lib/python3.14/site-packages/sqlalchemy/orm/session.py", line 2373, in execute
    return self._execute_internal(
           ~~~~~~~~~~~~~~~~~~~~~~^
        statement,
        ^^^^^^^^^^
    ...<4 lines>...
        _add_event=_add_event,
        ^^^^^^^^^^^^^^^^^^^^^^
    )
    ^
  File "/Users/ankit/Documents/sharkship-others/convoy_prod/.venv/lib/python3.14/site-packages/sqlalchemy/orm/session.py", line 2271, in _execute_internal
    result: Result[Any] = compile_state_cls.orm_execute_statement(
                          ~~~~~~~~~~~~~~~~~~~~~~~~~~~~~~~~~~~~~~~^
        self,
        ^^^^^
    ...<4 lines>...
        conn,
        ^^^^^
    )
    ^
  File "/Users/ankit/Documents/sharkship-others/convoy_prod/.venv/lib/python3.14/site-packages/sqlalchemy/orm/bulk_persistence.py", line 1660, in orm_execute_statement
    return super().orm_execute_statement(
           ~~~~~~~~~~~~~~~~~~~~~~~~~~~~~^
        session,
        ^^^^^^^^
    ...<4 lines>...
        conn,
        ^^^^^
    )
    ^
  File "/Users/ankit/Documents/sharkship-others/convoy_prod/.venv/lib/python3.14/site-packages/sqlalchemy/orm/context.py", line 306, in orm_execute_statement
    result = conn.execute(
        statement, params or {}, execution_options=execution_options
    )
  File "/Users/ankit/Documents/sharkship-others/convoy_prod/.venv/lib/python3.14/site-packages/sqlalchemy/engine/base.py", line 1421, in execute
    return meth(
        self,
        distilled_parameters,
        execution_options or NO_OPTIONS,
    )
  File "/Users/ankit/Documents/sharkship-others/convoy_prod/.venv/lib/python3.14/site-packages/sqlalchemy/sql/elements.py", line 526, in _execute_on_connection
    return connection._execute_clauseelement(
           ~~~~~~~~~~~~~~~~~~~~~~~~~~~~~~~~~^
        self, distilled_params, execution_options
        ^^^^^^^^^^^^^^^^^^^^^^^^^^^^^^^^^^^^^^^^^
    )
    ^
  File "/Users/ankit/Documents/sharkship-others/convoy_prod/.venv/lib/python3.14/site-packages/sqlalchemy/engine/base.py", line 1643, in _execute_clauseelement
    ret = self._execute_context(
        dialect,
    ...<8 lines>...
        cache_hit=cache_hit,
    )
  File "/Users/ankit/Documents/sharkship-others/convoy_prod/.venv/lib/python3.14/site-packages/sqlalchemy/engine/base.py", line 1848, in _execute_context
    return self._exec_single_context(
           ~~~~~~~~~~~~~~~~~~~~~~~~~^
        dialect, context, statement, parameters
        ^^^^^^^^^^^^^^^^^^^^^^^^^^^^^^^^^^^^^^^
    )
    ^
  File "/Users/ankit/Documents/sharkship-others/convoy_prod/.venv/lib/python3.14/site-packages/sqlalchemy/engine/base.py", line 1988, in _exec_single_context
    self._handle_dbapi_exception(
    ~~~~~~~~~~~~~~~~~~~~~~~~~~~~^
        e, str_statement, effective_parameters, cursor, context
        ^^^^^^^^^^^^^^^^^^^^^^^^^^^^^^^^^^^^^^^^^^^^^^^^^^^^^^^
    )
    ^
  File "/Users/ankit/Documents/sharkship-others/convoy_prod/.venv/lib/python3.14/site-packages/sqlalchemy/engine/base.py", line 2365, in _handle_dbapi_exception
    raise sqlalchemy_exception.with_traceback(exc_info[2]) from e
  File "/Users/ankit/Documents/sharkship-others/convoy_prod/.venv/lib/python3.14/site-packages/sqlalchemy/engine/base.py", line 1969, in _exec_single_context
    self.dialect.do_execute(
    ~~~~~~~~~~~~~~~~~~~~~~~^
        cursor, str_statement, effective_parameters, context
        ^^^^^^^^^^^^^^^^^^^^^^^^^^^^^^^^^^^^^^^^^^^^^^^^^^^^
    )
    ^
  File "/Users/ankit/Documents/sharkship-others/convoy_prod/.venv/lib/python3.14/site-packages/sqlalchemy/engine/default.py", line 952, in do_execute
    cursor.execute(statement, parameters)
    ~~~~~~~~~~~~~~^^^^^^^^^^^^^^^^^^^^^^^
  File "/Users/ankit/Documents/sharkship-others/convoy_prod/.venv/lib/python3.14/site-packages/sqlalchemy/dialects/postgresql/asyncpg.py", line 585, in execute
    self._adapt_connection.await_(
    ~~~~~~~~~~~~~~~~~~~~~~~~~~~~~^
        self._prepare_and_execute(operation, parameters)
        ^^^^^^^^^^^^^^^^^^^^^^^^^^^^^^^^^^^^^^^^^^^^^^^^
    )
    ^
  File "/Users/ankit/Documents/sharkship-others/convoy_prod/.venv/lib/python3.14/site-packages/sqlalchemy/util/_concurrency_py3k.py", line 132, in await_only
    return current.parent.switch(awaitable)  # type: ignore[no-any-return,attr-defined] # noqa: E501
           ~~~~~~~~~~~~~~~~~~~~~^^^^^^^^^^^
  File "/Users/ankit/Documents/sharkship-others/convoy_prod/.venv/lib/python3.14/site-packages/sqlalchemy/util/_concurrency_py3k.py", line 196, in greenlet_spawn
    value = await result
            ^^^^^^^^^^^^
  File "/Users/ankit/Documents/sharkship-others/convoy_prod/.venv/lib/python3.14/site-packages/sqlalchemy/dialects/postgresql/asyncpg.py", line 520, in _prepare_and_execute
    await adapt_connection._start_transaction()
  File "/Users/ankit/Documents/sharkship-others/convoy_prod/.venv/lib/python3.14/site-packages/sqlalchemy/dialects/postgresql/asyncpg.py", line 850, in _start_transaction
    self._handle_exception(error)
    ~~~~~~~~~~~~~~~~~~~~~~^^^^^^^
  File "/Users/ankit/Documents/sharkship-others/convoy_prod/.venv/lib/python3.14/site-packages/sqlalchemy/dialects/postgresql/asyncpg.py", line 797, in _handle_exception
    raise translated_error from error
sqlalchemy.exc.DBAPIError: (sqlalchemy.dialects.postgresql.asyncpg.Error) <class 'asyncpg.exceptions.ConnectionDoesNotExistError'>: connection was closed in the middle of operation
[SQL: UPDATE truck_routes SET status=$1::VARCHAR WHERE truck_routes.status IN ($3::VARCHAR, $4::VARCHAR) AND truck_routes.expires_at <= $2::TIMESTAMP WITHOUT TIME ZONE]
[parameters: ('expired', datetime.datetime(2026, 7, 15, 5, 29, 16, 972095), 'available', 'active')]
(Background on this error at: https://sqlalche.me/e/20/dbapi)
2026-07-15 11:09:23 | ERROR    | convoy | Post expiry job failed: (sqlalchemy.dialects.postgresql.asyncpg.Error) <class 'asyncpg.exceptions.ConnectionDoesNotExistError'>: connection was closed in the middle of operation
[SQL: UPDATE truck_routes SET status=$1::VARCHAR WHERE truck_routes.status IN ($3::VARCHAR, $4::VARCHAR) AND truck_routes.expires_at <= $2::TIMESTAMP WITHOUT TIME ZONE]
[parameters: ('expired', datetime.datetime(2026, 7, 15, 5, 39, 23, 763278), 'available', 'active')]
(Background on this error at: https://sqlalche.me/e/20/dbapi)
ConnectionResetError: [Errno 54] Connection reset by peer

The above exception was the direct cause of the following exception:

Traceback (most recent call last):
  File "/Users/ankit/Documents/sharkship-others/convoy_prod/.venv/lib/python3.14/site-packages/sqlalchemy/dialects/postgresql/asyncpg.py", line 848, in _start_transaction
    await self._transaction.start()
  File "/Users/ankit/Documents/sharkship-others/convoy_prod/.venv/lib/python3.14/site-packages/asyncpg/transaction.py", line 146, in start
    await self._connection.execute(query)
  File "/Users/ankit/Documents/sharkship-others/convoy_prod/.venv/lib/python3.14/site-packages/asyncpg/connection.py", line 354, in execute
    result = await self._protocol.query(query, timeout)
             ^^^^^^^^^^^^^^^^^^^^^^^^^^^^^^^^^^^^^^^^^^
  File "asyncpg/protocol/protocol.pyx", line 369, in query
asyncpg.exceptions.ConnectionDoesNotExistError: connection was closed in the middle of operation

The above exception was the direct cause of the following exception:

Traceback (most recent call last):
  File "/Users/ankit/Documents/sharkship-others/convoy_prod/.venv/lib/python3.14/site-packages/sqlalchemy/engine/base.py", line 1969, in _exec_single_context
    self.dialect.do_execute(
    ~~~~~~~~~~~~~~~~~~~~~~~^
        cursor, str_statement, effective_parameters, context
        ^^^^^^^^^^^^^^^^^^^^^^^^^^^^^^^^^^^^^^^^^^^^^^^^^^^^
    )
    ^
  File "/Users/ankit/Documents/sharkship-others/convoy_prod/.venv/lib/python3.14/site-packages/sqlalchemy/engine/default.py", line 952, in do_execute
    cursor.execute(statement, parameters)
    ~~~~~~~~~~~~~~^^^^^^^^^^^^^^^^^^^^^^^
  File "/Users/ankit/Documents/sharkship-others/convoy_prod/.venv/lib/python3.14/site-packages/sqlalchemy/dialects/postgresql/asyncpg.py", line 585, in execute
    self._adapt_connection.await_(
    ~~~~~~~~~~~~~~~~~~~~~~~~~~~~~^
        self._prepare_and_execute(operation, parameters)
        ^^^^^^^^^^^^^^^^^^^^^^^^^^^^^^^^^^^^^^^^^^^^^^^^
    )
    ^
  File "/Users/ankit/Documents/sharkship-others/convoy_prod/.venv/lib/python3.14/site-packages/sqlalchemy/util/_concurrency_py3k.py", line 132, in await_only
    return current.parent.switch(awaitable)  # type: ignore[no-any-return,attr-defined] # noqa: E501
           ~~~~~~~~~~~~~~~~~~~~~^^^^^^^^^^^
  File "/Users/ankit/Documents/sharkship-others/convoy_prod/.venv/lib/python3.14/site-packages/sqlalchemy/util/_concurrency_py3k.py", line 196, in greenlet_spawn
    value = await result
            ^^^^^^^^^^^^
  File "/Users/ankit/Documents/sharkship-others/convoy_prod/.venv/lib/python3.14/site-packages/sqlalchemy/dialects/postgresql/asyncpg.py", line 520, in _prepare_and_execute
    await adapt_connection._start_transaction()
  File "/Users/ankit/Documents/sharkship-others/convoy_prod/.venv/lib/python3.14/site-packages/sqlalchemy/dialects/postgresql/asyncpg.py", line 850, in _start_transaction
    self._handle_exception(error)
    ~~~~~~~~~~~~~~~~~~~~~~^^^^^^^
  File "/Users/ankit/Documents/sharkship-others/convoy_prod/.venv/lib/python3.14/site-packages/sqlalchemy/dialects/postgresql/asyncpg.py", line 797, in _handle_exception
    raise translated_error from error
sqlalchemy.dialects.postgresql.asyncpg.AsyncAdapt_asyncpg_dbapi.Error: <class 'asyncpg.exceptions.ConnectionDoesNotExistError'>: connection was closed in the middle of operation

The above exception was the direct cause of the following exception:

Traceback (most recent call last):
  File "/Users/ankit/Documents/sharkship-others/convoy_prod/services/post_expiry.py", line 56, in run_post_expiry_loop
    count = await expire_overdue_posts(session)
            ^^^^^^^^^^^^^^^^^^^^^^^^^^^^^^^^^^^
  File "/Users/ankit/Documents/sharkship-others/convoy_prod/services/post_expiry.py", line 37, in expire_overdue_posts
    result = await session.execute(
             ^^^^^^^^^^^^^^^^^^^^^^
    ...<6 lines>...
    )
    ^
  File "/Users/ankit/Documents/sharkship-others/convoy_prod/.venv/lib/python3.14/site-packages/sqlalchemy/ext/asyncio/session.py", line 448, in execute
    result = await greenlet_spawn(
             ^^^^^^^^^^^^^^^^^^^^^
    ...<6 lines>...
    )
    ^
  File "/Users/ankit/Documents/sharkship-others/convoy_prod/.venv/lib/python3.14/site-packages/sqlalchemy/util/_concurrency_py3k.py", line 203, in greenlet_spawn
    result = context.switch(value)
  File "/Users/ankit/Documents/sharkship-others/convoy_prod/.venv/lib/python3.14/site-packages/sqlalchemy/orm/session.py", line 2373, in execute
    return self._execute_internal(
           ~~~~~~~~~~~~~~~~~~~~~~^
        statement,
        ^^^^^^^^^^
    ...<4 lines>...
        _add_event=_add_event,
        ^^^^^^^^^^^^^^^^^^^^^^
    )
    ^
  File "/Users/ankit/Documents/sharkship-others/convoy_prod/.venv/lib/python3.14/site-packages/sqlalchemy/orm/session.py", line 2271, in _execute_internal
    result: Result[Any] = compile_state_cls.orm_execute_statement(
                          ~~~~~~~~~~~~~~~~~~~~~~~~~~~~~~~~~~~~~~~^
        self,
        ^^^^^
    ...<4 lines>...
        conn,
        ^^^^^
    )
    ^
  File "/Users/ankit/Documents/sharkship-others/convoy_prod/.venv/lib/python3.14/site-packages/sqlalchemy/orm/bulk_persistence.py", line 1660, in orm_execute_statement
    return super().orm_execute_statement(
           ~~~~~~~~~~~~~~~~~~~~~~~~~~~~~^
        session,
        ^^^^^^^^
    ...<4 lines>...
        conn,
        ^^^^^
    )
    ^
  File "/Users/ankit/Documents/sharkship-others/convoy_prod/.venv/lib/python3.14/site-packages/sqlalchemy/orm/context.py", line 306, in orm_execute_statement
    result = conn.execute(
        statement, params or {}, execution_options=execution_options
    )
  File "/Users/ankit/Documents/sharkship-others/convoy_prod/.venv/lib/python3.14/site-packages/sqlalchemy/engine/base.py", line 1421, in execute
    return meth(
        self,
        distilled_parameters,
        execution_options or NO_OPTIONS,
    )
  File "/Users/ankit/Documents/sharkship-others/convoy_prod/.venv/lib/python3.14/site-packages/sqlalchemy/sql/elements.py", line 526, in _execute_on_connection
    return connection._execute_clauseelement(
           ~~~~~~~~~~~~~~~~~~~~~~~~~~~~~~~~~^
        self, distilled_params, execution_options
        ^^^^^^^^^^^^^^^^^^^^^^^^^^^^^^^^^^^^^^^^^
    )
    ^
  File "/Users/ankit/Documents/sharkship-others/convoy_prod/.venv/lib/python3.14/site-packages/sqlalchemy/engine/base.py", line 1643, in _execute_clauseelement
    ret = self._execute_context(
        dialect,
    ...<8 lines>...
        cache_hit=cache_hit,
    )
  File "/Users/ankit/Documents/sharkship-others/convoy_prod/.venv/lib/python3.14/site-packages/sqlalchemy/engine/base.py", line 1848, in _execute_context
    return self._exec_single_context(
           ~~~~~~~~~~~~~~~~~~~~~~~~~^
        dialect, context, statement, parameters
        ^^^^^^^^^^^^^^^^^^^^^^^^^^^^^^^^^^^^^^^
    )
    ^
  File "/Users/ankit/Documents/sharkship-others/convoy_prod/.venv/lib/python3.14/site-packages/sqlalchemy/engine/base.py", line 1988, in _exec_single_context
    self._handle_dbapi_exception(
    ~~~~~~~~~~~~~~~~~~~~~~~~~~~~^
        e, str_statement, effective_parameters, cursor, context
        ^^^^^^^^^^^^^^^^^^^^^^^^^^^^^^^^^^^^^^^^^^^^^^^^^^^^^^^
    )
    ^
  File "/Users/ankit/Documents/sharkship-others/convoy_prod/.venv/lib/python3.14/site-packages/sqlalchemy/engine/base.py", line 2365, in _handle_dbapi_exception
    raise sqlalchemy_exception.with_traceback(exc_info[2]) from e
  File "/Users/ankit/Documents/sharkship-others/convoy_prod/.venv/lib/python3.14/site-packages/sqlalchemy/engine/base.py", line 1969, in _exec_single_context
    self.dialect.do_execute(
    ~~~~~~~~~~~~~~~~~~~~~~~^
        cursor, str_statement, effective_parameters, context
        ^^^^^^^^^^^^^^^^^^^^^^^^^^^^^^^^^^^^^^^^^^^^^^^^^^^^
    )
    ^
  File "/Users/ankit/Documents/sharkship-others/convoy_prod/.venv/lib/python3.14/site-packages/sqlalchemy/engine/default.py", line 952, in do_execute
    cursor.execute(statement, parameters)
    ~~~~~~~~~~~~~~^^^^^^^^^^^^^^^^^^^^^^^
  File "/Users/ankit/Documents/sharkship-others/convoy_prod/.venv/lib/python3.14/site-packages/sqlalchemy/dialects/postgresql/asyncpg.py", line 585, in execute
    self._adapt_connection.await_(
    ~~~~~~~~~~~~~~~~~~~~~~~~~~~~~^
        self._prepare_and_execute(operation, parameters)
        ^^^^^^^^^^^^^^^^^^^^^^^^^^^^^^^^^^^^^^^^^^^^^^^^
    )
    ^
  File "/Users/ankit/Documents/sharkship-others/convoy_prod/.venv/lib/python3.14/site-packages/sqlalchemy/util/_concurrency_py3k.py", line 132, in await_only
    return current.parent.switch(awaitable)  # type: ignore[no-any-return,attr-defined] # noqa: E501
           ~~~~~~~~~~~~~~~~~~~~~^^^^^^^^^^^
  File "/Users/ankit/Documents/sharkship-others/convoy_prod/.venv/lib/python3.14/site-packages/sqlalchemy/util/_concurrency_py3k.py", line 196, in greenlet_spawn
    value = await result
            ^^^^^^^^^^^^
  File "/Users/ankit/Documents/sharkship-others/convoy_prod/.venv/lib/python3.14/site-packages/sqlalchemy/dialects/postgresql/asyncpg.py", line 520, in _prepare_and_execute
    await adapt_connection._start_transaction()
  File "/Users/ankit/Documents/sharkship-others/convoy_prod/.venv/lib/python3.14/site-packages/sqlalchemy/dialects/postgresql/asyncpg.py", line 850, in _start_transaction
    self._handle_exception(error)
    ~~~~~~~~~~~~~~~~~~~~~~^^^^^^^
  File "/Users/ankit/Documents/sharkship-others/convoy_prod/.venv/lib/python3.14/site-packages/sqlalchemy/dialects/postgresql/asyncpg.py", line 797, in _handle_exception
    raise translated_error from error
sqlalchemy.exc.DBAPIError: (sqlalchemy.dialects.postgresql.asyncpg.Error) <class 'asyncpg.exceptions.ConnectionDoesNotExistError'>: connection was closed in the middle of operation
[SQL: UPDATE truck_routes SET status=$1::VARCHAR WHERE truck_routes.status IN ($3::VARCHAR, $4::VARCHAR) AND truck_routes.expires_at <= $2::TIMESTAMP WITHOUT TIME ZONE]
[parameters: ('expired', datetime.datetime(2026, 7, 15, 5, 39, 23, 763278), 'available', 'active')]
(Background on this error at: https://sqlalche.me/e/20/dbapi)
2026-07-15 11:29:24 | ERROR    | convoy | Post expiry job failed: (sqlalchemy.dialects.postgresql.asyncpg.Error) <class 'asyncpg.exceptions.ConnectionDoesNotExistError'>: connection was closed in the middle of operation
[SQL: UPDATE truck_routes SET status=$1::VARCHAR WHERE truck_routes.status IN ($3::VARCHAR, $4::VARCHAR) AND truck_routes.expires_at <= $2::TIMESTAMP WITHOUT TIME ZONE]
[parameters: ('expired', datetime.datetime(2026, 7, 15, 5, 59, 24, 706466), 'available', 'active')]
(Background on this error at: https://sqlalche.me/e/20/dbapi)
ConnectionResetError: [Errno 54] Connection reset by peer

The above exception was the direct cause of the following exception:

Traceback (most recent call last):
  File "/Users/ankit/Documents/sharkship-others/convoy_prod/.venv/lib/python3.14/site-packages/sqlalchemy/dialects/postgresql/asyncpg.py", line 848, in _start_transaction
    await self._transaction.start()
  File "/Users/ankit/Documents/sharkship-others/convoy_prod/.venv/lib/python3.14/site-packages/asyncpg/transaction.py", line 146, in start
    await self._connection.execute(query)
  File "/Users/ankit/Documents/sharkship-others/convoy_prod/.venv/lib/python3.14/site-packages/asyncpg/connection.py", line 354, in execute
    result = await self._protocol.query(query, timeout)
             ^^^^^^^^^^^^^^^^^^^^^^^^^^^^^^^^^^^^^^^^^^
  File "asyncpg/protocol/protocol.pyx", line 369, in query
asyncpg.exceptions.ConnectionDoesNotExistError: connection was closed in the middle of operation

The above exception was the direct cause of the following exception:

Traceback (most recent call last):
  File "/Users/ankit/Documents/sharkship-others/convoy_prod/.venv/lib/python3.14/site-packages/sqlalchemy/engine/base.py", line 1969, in _exec_single_context
    self.dialect.do_execute(
    ~~~~~~~~~~~~~~~~~~~~~~~^
        cursor, str_statement, effective_parameters, context
        ^^^^^^^^^^^^^^^^^^^^^^^^^^^^^^^^^^^^^^^^^^^^^^^^^^^^
    )
    ^
  File "/Users/ankit/Documents/sharkship-others/convoy_prod/.venv/lib/python3.14/site-packages/sqlalchemy/engine/default.py", line 952, in do_execute
    cursor.execute(statement, parameters)
    ~~~~~~~~~~~~~~^^^^^^^^^^^^^^^^^^^^^^^
  File "/Users/ankit/Documents/sharkship-others/convoy_prod/.venv/lib/python3.14/site-packages/sqlalchemy/dialects/postgresql/asyncpg.py", line 585, in execute
    self._adapt_connection.await_(
    ~~~~~~~~~~~~~~~~~~~~~~~~~~~~~^
        self._prepare_and_execute(operation, parameters)
        ^^^^^^^^^^^^^^^^^^^^^^^^^^^^^^^^^^^^^^^^^^^^^^^^
    )
    ^
  File "/Users/ankit/Documents/sharkship-others/convoy_prod/.venv/lib/python3.14/site-packages/sqlalchemy/util/_concurrency_py3k.py", line 132, in await_only
    return current.parent.switch(awaitable)  # type: ignore[no-any-return,attr-defined] # noqa: E501
           ~~~~~~~~~~~~~~~~~~~~~^^^^^^^^^^^
  File "/Users/ankit/Documents/sharkship-others/convoy_prod/.venv/lib/python3.14/site-packages/sqlalchemy/util/_concurrency_py3k.py", line 196, in greenlet_spawn
    value = await result
            ^^^^^^^^^^^^
  File "/Users/ankit/Documents/sharkship-others/convoy_prod/.venv/lib/python3.14/site-packages/sqlalchemy/dialects/postgresql/asyncpg.py", line 520, in _prepare_and_execute
    await adapt_connection._start_transaction()
  File "/Users/ankit/Documents/sharkship-others/convoy_prod/.venv/lib/python3.14/site-packages/sqlalchemy/dialects/postgresql/asyncpg.py", line 850, in _start_transaction
    self._handle_exception(error)
    ~~~~~~~~~~~~~~~~~~~~~~^^^^^^^
  File "/Users/ankit/Documents/sharkship-others/convoy_prod/.venv/lib/python3.14/site-packages/sqlalchemy/dialects/postgresql/asyncpg.py", line 797, in _handle_exception
    raise translated_error from error
sqlalchemy.dialects.postgresql.asyncpg.AsyncAdapt_asyncpg_dbapi.Error: <class 'asyncpg.exceptions.ConnectionDoesNotExistError'>: connection was closed in the middle of operation

The above exception was the direct cause of the following exception:

Traceback (most recent call last):
  File "/Users/ankit/Documents/sharkship-others/convoy_prod/services/post_expiry.py", line 56, in run_post_expiry_loop
    count = await expire_overdue_posts(session)
            ^^^^^^^^^^^^^^^^^^^^^^^^^^^^^^^^^^^
  File "/Users/ankit/Documents/sharkship-others/convoy_prod/services/post_expiry.py", line 37, in expire_overdue_posts
    result = await session.execute(
             ^^^^^^^^^^^^^^^^^^^^^^
    ...<6 lines>...
    )
    ^
  File "/Users/ankit/Documents/sharkship-others/convoy_prod/.venv/lib/python3.14/site-packages/sqlalchemy/ext/asyncio/session.py", line 448, in execute
    result = await greenlet_spawn(
             ^^^^^^^^^^^^^^^^^^^^^
    ...<6 lines>...
    )
    ^
  File "/Users/ankit/Documents/sharkship-others/convoy_prod/.venv/lib/python3.14/site-packages/sqlalchemy/util/_concurrency_py3k.py", line 203, in greenlet_spawn
    result = context.switch(value)
  File "/Users/ankit/Documents/sharkship-others/convoy_prod/.venv/lib/python3.14/site-packages/sqlalchemy/orm/session.py", line 2373, in execute
    return self._execute_internal(
           ~~~~~~~~~~~~~~~~~~~~~~^
        statement,
        ^^^^^^^^^^
    ...<4 lines>...
        _add_event=_add_event,
        ^^^^^^^^^^^^^^^^^^^^^^
    )
    ^
  File "/Users/ankit/Documents/sharkship-others/convoy_prod/.venv/lib/python3.14/site-packages/sqlalchemy/orm/session.py", line 2271, in _execute_internal
    result: Result[Any] = compile_state_cls.orm_execute_statement(
                          ~~~~~~~~~~~~~~~~~~~~~~~~~~~~~~~~~~~~~~~^
        self,
        ^^^^^
    ...<4 lines>...
        conn,
        ^^^^^
    )
    ^
  File "/Users/ankit/Documents/sharkship-others/convoy_prod/.venv/lib/python3.14/site-packages/sqlalchemy/orm/bulk_persistence.py", line 1660, in orm_execute_statement
    return super().orm_execute_statement(
           ~~~~~~~~~~~~~~~~~~~~~~~~~~~~~^
        session,
        ^^^^^^^^
    ...<4 lines>...
        conn,
        ^^^^^
    )
    ^
  File "/Users/ankit/Documents/sharkship-others/convoy_prod/.venv/lib/python3.14/site-packages/sqlalchemy/orm/context.py", line 306, in orm_execute_statement
    result = conn.execute(
        statement, params or {}, execution_options=execution_options
    )
  File "/Users/ankit/Documents/sharkship-others/convoy_prod/.venv/lib/python3.14/site-packages/sqlalchemy/engine/base.py", line 1421, in execute
    return meth(
        self,
        distilled_parameters,
        execution_options or NO_OPTIONS,
    )
  File "/Users/ankit/Documents/sharkship-others/convoy_prod/.venv/lib/python3.14/site-packages/sqlalchemy/sql/elements.py", line 526, in _execute_on_connection
    return connection._execute_clauseelement(
           ~~~~~~~~~~~~~~~~~~~~~~~~~~~~~~~~~^
        self, distilled_params, execution_options
        ^^^^^^^^^^^^^^^^^^^^^^^^^^^^^^^^^^^^^^^^^
    )
    ^
  File "/Users/ankit/Documents/sharkship-others/convoy_prod/.venv/lib/python3.14/site-packages/sqlalchemy/engine/base.py", line 1643, in _execute_clauseelement
    ret = self._execute_context(
        dialect,
    ...<8 lines>...
        cache_hit=cache_hit,
    )
  File "/Users/ankit/Documents/sharkship-others/convoy_prod/.venv/lib/python3.14/site-packages/sqlalchemy/engine/base.py", line 1848, in _execute_context
    return self._exec_single_context(
           ~~~~~~~~~~~~~~~~~~~~~~~~~^
        dialect, context, statement, parameters
        ^^^^^^^^^^^^^^^^^^^^^^^^^^^^^^^^^^^^^^^
    )
    ^
  File "/Users/ankit/Documents/sharkship-others/convoy_prod/.venv/lib/python3.14/site-packages/sqlalchemy/engine/base.py", line 1988, in _exec_single_context
    self._handle_dbapi_exception(
    ~~~~~~~~~~~~~~~~~~~~~~~~~~~~^
        e, str_statement, effective_parameters, cursor, context
        ^^^^^^^^^^^^^^^^^^^^^^^^^^^^^^^^^^^^^^^^^^^^^^^^^^^^^^^
    )
    ^
  File "/Users/ankit/Documents/sharkship-others/convoy_prod/.venv/lib/python3.14/site-packages/sqlalchemy/engine/base.py", line 2365, in _handle_dbapi_exception
    raise sqlalchemy_exception.with_traceback(exc_info[2]) from e
  File "/Users/ankit/Documents/sharkship-others/convoy_prod/.venv/lib/python3.14/site-packages/sqlalchemy/engine/base.py", line 1969, in _exec_single_context
    self.dialect.do_execute(
    ~~~~~~~~~~~~~~~~~~~~~~~^
        cursor, str_statement, effective_parameters, context
        ^^^^^^^^^^^^^^^^^^^^^^^^^^^^^^^^^^^^^^^^^^^^^^^^^^^^
    )
    ^
  File "/Users/ankit/Documents/sharkship-others/convoy_prod/.venv/lib/python3.14/site-packages/sqlalchemy/engine/default.py", line 952, in do_execute
    cursor.execute(statement, parameters)
    ~~~~~~~~~~~~~~^^^^^^^^^^^^^^^^^^^^^^^
  File "/Users/ankit/Documents/sharkship-others/convoy_prod/.venv/lib/python3.14/site-packages/sqlalchemy/dialects/postgresql/asyncpg.py", line 585, in execute
    self._adapt_connection.await_(
    ~~~~~~~~~~~~~~~~~~~~~~~~~~~~~^
        self._prepare_and_execute(operation, parameters)
        ^^^^^^^^^^^^^^^^^^^^^^^^^^^^^^^^^^^^^^^^^^^^^^^^
    )
    ^
  File "/Users/ankit/Documents/sharkship-others/convoy_prod/.venv/lib/python3.14/site-packages/sqlalchemy/util/_concurrency_py3k.py", line 132, in await_only
    return current.parent.switch(awaitable)  # type: ignore[no-any-return,attr-defined] # noqa: E501
           ~~~~~~~~~~~~~~~~~~~~~^^^^^^^^^^^
  File "/Users/ankit/Documents/sharkship-others/convoy_prod/.venv/lib/python3.14/site-packages/sqlalchemy/util/_concurrency_py3k.py", line 196, in greenlet_spawn
    value = await result
            ^^^^^^^^^^^^
  File "/Users/ankit/Documents/sharkship-others/convoy_prod/.venv/lib/python3.14/site-packages/sqlalchemy/dialects/postgresql/asyncpg.py", line 520, in _prepare_and_execute
    await adapt_connection._start_transaction()
  File "/Users/ankit/Documents/sharkship-others/convoy_prod/.venv/lib/python3.14/site-packages/sqlalchemy/dialects/postgresql/asyncpg.py", line 850, in _start_transaction
    self._handle_exception(error)
    ~~~~~~~~~~~~~~~~~~~~~~^^^^^^^
  File "/Users/ankit/Documents/sharkship-others/convoy_prod/.venv/lib/python3.14/site-packages/sqlalchemy/dialects/postgresql/asyncpg.py", line 797, in _handle_exception
    raise translated_error from error
sqlalchemy.exc.DBAPIError: (sqlalchemy.dialects.postgresql.asyncpg.Error) <class 'asyncpg.exceptions.ConnectionDoesNotExistError'>: connection was closed in the middle of operation
[SQL: UPDATE truck_routes SET status=$1::VARCHAR WHERE truck_routes.status IN ($3::VARCHAR, $4::VARCHAR) AND truck_routes.expires_at <= $2::TIMESTAMP WITHOUT TIME ZONE]
[parameters: ('expired', datetime.datetime(2026, 7, 15, 5, 59, 24, 706466), 'available', 'active')]
(Background on this error at: https://sqlalche.me/e/20/dbapi)
2026-07-15 12:01:02 | ERROR    | convoy | Post expiry job failed: (sqlalchemy.dialects.postgresql.asyncpg.Error) <class 'asyncpg.exceptions.ConnectionDoesNotExistError'>: connection was closed in the middle of operation
[SQL: UPDATE truck_routes SET status=$1::VARCHAR WHERE truck_routes.status IN ($3::VARCHAR, $4::VARCHAR) AND truck_routes.expires_at <= $2::TIMESTAMP WITHOUT TIME ZONE]
[parameters: ('expired', datetime.datetime(2026, 7, 15, 6, 29, 31, 990027), 'available', 'active')]
(Background on this error at: https://sqlalche.me/e/20/dbapi)
OSError: [Errno 49] Can't assign requested address

The above exception was the direct cause of the following exception:

Traceback (most recent call last):
  File "/Users/ankit/Documents/sharkship-others/convoy_prod/.venv/lib/python3.14/site-packages/sqlalchemy/dialects/postgresql/asyncpg.py", line 848, in _start_transaction
    await self._transaction.start()
  File "/Users/ankit/Documents/sharkship-others/convoy_prod/.venv/lib/python3.14/site-packages/asyncpg/transaction.py", line 146, in start
    await self._connection.execute(query)
  File "/Users/ankit/Documents/sharkship-others/convoy_prod/.venv/lib/python3.14/site-packages/asyncpg/connection.py", line 354, in execute
    result = await self._protocol.query(query, timeout)
             ^^^^^^^^^^^^^^^^^^^^^^^^^^^^^^^^^^^^^^^^^^
  File "asyncpg/protocol/protocol.pyx", line 369, in query
asyncpg.exceptions.ConnectionDoesNotExistError: connection was closed in the middle of operation

The above exception was the direct cause of the following exception:

Traceback (most recent call last):
  File "/Users/ankit/Documents/sharkship-others/convoy_prod/.venv/lib/python3.14/site-packages/sqlalchemy/engine/base.py", line 1969, in _exec_single_context
    self.dialect.do_execute(
    ~~~~~~~~~~~~~~~~~~~~~~~^
        cursor, str_statement, effective_parameters, context
        ^^^^^^^^^^^^^^^^^^^^^^^^^^^^^^^^^^^^^^^^^^^^^^^^^^^^
    )
    ^
  File "/Users/ankit/Documents/sharkship-others/convoy_prod/.venv/lib/python3.14/site-packages/sqlalchemy/engine/default.py", line 952, in do_execute
    cursor.execute(statement, parameters)
    ~~~~~~~~~~~~~~^^^^^^^^^^^^^^^^^^^^^^^
  File "/Users/ankit/Documents/sharkship-others/convoy_prod/.venv/lib/python3.14/site-packages/sqlalchemy/dialects/postgresql/asyncpg.py", line 585, in execute
    self._adapt_connection.await_(
    ~~~~~~~~~~~~~~~~~~~~~~~~~~~~~^
        self._prepare_and_execute(operation, parameters)
        ^^^^^^^^^^^^^^^^^^^^^^^^^^^^^^^^^^^^^^^^^^^^^^^^
    )
    ^
  File "/Users/ankit/Documents/sharkship-others/convoy_prod/.venv/lib/python3.14/site-packages/sqlalchemy/util/_concurrency_py3k.py", line 132, in await_only
    return current.parent.switch(awaitable)  # type: ignore[no-any-return,attr-defined] # noqa: E501
           ~~~~~~~~~~~~~~~~~~~~~^^^^^^^^^^^
  File "/Users/ankit/Documents/sharkship-others/convoy_prod/.venv/lib/python3.14/site-packages/sqlalchemy/util/_concurrency_py3k.py", line 196, in greenlet_spawn
    value = await result
            ^^^^^^^^^^^^
  File "/Users/ankit/Documents/sharkship-others/convoy_prod/.venv/lib/python3.14/site-packages/sqlalchemy/dialects/postgresql/asyncpg.py", line 520, in _prepare_and_execute
    await adapt_connection._start_transaction()
  File "/Users/ankit/Documents/sharkship-others/convoy_prod/.venv/lib/python3.14/site-packages/sqlalchemy/dialects/postgresql/asyncpg.py", line 850, in _start_transaction
    self._handle_exception(error)
    ~~~~~~~~~~~~~~~~~~~~~~^^^^^^^
  File "/Users/ankit/Documents/sharkship-others/convoy_prod/.venv/lib/python3.14/site-packages/sqlalchemy/dialects/postgresql/asyncpg.py", line 797, in _handle_exception
    raise translated_error from error
sqlalchemy.dialects.postgresql.asyncpg.AsyncAdapt_asyncpg_dbapi.Error: <class 'asyncpg.exceptions.ConnectionDoesNotExistError'>: connection was closed in the middle of operation

The above exception was the direct cause of the following exception:

Traceback (most recent call last):
  File "/Users/ankit/Documents/sharkship-others/convoy_prod/services/post_expiry.py", line 56, in run_post_expiry_loop
    count = await expire_overdue_posts(session)
            ^^^^^^^^^^^^^^^^^^^^^^^^^^^^^^^^^^^
  File "/Users/ankit/Documents/sharkship-others/convoy_prod/services/post_expiry.py", line 37, in expire_overdue_posts
    result = await session.execute(
             ^^^^^^^^^^^^^^^^^^^^^^
    ...<6 lines>...
    )
    ^
  File "/Users/ankit/Documents/sharkship-others/convoy_prod/.venv/lib/python3.14/site-packages/sqlalchemy/ext/asyncio/session.py", line 448, in execute
    result = await greenlet_spawn(
             ^^^^^^^^^^^^^^^^^^^^^
    ...<6 lines>...
    )
    ^
  File "/Users/ankit/Documents/sharkship-others/convoy_prod/.venv/lib/python3.14/site-packages/sqlalchemy/util/_concurrency_py3k.py", line 203, in greenlet_spawn
    result = context.switch(value)
  File "/Users/ankit/Documents/sharkship-others/convoy_prod/.venv/lib/python3.14/site-packages/sqlalchemy/orm/session.py", line 2373, in execute
    return self._execute_internal(
           ~~~~~~~~~~~~~~~~~~~~~~^
        statement,
        ^^^^^^^^^^
    ...<4 lines>...
        _add_event=_add_event,
        ^^^^^^^^^^^^^^^^^^^^^^
    )
    ^
  File "/Users/ankit/Documents/sharkship-others/convoy_prod/.venv/lib/python3.14/site-packages/sqlalchemy/orm/session.py", line 2271, in _execute_internal
    result: Result[Any] = compile_state_cls.orm_execute_statement(
                          ~~~~~~~~~~~~~~~~~~~~~~~~~~~~~~~~~~~~~~~^
        self,
        ^^^^^
    ...<4 lines>...
        conn,
        ^^^^^
    )
    ^
  File "/Users/ankit/Documents/sharkship-others/convoy_prod/.venv/lib/python3.14/site-packages/sqlalchemy/orm/bulk_persistence.py", line 1660, in orm_execute_statement
    return super().orm_execute_statement(
           ~~~~~~~~~~~~~~~~~~~~~~~~~~~~~^
        session,
        ^^^^^^^^
    ...<4 lines>...
        conn,
        ^^^^^
    )
    ^
  File "/Users/ankit/Documents/sharkship-others/convoy_prod/.venv/lib/python3.14/site-packages/sqlalchemy/orm/context.py", line 306, in orm_execute_statement
    result = conn.execute(
        statement, params or {}, execution_options=execution_options
    )
  File "/Users/ankit/Documents/sharkship-others/convoy_prod/.venv/lib/python3.14/site-packages/sqlalchemy/engine/base.py", line 1421, in execute
    return meth(
        self,
        distilled_parameters,
        execution_options or NO_OPTIONS,
    )
  File "/Users/ankit/Documents/sharkship-others/convoy_prod/.venv/lib/python3.14/site-packages/sqlalchemy/sql/elements.py", line 526, in _execute_on_connection
    return connection._execute_clauseelement(
           ~~~~~~~~~~~~~~~~~~~~~~~~~~~~~~~~~^
        self, distilled_params, execution_options
        ^^^^^^^^^^^^^^^^^^^^^^^^^^^^^^^^^^^^^^^^^
    )
    ^
  File "/Users/ankit/Documents/sharkship-others/convoy_prod/.venv/lib/python3.14/site-packages/sqlalchemy/engine/base.py", line 1643, in _execute_clauseelement
    ret = self._execute_context(
        dialect,
    ...<8 lines>...
        cache_hit=cache_hit,
    )
  File "/Users/ankit/Documents/sharkship-others/convoy_prod/.venv/lib/python3.14/site-packages/sqlalchemy/engine/base.py", line 1848, in _execute_context
    return self._exec_single_context(
           ~~~~~~~~~~~~~~~~~~~~~~~~~^
        dialect, context, statement, parameters
        ^^^^^^^^^^^^^^^^^^^^^^^^^^^^^^^^^^^^^^^
    )
    ^
  File "/Users/ankit/Documents/sharkship-others/convoy_prod/.venv/lib/python3.14/site-packages/sqlalchemy/engine/base.py", line 1988, in _exec_single_context
    self._handle_dbapi_exception(
    ~~~~~~~~~~~~~~~~~~~~~~~~~~~~^
        e, str_statement, effective_parameters, cursor, context
        ^^^^^^^^^^^^^^^^^^^^^^^^^^^^^^^^^^^^^^^^^^^^^^^^^^^^^^^
    )
    ^
  File "/Users/ankit/Documents/sharkship-others/convoy_prod/.venv/lib/python3.14/site-packages/sqlalchemy/engine/base.py", line 2365, in _handle_dbapi_exception
    raise sqlalchemy_exception.with_traceback(exc_info[2]) from e
  File "/Users/ankit/Documents/sharkship-others/convoy_prod/.venv/lib/python3.14/site-packages/sqlalchemy/engine/base.py", line 1969, in _exec_single_context
    self.dialect.do_execute(
    ~~~~~~~~~~~~~~~~~~~~~~~^
        cursor, str_statement, effective_parameters, context
        ^^^^^^^^^^^^^^^^^^^^^^^^^^^^^^^^^^^^^^^^^^^^^^^^^^^^
    )
    ^
  File "/Users/ankit/Documents/sharkship-others/convoy_prod/.venv/lib/python3.14/site-packages/sqlalchemy/engine/default.py", line 952, in do_execute
    cursor.execute(statement, parameters)
    ~~~~~~~~~~~~~~^^^^^^^^^^^^^^^^^^^^^^^
  File "/Users/ankit/Documents/sharkship-others/convoy_prod/.venv/lib/python3.14/site-packages/sqlalchemy/dialects/postgresql/asyncpg.py", line 585, in execute
    self._adapt_connection.await_(
    ~~~~~~~~~~~~~~~~~~~~~~~~~~~~~^
        self._prepare_and_execute(operation, parameters)
        ^^^^^^^^^^^^^^^^^^^^^^^^^^^^^^^^^^^^^^^^^^^^^^^^
    )
    ^
  File "/Users/ankit/Documents/sharkship-others/convoy_prod/.venv/lib/python3.14/site-packages/sqlalchemy/util/_concurrency_py3k.py", line 132, in await_only
    return current.parent.switch(awaitable)  # type: ignore[no-any-return,attr-defined] # noqa: E501
           ~~~~~~~~~~~~~~~~~~~~~^^^^^^^^^^^
  File "/Users/ankit/Documents/sharkship-others/convoy_prod/.venv/lib/python3.14/site-packages/sqlalchemy/util/_concurrency_py3k.py", line 196, in greenlet_spawn
    value = await result
            ^^^^^^^^^^^^
  File "/Users/ankit/Documents/sharkship-others/convoy_prod/.venv/lib/python3.14/site-packages/sqlalchemy/dialects/postgresql/asyncpg.py", line 520, in _prepare_and_execute
    await adapt_connection._start_transaction()
  File "/Users/ankit/Documents/sharkship-others/convoy_prod/.venv/lib/python3.14/site-packages/sqlalchemy/dialects/postgresql/asyncpg.py", line 850, in _start_transaction
    self._handle_exception(error)
    ~~~~~~~~~~~~~~~~~~~~~~^^^^^^^
  File "/Users/ankit/Documents/sharkship-others/convoy_prod/.venv/lib/python3.14/site-packages/sqlalchemy/dialects/postgresql/asyncpg.py", line 797, in _handle_exception
    raise translated_error from error
sqlalchemy.exc.DBAPIError: (sqlalchemy.dialects.postgresql.asyncpg.Error) <class 'asyncpg.exceptions.ConnectionDoesNotExistError'>: connection was closed in the middle of operation
[SQL: UPDATE truck_routes SET status=$1::VARCHAR WHERE truck_routes.status IN ($3::VARCHAR, $4::VARCHAR) AND truck_routes.expires_at <= $2::TIMESTAMP WITHOUT TIME ZONE]
[parameters: ('expired', datetime.datetime(2026, 7, 15, 6, 29, 31, 990027), 'available', 'active')]
(Background on this error at: https://sqlalche.me/e/20/dbapi)
